Date,DBMF,GLD,IEF,QQQ,SPY
2024-01-22,23.53264617919922,187.22000122070312,87.08546447753906,416.5978088378906,470.5019836425781
2024-01-23,23.53264617919922,187.9499969482422,86.86598205566406,418.3265380859375,471.8741760253906
2024-01-24,23.452661514282227,186.39999389648438,86.61908721923828,420.64788818359375,472.3899841308594
2024-01-25,23.470434188842773,187.13999938964844,86.99398803710938,421.16162109375,474.9593200683594
2024-01-26,23.594852447509766,187.00999450683594,86.83854675292969,418.6524658203125,474.35589599609375
2024-01-29,23.62151336669922,188.3300018310547,87.35980224609375,422.939697265625,478.11248779296875
2024-01-30,23.630401611328125,188.58999633789062,87.47867584228516,420.1243896484375,477.74273681640625
2024-01-31,23.452661514282227,188.4499969482422,88.21027374267578,411.8957214355469,469.94720458984375
2024-02-01,23.674835205078125,190.41000366210938,88.75662231445312,416.7460021972656,476.09796142578125
2024-02-02,23.817026138305664,188.61000061035156,87.60155487060547,423.78924560546875,481.1100158691406
2024-02-05,23.710386276245117,187.57000732421875,86.74901580810547,423.236083984375,479.3582763671875
2024-02-06,23.719270706176758,188.5500030517578,87.216552734375,422.386474609375,480.7499084472656
2024-02-07,23.737045288085938,188.5,87.06067657470703,426.73297119140625,484.7596130371094
2024-02-08,23.825916290283203,188.3300018310547,86.77651977539062,427.5232849121094,484.9737243652344
2024-02-09,23.89700698852539,187.60000610351562,86.62066650390625,431.7314147949219,487.7765808105469
2024-02-12,23.85257339477539,187.11000061035156,86.70317840576172,430.0422058105469,487.5624694824219
2024-02-13,23.719270706176758,184.52999877929688,85.74979400634766,423.3348083496094,480.84722900390625
2024-02-14,23.85257339477539,184.4199981689453,86.07066345214844,427.947998046875,485.217041015625
2024-02-15,24.003652572631836,185.66000366210938,86.30899047851562,429.2223205566406,488.56488037109375
2024-02-16,23.95033073425293,186.33999633789062,85.93313598632812,425.33026123046875,486.1318359375
2024-02-20,23.77259063720703,187.47000122070312,86.07981872558594,422.1198425292969,483.45550537109375
2024-02-21,23.90589714050293,187.47999572753906,85.80480194091797,420.4305725097656,483.8934631347656
2024-02-22,24.1369571685791,187.55999755859375,85.81394958496094,432.739013671875,493.9078369140625
2024-02-23,24.19916534423828,188.6199951171875,86.20814514160156,431.4646301269531,494.2484436035156
2024-02-26,24.1813907623291,188.1999969482422,86.07981872558594,431.2374572753906,492.438232421875
2024-02-27,24.26137351989746,188.0,85.8873062133789,432.2746887207031,493.35308837890625
2024-02-28,24.208053588867188,188.33999633789062,86.1989974975586,429.9730529785156,492.7010803222656
2024-02-29,24.305809020996094,189.30999755859375,86.37313842773438,433.65765380859375,494.47235107421875
2024-03-01,24.501319885253906,192.88999938964844,86.7674560546875,440.1872253417969,499.11456298828125
2024-03-04,24.554643630981445,196.00999450683594,86.57445526123047,438.6165771484375,498.5792541503906
2024-03-05,24.332469940185547,197.19000244140625,87.1075439453125,430.74359130859375,493.59637451171875
2024-03-06,24.430225372314453,198.80999755859375,87.31896209716797,433.4501953125,496.0975646972656
2024-03-07,24.510210037231445,199.94000244140625,87.46605682373047,440.02923583984375,501.0220642089844
2024-03-08,24.216941833496094,201.6300048828125,87.53036499023438,433.67742919921875,498.0147705078125
2024-03-11,24.101409912109375,202.0,87.42007446289062,432.0672912597656,497.58660888671875
2024-03-12,24.1813907623291,199.7899932861328,87.0616226196289,438.2609558105469,502.9393310546875
2024-03-13,24.48354721069336,201.19000244140625,86.86856842041016,434.8924255371094,502.1510009765625
2024-03-14,24.572418212890625,200.35000610351562,86.22516632080078,433.7959899902344,501.1583557128906
2024-03-15,24.687950134277344,199.7100067138672,86.078125,428.6394958496094,497.7170715332031
2024-03-18,24.83902931213379,200.02999877929688,85.97700500488281,432.72760009765625,500.67510986328125
2024-03-19,25.03453826904297,199.8000030517578,86.22516632080078,433.8057861328125,503.4574279785156
2024-03-20,25.22116470336914,202.17999267578125,86.4273910522461,438.9492492675781,508.11407470703125
2024-03-21,25.372243881225586,201.97000122070312,86.43658447265625,441.0264587402344,509.79315185546875
2024-03-22,25.274486541748047,200.35000610351562,86.859375,441.53094482421875,508.8267517089844
2024-03-25,25.301149368286133,200.99000549316406,86.62960815429688,439.9284973144531,507.42095947265625
2024-03-26,25.235912322998047,201.63999938964844,86.7582778930664,438.504150390625,506.48370361328125
2024-03-27,25.27165985107422,203.10000610351562,87.08918762207031,439.9977111816406,510.7402038574219
2024-03-28,25.629106521606445,205.72000122070312,87.00645446777344,439.18670654296875,510.6425476074219
2024-04-01,25.888256072998047,207.82000732421875,86.21918487548828,440.1164245605469,509.75408935546875
2024-04-02,25.79889488220215,210.88999938964844,86.03483581542969,436.31817626953125,506.5130920410156
2024-04-03,25.8167667388916,212.74000549316406,86.1362533569336,437.29742431640625,507.0694274902344
2024-04-04,25.512935638427734,211.52000427246094,86.43120574951172,430.61083984375,500.8800964355469
2024-04-05,25.879322052001953,215.13999938964844,85.85968780517578,435.68511962890625,506.11273193359375
2024-04-08,26.022302627563477,216.47999572753906,85.66610717773438,435.8136901855469,506.3958740234375
2024-04-09,25.87038803100586,217.6699981689453,86.00719451904297,437.426025390625,506.98162841796875
2024-04-10,26.36187744140625,215.61000061035156,84.86409759521484,433.60791015625,501.9051208496094
2024-04-11,26.522729873657227,219.8000030517578,84.74425506591797,440.5318603515625,505.69293212890625
2024-04-12,26.156343460083008,216.88999938964844,85.09455108642578,433.509033203125,498.7128601074219
2024-04-15,26.486984252929688,220.9499969482422,84.55069732666016,426.3773498535156,492.4649353027344
2024-04-16,26.42443084716797,221.22000122070312,84.2188491821289,426.41693115234375,491.5667724609375
2024-04-17,26.022302627563477,219.58999633789062,84.75348663330078,421.2140197753906,488.65753173828125
2024-04-18,26.111663818359375,220.33999633789062,84.4585189819336,418.8104553222656,487.65203857421875
2024-04-19,26.147409439086914,221.02999877929688,84.56912994384766,410.1456298828125,483.3955993652344
2024-04-22,26.12059783935547,215.57000732421875,84.57836151123047,414.27032470703125,487.8472595214844
2024-04-23,26.326133728027344,215.0399932861328,84.68894958496094,420.452392578125,493.63641357421875
2024-04-24,26.344005584716797,214.63999938964844,84.43084716796875,421.8768005371094,493.402099609375
2024-04-25,26.352943420410156,215.9199981689453,84.10820007324219,419.83917236328125,491.5277099609375
2024-04-26,26.99635124206543,216.6199951171875,84.33863830566406,426.3179626464844,496.18438720703125
2024-04-29,26.621028900146484,216.17999267578125,84.67975616455078,428.04901123046875,497.9416198730469
2024-04-30,26.746137619018555,211.8699951171875,84.2833480834961,419.97760009765625,490.0535888671875
2024-05-01,26.495922088623047,213.7899932861328,84.61711120605469,416.94097900390625,488.4623107910156
2024-05-02,25.977619171142578,213.1300048828125,85.01467895507812,422.26251220703125,493.0310974121094
2024-05-03,25.89719581604004,212.9600067138672,85.48622131347656,430.74932861328125,499.1424255371094
2024-05-06,26.058046340942383,215.1999969482422,85.56018829345703,435.467529296875,504.2969665527344
2024-05-07,26.209964752197266,214.2100067138672,85.7820816040039,435.5367431640625,504.8534240722656
2024-05-08,26.317197799682617,213.5800018310547,85.54169464111328,435.27960205078125,504.9021301269531
2024-05-09,26.45124053955078,216.9499969482422,85.80058288574219,436.2291259765625,507.8113708496094
2024-05-10,26.433366775512695,218.7100067138672,85.52320098876953,437.25787353515625,508.46551513671875
2024-05-13,26.540603637695312,216.25999450683594,85.62491607666016,438.2667541503906,508.5338439941406
2024-05-14,26.47804832458496,218.08999633789062,85.8745346069336,441.0857849121094,510.8669738769531
2024-05-15,26.23676872253418,220.88999938964844,86.52174377441406,447.9801025390625,517.193115234375
2024-05-16,26.30826187133789,220.02999877929688,86.35533142089844,447.0700988769531,516.1289672851562
2024-05-17,26.54953956604004,223.66000366210938,86.0871810913086,446.85247802734375,516.870849609375
2024-05-20,26.71932601928711,224.55999755859375,85.957763671875,449.96826171875,517.4664306640625
2024-05-21,26.665712356567383,224.22999572753906,86.17964172363281,450.84857177734375,518.7355346679688
2024-05-22,26.531667709350586,220.11000061035156,86.06869506835938,450.7595520019531,517.2418823242188
2024-05-23,26.469114303588867,215.72000122070312,85.76361083984375,448.7318420410156,513.4638671875
2024-05-24,26.522729873657227,215.9199981689453,85.8745346069336,452.97528076171875,516.8612060546875
2024-05-28,26.808687210083008,218.19000244140625,85.3937759399414,454.68646240234375,517.222412109375
2024-05-29,26.7282657623291,216.16000366210938,84.97770690917969,451.4816589355469,513.6005859375
2024-05-30,26.531667709350586,216.57000732421875,85.40302276611328,446.644775390625,510.1934509277344
2024-05-31,26.486984252929688,215.3000030517578,85.80058288574219,445.8138732910156,514.8402709960938
2024-06-03,26.245708465576172,217.22000122070312,86.36253356933594,448.2076110839844,515.2600708007812
2024-06-04,25.8167667388916,215.27000427246094,86.8354721069336,449.43414306640625,515.8360595703125
2024-06-05,26.102724075317383,217.82000732421875,87.1507797241211,458.49462890625,521.9668579101562
2024-06-06,26.165283203125,219.42999267578125,87.11369323730469,458.3363342285156,521.9571533203125
2024-06-07,26.37975311279297,211.60000610351562,86.19563293457031,457.9307861328125,521.3226318359375
2024-06-10,26.612092971801758,213.5399932861328,86.01014709472656,459.7804260253906,522.9332885742188
2024-06-11,26.540603637695312,214.14999389648438,86.46456146240234,462.93585205078125,524.1927490234375
2024-06-12,26.45124053955078,214.72000122070312,86.94676971435547,468.999267578125,528.498046875
2024-06-13,26.272512435913086,212.97000122070312,87.5217056274414,471.5413513183594,529.5621337890625
2024-06-14,26.272512435913086,215.72999572753906,87.72572326660156,473.9845275878906,529.8842163085938
2024-06-17,26.522729873657227,214.61000061035156,87.31771087646484,479.79071044921875,534.1015625
2024-06-18,26.522729873657227,215.47000122070312,87.6978988647461,479.9390869140625,535.45849609375
2024-06-20,26.853370666503906,218.16000366210938,87.47535705566406,476.23974609375,534.0039672851562
2024-06-21,26.7729434967041,214.77999877929688,87.493896484375,474.9637145996094,533.2880859375
2024-06-24,26.88018226623535,215.6300048828125,87.56806945800781,469.55645751953125,531.5545043945312
2024-06-25,26.817626953125,214.55999755859375,87.64227294921875,474.9261474609375,533.6015625
2024-06-26,26.969541549682617,212.5800018310547,87.11369323730469,475.90692138671875,534.2674560546875
2024-06-27,27.000181198120117,214.99000549316406,87.30842590332031,477.1353454589844,535.1096801757812
2024-06-28,27.090303421020508,215.00999450683594,86.84476470947266,474.6585998535156,533.0040283203125
2024-07-01,27.531896591186523,215.57000732421875,86.19830322265625,477.4425048828125,534.1009521484375
2024-07-02,27.441776275634766,215.55999755859375,86.52384185791016,482.45550537109375,537.6952514648438
2024-07-03,27.450786590576172,217.99000549316406,87.10054016113281,486.477783203125,540.0949096679688
2024-07-05,27.41473960876465,220.92999267578125,87.584228515625,491.55023193359375,543.2092895507812
2024-07-08,27.279560089111328,218.19000244140625,87.61214447021484,492.71923828125,543.8360595703125
2024-07-09,27.396713256835938,218.55999755859375,87.49120330810547,493.1452331542969,544.3649291992188
2024-07-10,27.558929443359375,219.36000061035156,87.57493591308594,498.2869873046875,549.7516479492188
2024-07-11,27.180423736572266,223.25,88.1330337524414,487.3594970703125,545.0112915039062
2024-07-12,27.126352310180664,223.11000061035156,88.31908416748047,490.22265625,548.448974609375
2024-07-15,27.144376754760742,223.8300018310547,88.04002380371094,491.5402526855469,549.9573364257812
2024-07-16,27.306591033935547,228.2899932861328,88.4306869506836,491.7284851074219,553.2185668945312
2024-07-17,26.82895278930664,227.22999572753906,88.50509643554688,477.2938537597656,545.4618530273438
2024-07-18,26.84697723388672,225.77999877929688,88.25395202636719,475.0350646972656,541.2699584960938
2024-07-19,26.738832473754883,221.72999572753906,87.97491455078125,470.82452392578125,537.6756591796875
2024-07-22,26.892038345336914,221.8000030517578,87.89119720458984,477.83880615234375,543.2190551757812
2024-07-23,26.666736602783203,222.5800018310547,87.95630645751953,476.154541015625,542.3670043945312
2024-07-24,26.342300415039062,221.8000030517578,87.76097106933594,459.07476806640625,530.0755615234375
2024-07-25,26.180082321166992,218.3300018310547,87.95630645751953,454.01220703125,527.3136596679688
2024-07-26,26.252178192138672,220.6300048828125,88.37489318847656,458.6686096191406,533.219482421875
2024-07-29,26.17107391357422,220.32000732421875,88.52371215820312,459.5899353027344,533.5328979492188
2024-07-30,26.06292724609375,222.52000427246094,88.70972442626953,453.27911376953125,530.8296508789062
2024-07-31,26.080949783325195,226.5500030517578,89.36085510253906,466.69329833984375,539.4581909179688
2024-08-01,25.612321853637695,225.77000427246094,89.7424545288086,455.38934326171875,531.8189697265625
2024-08-02,24.765188217163086,225.33999633789062,91.132568359375,444.5806884765625,521.9172973632812
2024-08-05,24.170392990112305,222.47999572753906,91.22586822509766,431.3249816894531,506.7171325683594
2024-08-06,24.233474731445312,220.6999969482422,90.41417694091797,435.4463806152344,511.3889465332031
2024-08-07,24.296560287475586,220.5500030517578,90.08763122558594,430.73052978515625,507.9708251953125
2024-08-08,24.602970123291016,224.00999450683594,89.81708526611328,443.90704345703125,519.7136840820312
2024-08-09,24.62099266052246,224.55999755859375,90.18093872070312,446.2252197265625,522.0054321289062
2024-08-12,24.756175994873047,228.41000366210938,90.43285369873047,447.186279296875,522.2797241210938
2024-08-13,24.873332977294922,228.05999755859375,90.83401489257812,458.28216552734375,530.8688354492188
2024-08-14,24.891357421875,226.1999969482422,90.95529174804688,458.43084716796875,532.543701171875
2024-08-15,25.152708053588867,226.91000366210938,90.38618469238281,470.0121765136719,541.671630859375
2024-08-16,25.242828369140625,231.99000549316406,90.5634536743164,470.6164855957031,542.8860473632812
2024-08-19,25.323936462402344,231.61000061035156,90.68474578857422,476.79852294921875,548.0767822265625
2024-08-20,25.188756942749023,232.4600067138672,91.04859161376953,475.7979736328125,547.1856689453125
2024-08-21,25.170730590820312,232.14999389648438,91.23519897460938,478.0171203613281,549.0660400390625
2024-08-22,25.19776725769043,229.3699951171875,90.81533813476562,470.438232421875,544.7567138671875
2024-08-23,25.161720275878906,232.02000427246094,91.23519897460938,475.54034423828125,550.5448608398438
2024-08-26,25.188756942749023,232.75999450683594,91.12322998046875,470.923583984375,549.2324829101562
2024-08-27,25.134681701660156,233.38999938964844,91.08590698242188,472.3304748535156,549.9866943359375
2024-08-28,25.125669479370117,231.75,91.03927612304688,466.9706726074219,546.7938232421875
2024-08-29,25.20677947998047,232.9499969482422,90.88064575195312,466.287109375,546.8427124023438
2024-08-30,25.27887535095215,231.2899932861328,90.5634536743164,471.844970703125,552.06298828125
2024-09-03,25.098636627197266,230.2899932861328,91.16044616699219,457.5193786621094,540.7020263671875
2024-09-04,25.044565200805664,230.42999267578125,91.69384002685547,456.3304748535156,539.5953369140625
2024-09-05,25.07159996032715,232.35000610351562,91.90906524658203,456.75653076171875,538.2828979492188
2024-09-06,24.864320755004883,230.6300048828125,92.04008483886719,444.521240234375,529.2235107421875
2024-09-09,24.97246551513672,231.60000610351562,92.17106628417969,450.23760986328125,535.1488647460938
2024-09-10,25.062583923339844,232.6199951171875,92.5640869140625,454.39862060546875,537.4797973632812
2024-09-11,25.089622497558594,232.25,92.49856567382812,464.26605224609375,542.9937744140625
2024-09-12,25.152708053588867,236.3300018310547,92.34886169433594,468.8233642578125,547.5675048828125
2024-09-13,25.224802017211914,238.67999267578125,92.52665710449219,470.923583984375,550.4273681640625
2024-09-16,25.305912017822266,238.66000366210938,92.76994323730469,468.8431396484375,551.240234375
2024-09-17,25.260852813720703,237.33999633789062,92.60151672363281,469.0908508300781,551.4655151367188
2024-09-18,25.143695831298828,235.50999450683594,92.19915008544922,467.0599060058594,549.830078125
2024-09-19,25.396034240722656,239.1699981689453,92.12427520751953,478.8691101074219,559.2125244140625
2024-09-20,25.486156463623047,242.2100067138672,92.09619903564453,477.9576416015625,558.245849609375
2024-09-23,25.486156463623047,242.67999267578125,92.04008483886719,479.224609375,559.6408081054688
2024-09-24,25.630346298217773,246.07000732421875,92.14299011230469,481.5361633300781,561.2420654296875
2024-09-25,25.59429931640625,245.72999572753906,91.7686996459961,481.982666015625,560.0043334960938
2024-09-26,25.711458206176758,246.97999572753906,91.70318603515625,485.60382080078125,562.2244873046875
2024-09-27,25.61235237121582,245.02000427246094,92.06814575195312,482.9052734375,561.4090576171875
2024-09-30,25.57598304748535,243.05999755859375,91.81547546386719,484.21484375,563.6588745117188
2024-10-01,25.603260040283203,245.61000061035156,92.14958190917969,477.4685363769531,558.6092529296875
2024-10-02,25.630537033081055,245.66000366210938,91.8868179321289,478.1432189941406,558.8451538085938
2024-10-03,25.348682403564453,245.49000549316406,91.41755676269531,477.7860107421875,557.8233642578125
2024-10-04,25.257762908935547,245.0,90.53538513183594,483.4707946777344,562.8925170898438
2024-10-07,25.06682777404785,244.1699981689453,90.20692443847656,478.2919921875,557.8037109375
2024-10-08,25.057735443115234,242.3699951171875,90.28201293945312,485.43511962890625,563.0792236328125
2024-10-09,25.057735443115234,241.0500030517578,89.94414520263672,489.2547302246094,566.9793701171875
2024-10-10,24.98499870300293,242.82000732421875,89.93477630615234,488.69915771484375,565.9871215820312
2024-10-11,25.112289428710938,245.47000122070312,89.96292114257812,489.4630432128906,569.3763427734375
2024-10-14,25.121379852294922,245.07000732421875,89.80339050292969,493.5703430175781,574.032958984375
2024-10-15,25.048643112182617,245.9199981689453,90.26325225830078,486.9729309082031,569.5728759765625
2024-10-16,25.130474090576172,247.14999389648438,90.40399932861328,487.0324401855469,572.0485229492188
2024-10-17,25.0213680267334,248.6300048828125,89.93477630615234,487.3697204589844,572.0975952148438
2024-10-18,25.139564514160156,251.27000427246094,90.03799438476562,490.5643310546875,574.2982177734375
2024-10-21,24.93954086303711,251.22000122070312,89.343505859375,491.5068054199219,573.3550415039062
2024-10-22,24.930448532104492,253.92999267578125,89.25904846191406,492.0425109863281,573.0504760742188
2024-10-23,24.694053649902344,250.8699951171875,89.0525894165039,484.5025634765625,567.8143310546875
2024-10-24,24.784976959228516,252.8000030517578,89.24966430664062,488.4312744140625,569.0422973632812
2024-10-25,24.739513397216797,253.32000732421875,89.0525894165039,491.4075927734375,568.8458251953125
2024-10-28,24.830432891845703,253.3300018310547,88.84612274169922,491.4869689941406,570.6043090820312
2024-10-29,24.903173446655273,256.0899963378906,88.88365173339844,496.2093811035156,571.5277709960938
2024-10-30,24.721328735351562,257.5,88.75228118896484,492.4592590332031,569.7987670898438
2024-10-31,24.48493766784668,253.50999450683594,88.7053451538086,480.0281677246094,558.62890625
2024-11-01,24.521303176879883,252.47000122070312,88.1800537109375,483.57989501953125,560.98681640625
2024-11-04,24.43038558959961,252.8300018310547,88.65074920654297,482.171142578125,559.7783203125
2024-11-05,24.50312042236328,253.39999389648438,88.69780731201172,488.3221130371094,566.547119140625
2024-11-06,24.584951400756836,245.6999969482422,87.78467559814453,501.5865478515625,580.6346435546875
2024-11-07,24.821340560913086,249.64999389648438,88.49072265625,509.48358154296875,585.1241455078125
2024-11-08,24.748605728149414,247.9600067138672,88.67899322509766,510.0790100097656,587.6588134765625
2024-11-11,24.675867080688477,242.13999938964844,88.43424224853516,509.78131103515625,588.2186889648438
2024-11-12,24.639501571655273,240.0500030517578,87.87879180908203,508.8586120605469,586.3914184570312
2024-11-13,24.64859390258789,237.6300048828125,87.82231903076172,508.203857421875,586.67626953125
2024-11-14,24.521303176879883,237.00999450683594,87.81291198730469,504.6720275878906,582.9039916992188
2024-11-15,24.50312042236328,236.58999633789062,87.8505859375,492.647705078125,575.437744140625
2024-11-18,24.5122127532959,241.08999633789062,88.04826354980469,496.0704345703125,577.7955322265625
2024-11-19,24.50312042236328,243.25,88.23653411865234,499.4832763671875,579.9076538085938
2024-11-20,24.603132247924805,244.6199951171875,88.10475158691406,499.1955871582031,580.1041259765625
2024-11-21,24.666776657104492,246.66000366210938,88.05768585205078,500.99127197265625,583.21826171875
2024-11-22,24.775882720947266,249.83999633789062,88.1141586303711,501.7948913574219,585.02587890625
2024-11-25,24.666776657104492,242.47999572753906,89.06497192382812,502.58856201171875,587.0103759765625
2024-11-26,24.748605728149414,242.9499969482422,88.87667846679688,505.287109375,590.0753784179688
2024-11-27,24.594039916992188,243.49000549316406,89.2343978881836,501.3087463378906,588.2874755859375
2024-11-29,24.739513397216797,245.58999633789062,89.61097717285156,505.71368408203125,591.9420166015625
2024-12-02,24.83952522277832,243.44000244140625,89.6034164428711,511.2198486328125,593.0029296875
2024-12-03,24.821340560913086,243.92999267578125,89.34846496582031,512.787353515625,593.2780151367188
2024-12-04,24.903173446655273,244.6699981689453,89.68839263916016,519.1268920898438,596.9619140625
2024-12-05,24.739513397216797,242.86000061035156,89.67894744873047,517.6882934570312,595.9795532226562
2024-12-06,24.866802215576172,242.9499969482422,89.96224975585938,522.3214721679688,597.1094360351562
2024-12-09,24.875896453857422,245.36000061035156,89.65064239501953,518.2538452148438,594.0344848632812
2024-12-10,24.857711791992188,248.58999633789062,89.4900894165039,516.4878540039062,592.1875
2024-12-11,25.00318145751953,250.9600067138672,89.22569274902344,525.7342529296875,596.7655639648438
2024-12-12,24.89407730102539,247.27999877929688,88.8857421875,522.34130859375,593.6906127929688
2024-12-13,24.684961318969727,244.2899932861328,88.47028350830078,526.3394775390625,593.57275390625
2024-12-16,24.675867080688477,244.8800048828125,88.49860382080078,533.9191284179688,596.1072998046875
2024-12-17,24.684961318969727,243.94000244140625,88.49860382080078,531.5678100585938,593.6513061523438
2024-12-18,24.466751098632812,239.25999450683594,87.81458282470703,512.3905029296875,575.9583740234375
2024-12-19,24.403106689453125,239.60000610351562,87.41664123535156,510.1086730957031,575.7815551757812
2024-12-20,24.421293258666992,242.10000610351562,87.7387924194336,514.563232421875,582.6973266601562
2024-12-23,24.48493766784668,240.9600067138672,87.350341796875,519.5765380859375,586.1866455078125
2024-12-24,24.575857162475586,241.44000244140625,87.39771270751953,526.6217651367188,592.7020874023438
2024-12-26,24.5122127532959,243.07000732421875,87.46406555175781,526.2640380859375,592.7415161132812
2024-12-27,24.484994888305664,241.39999389648438,87.23666381835938,519.268310546875,586.5020751953125
2024-12-30,24.4099178314209,240.6300048828125,87.7482681274414,512.3621826171875,579.80908203125
2024-12-31,24.550691604614258,242.1300048828125,87.58719635009766,508.0097961425781,577.6997680664062
2025-01-02,24.72900390625,245.4199981689453,87.63455963134766,507.0160827636719,576.2802734375
2025-01-03,24.71961784362793,243.49000549316406,87.4924545288086,515.3134765625,583.4857788085938
2025-01-06,24.635154724121094,243.19000244140625,87.40718841552734,521.2359008789062,586.8470458984375
2025-01-07,24.71023178100586,244.55999755859375,87.0093002319336,511.934814453125,580.2133178710938
2025-01-08,24.860387802124023,245.86000061035156,87.16088104248047,512.0242919921875,581.0609741210938
2025-01-10,25.123167037963867,248.2100067138672,86.52610778808594,503.99517822265625,572.1896362304688
2025-01-13,25.1982421875,245.74000549316406,86.37452697753906,502.37548828125,573.0768432617188
2025-01-14,25.001161575317383,247.02999877929688,86.4029541015625,501.8985290527344,573.8652954101562
2025-01-15,25.029315948486328,248.8800048828125,87.31245422363281,513.4452514648438,584.3038940429688
2025-01-16,25.001161575317383,250.60000610351562,87.52088928222656,509.84814453125,583.1802368164062
2025-01-17,25.08562469482422,249.27000427246094,87.58719635009766,518.4535522460938,589.035400390625
2025-01-21,24.822851181030273,253.1300048828125,87.88088989257812,521.4942626953125,594.427001953125
2025-01-22,24.879159927368164,254.42999267578125,87.65351104736328,528.1619873046875,597.7686767578125
2025-01-23,24.944852828979492,254.07000732421875,87.42613983154297,529.2849731445312,601.03125
2025-01-24,24.757156372070312,255.64999389648438,87.60614776611328,526.2938842773438,599.2766723632812
2025-01-27,24.58823013305664,252.99000549316406,88.1745834350586,510.9709777832031,590.7997436523438
2025-01-28,24.76654052734375,255.17999267578125,88.1840591430664,518.523193359375,595.8760986328125
2025-01-29,24.747774124145508,254.1999969482422,88.07984924316406,517.5493774414062,593.204833984375
2025-01-30,24.813465118408203,258.04998779296875,88.26932525634766,519.7552490234375,596.3885498046875
2025-01-31,24.84161949157715,258.55999755859375,88.12722778320312,519.0000610351562,593.2146606445312
2025-02-03,24.8885440826416,259.94000244140625,88.18993377685547,514.8464965820312,589.2225952148438
2025-02-04,24.775924682617188,262.5,88.4085464477539,521.1663208007812,593.17529296875
2025-02-05,24.71023178100586,264.1300048828125,88.92176055908203,523.5313720703125,595.5803833007812
2025-02-06,24.747774124145508,263.42999267578125,88.81721496582031,526.2640380859375,597.6503295898438
2025-02-07,24.84161949157715,263.8999938964844,88.52259063720703,519.626220703125,592.1797485351562
2025-02-10,25.06685447692871,268.3699951171875,88.50359344482422,525.916259765625,596.2013549804688
2025-02-11,25.07624053955078,267.3900146484375,88.2754898071289,524.6641845703125,596.65478515625
2025-02-12,25.132551193237305,267.6700134277344,87.6672134399414,524.9722900390625,594.7327270507812
2025-02-13,25.057472229003906,270.30999755859375,88.32301330566406,532.5243530273438,601.0115356445312
2025-02-14,24.804080963134766,266.2900085449219,88.69367218017578,534.7601928710938,600.9819946289062
2025-02-18,25.179473876953125,270.70001220703125,88.21844482421875,535.9724731445312,602.7463989257812
2025-02-19,25.057472229003906,270.8500061035156,88.36103057861328,536.12158203125,604.1658935546875
2025-02-20,24.916698455810547,270.989990234375,88.54161834716797,533.845947265625,601.65234375
2025-02-21,24.65392303466797,270.739990234375,89.06434631347656,522.7662353515625,591.3616333007812
2025-02-24,24.606998443603516,272.2099914550781,89.25442504882812,516.5953369140625,588.6705932617188
2025-02-25,24.35361099243164,268.6199951171875,89.95774841308594,510.08660888671875,585.7430419921875
2025-02-26,24.362995147705078,269.0299987792969,90.20484924316406,511.31878662109375,586.0387573242188
2025-02-27,24.3348388671875,264.92999267578125,90.10029602050781,497.1188049316406,576.6844482421875
2025-02-28,24.269147872924805,263.2699890136719,90.59452056884766,504.96905517578125,585.6839599609375
2025-03-03,24.10960578918457,266.739990234375,90.92337799072266,493.9190673828125,575.4227905273438
2025-03-04,23.921907424926758,269.05999755859375,90.63741302490234,492.42852783203125,568.611572265625
2025-03-05,23.893753051757812,269.6199951171875,90.13225555419922,498.84783935546875,574.722900390625
2025-03-06,23.771751403808594,268.25,90.08457946777344,485.1248474121094,564.5209350585938
2025-03-07,23.80929183959961,268.3900146484375,89.97020721435547,488.6922302246094,567.6849975585938
2025-03-10,23.35881996154785,266.0400085449219,90.59928894042969,469.7523193359375,552.5643920898438
2025-03-11,23.34943199157715,269.1600036621094,90.27521514892578,468.62939453125,547.970947265625
2025-03-12,23.5465145111084,270.3299865722656,90.0083236694336,473.9159240722656,550.8787841796875
2025-03-13,23.565284729003906,275.1300048828125,90.37053680419922,465.3899230957031,543.5352783203125
2025-03-14,23.7905216217041,275.239990234375,90.05599212646484,476.63861083984375,554.7625122070312
2025-03-17,23.884370803833008,276.7300109863281,90.13225555419922,479.72900390625,559.0404052734375
2025-03-18,23.950061798095703,279.9599914550781,90.23706817626953,471.5509033203125,552.998046875
2025-03-19,23.959449768066406,281.1099853515625,90.51351928710938,477.86090087890625,559.0206298828125
2025-03-20,23.893753051757812,280.75,90.64693450927734,476.24114990234375,557.4041748046875
2025-03-21,23.884370803833008,278.489990234375,90.57069396972656,477.8111877441406,557.5880737304688
2025-03-24,23.912521362304688,277.25,90.04644775390625,488.29644775390625,567.5736083984375
2025-03-25,23.950061798095703,278.4700012207031,90.19896697998047,491.08294677734375,568.9379272460938
2025-03-26,23.959449768066406,278.239990234375,89.98925018310547,482.04669189453125,562.1458740234375
2025-03-27,24.03411102294922,281.9700012207031,89.91301727294922,479.29998779296875,560.6529541015625
2025-03-28,23.939599990844727,284.05999755859375,90.63741302490234,466.6810607910156,549.3623046875
2025-03-31,23.873443603515625,288.1400146484375,90.90430450439453,466.6611633300781,553.0501098632812
2025-04-01,23.920696258544922,287.57000732421875,91.22368621826172,470.4229736328125,554.6121826171875
2025-04-02,23.85453987121582,288.1600036621094,91.13761901855469,473.8563232421875,558.1219482421875
2025-04-03,23.627714157104492,286.4200134277344,92.07472229003906,448.4891052246094,530.6171875
2025-04-04,23.34418296813965,279.7200012207031,92.33289337158203,420.63397216796875,499.5533752441406
2025-04-07,23.296926498413086,273.7099914550781,91.2332534790039,421.6490478515625,498.66357421875
2025-04-08,23.25912094116211,275.20001220703125,90.77425384521484,414.0557861328125,490.85308837890625
2025-04-09,23.722227096557617,285.3800048828125,90.48738861083984,463.7552185058594,542.402099609375
2025-04-10,23.589908599853516,292.3500061035156,89.92323303222656,444.03070068359375,518.6346435546875
2025-04-11,23.674968719482422,297.92999267578125,89.41641998291016,452.2110900878906,527.8884887695312
2025-04-14,23.571008682250977,296.2300109863281,90.13359069824219,455.2762756347656,533.009765625
2025-04-15,23.684419631958008,297.7799987792969,90.40133666992188,455.7838134765625,531.5169067382812
2025-04-16,23.769479751586914,307.4700012207031,90.79339599609375,442.04034423828125,519.702392578125
2025-04-17,23.750579833984375,306.1199951171875,90.53520202636719,441.9607238769531,520.44384765625
2025-04-21,23.73167610168457,315.5899963378906,90.04752349853516,431.02362060546875,508.0558776855469
2025-04-22,23.892343521118164,311.1099853515625,90.11446380615234,442.3388671875,521.2743530273438
2025-04-23,23.863990783691406,303.6499938964844,90.21009063720703,452.37030029296875,529.3516845703125
2025-04-24,23.939599990844727,308.07000732421875,90.69776916503906,465.0987548828125,540.4940185546875
2025-04-25,24.053014755249023,304.7300109863281,91.0420150756836,470.28363037109375,544.3992309570312
2025-04-28,23.930150985717773,309.07000732421875,91.40535736083984,470.1343688964844,544.6068725585938
2025-04-29,23.863990783691406,306.05999755859375,91.72093200683594,473.23931884765625,548.0375366210938
2025-04-30,23.873443603515625,303.7699890136719,91.8643569946289,473.1795959472656,548.2550659179688
2025-05-01,23.712772369384766,297.4599914550781,91.46430969238281,479.3596496582031,552.1405029296875
2025-05-02,23.684419631958008,297.9800109863281,90.8503189086914,486.4752502441406,560.3365478515625
2025-05-05,23.741125106811523,306.8800048828125,90.68722534179688,483.5892028808594,557.1234130859375
2025-05-06,23.986852645874023,315.4800109863281,90.91746520996094,479.09100341796875,552.4667358398438
2025-05-07,23.901796340942383,310.75,91.15731048583984,480.97186279296875,554.7901611328125
2025-05-08,23.816736221313477,304.6300048828125,90.44739532470703,485.9378356933594,558.6558227539062
2025-05-09,23.920696258544922,306.8399963378906,90.51453399658203,485.6194152832031,557.9440307617188
2025-05-12,23.797834396362305,298.19000244140625,89.93894958496094,505.4036560058594,576.382568359375
2025-05-13,23.816736221313477,299.4599914550781,89.87177276611328,513.1064453125,580.1890258789062
2025-05-14,23.750579833984375,293.1600036621094,89.53601837158203,516.1814575195312,580.9304809570312
2025-05-15,23.845088958740234,297.8399963378906,90.12120819091797,516.7487182617188,583.7680053710938
2025-05-16,23.807283401489258,294.239990234375,90.1500015258789,518.9978637695312,587.465576171875
2025-05-19,23.83563804626465,298.0299987792969,90.10203552246094,519.4954223632812,588.108154296875
2025-05-20,23.88289451599121,303.5799865722656,89.98690032958984,517.7637939453125,586.1307983398438
2025-05-21,23.85453987121582,305.82000732421875,89.36332702636719,510.5686340332031,576.2540893554688
2025-05-22,23.807283401489258,303.1099853515625,89.69910430908203,511.5240173339844,576.4815063476562
2025-05-23,23.939599990844727,309.75,89.95812225341797,506.78692626953125,572.5465087890625
2025-05-27,23.873443603515625,304.5,90.332275390625,518.7091674804688,584.4501953125
2025-05-28,23.83563804626465,303.80999755859375,90.08284759521484,516.4103393554688,581.0689086914062
2025-05-29,23.873443603515625,305.6099853515625,90.45700073242188,517.4253540039062,583.362548828125
2025-05-30,23.83563804626465,303.6000061035156,90.72560119628906,516.609375,582.7100830078125
2025-06-02,23.977405548095703,311.6700134277344,90.4176025390625,520.6896362304688,585.9924926757812
2025-06-03,23.911245346069336,308.9100036621094,90.33097839355469,524.7598876953125,589.3341064453125
2025-06-04,24.03411102294922,310.8999938964844,90.99510955810547,526.2228393554688,589.1759033203125
2025-06-05,23.986852645874023,309.3299865722656,90.72559356689453,522.261962890625,586.3285522460938
2025-06-06,23.920696258544922,305.17999267578125,90.00372314453125,527.3672485351562,592.3495483398438
2025-06-09,23.930150985717773,306.6199951171875,90.16734313964844,528.1435546875,592.8834228515625
2025-06-10,23.939599990844727,306.7099914550781,90.32135009765625,531.63671875,596.244873046875
2025-06-11,24.08136558532715,308.3699951171875,90.69673919677734,529.8453369140625,594.54443359375
2025-06-12,24.204233169555664,312.20001220703125,91.09135437011719,531.0892944335938,596.9072875976562
2025-06-13,24.27984046936035,316.2900085449219,90.75450134277344,524.4215087890625,590.23388671875
2025-06-16,24.22313117980957,311.7799987792969,90.49459838867188,531.7161865234375,595.8494262695312
2025-06-17,24.242034912109375,311.94000244140625,90.93736267089844,526.5314331054688,590.7578125
2025-06-18,24.242034912109375,310.260009765625,90.99510955810547,526.4417724609375,590.6688232421875
2025-06-20,24.260934829711914,310.1300048828125,91.0528564453125,524.292236328125,589.2816772460938
2025-06-23,24.242034912109375,311.0799865722656,91.3704833984375,529.6832275390625,595.1021728515625
2025-06-24,24.32709312438965,306.19000244140625,91.6881103515625,537.7831420898438,601.6764526367188
2025-06-25,24.34599494934082,307.1199951171875,91.72661590576172,539.157958984375,602.0135498046875
2025-06-26,24.468860626220703,306.7799987792969,92.05387115478516,544.19921875,606.7236938476562
2025-06-27,24.45078468322754,301.2200012207031,91.81324005126953,546.0623779296875,609.7380981445312
2025-06-30,24.479324340820312,304.8299865722656,92.17898559570312,549.5992431640625,612.6533203125
2025-07-01,24.49835205078125,307.54998779296875,92.0080795288086,544.9664306640625,612.455078125
2025-07-02,24.56494903564453,309.25,91.81497955322266,548.7623291015625,615.2315063476562
2025-07-03,24.51738166809082,307.1400146484375,91.49633026123047,554.1622924804688,620.0804443359375
2025-07-07,24.44127082824707,307.3699951171875,91.20665740966797,549.98779296875,615.4595336914062
2025-07-08,24.460296630859375,304.1600036621094,91.0715103149414,550.2966918945312,615.1224365234375
2025-07-09,24.50786781311035,305.5199890136719,91.54461669921875,554.192138671875,618.8110961914062
2025-07-10,24.469812393188477,306.20001220703125,91.49633026123047,553.3951416015625,620.5562744140625
2025-07-11,24.49835205078125,309.1400146484375,91.0715103149414,552.1497802734375,618.3748168945312
2025-07-14,24.460296630859375,308.010009765625,91.03288269042969,554.15234375,619.5548095703125
2025-07-15,24.35564422607422,306.7300109863281,90.67561340332031,554.660400390625,616.9072875976562
2025-07-16,24.460296630859375,308.260009765625,90.92665100097656,555.2283935546875,618.9697265625
2025-07-17,24.460296630859375,307.5899963378906,90.89768981933594,559.7216186523438,622.7576293945312
2025-07-18,24.52689552307129,308.3900146484375,91.14874267578125,559.1836547851562,622.301513671875
2025-07-21,24.622034072875977,313.1300048828125,91.46736907958984,562.0828857421875,623.4815063476562
2025-07-22,24.679119110107422,316.1000061035156,91.72806549072266,559.1737060546875,623.5707397460938
2025-07-23,24.736202239990234,312.17999267578125,91.39979553222656,561.7241821289062,628.875732421875
2025-07-24,24.68863296508789,310.2699890136719,91.26458740234375,562.9197387695312,629.083984375
2025-07-25,24.669605255126953,307.3999938964844,91.4770278930664,564.2747802734375,631.7413940429688
2025-07-28,24.56494903564453,305.4100036621094,91.27425384521484,566.0382080078125,631.5828247070312
2025-07-29,24.545923233032227,306.25,91.87290954589844,565.1614990234375,629.9169311523438
2025-07-30,24.384185791015625,300.9599914550781,91.55426788330078,565.9186401367188,629.1236572265625
2025-07-31,24.365158081054688,302.9599914550781,91.63153076171875,562.9197387695312,626.763671875
2025-08-01,24.193906784057617,309.1099853515625,92.68644714355469,551.8309326171875,616.4907836914062
2025-08-04,24.37467384338379,310.9100036621094,92.8123779296875,562.0131225585938,625.8612670898438
2025-08-05,24.365158081054688,311.1600036621094,92.74457550048828,558.1973266601562,622.688232421875
2025-08-06,24.393699645996094,310.5,92.6767578125,565.2213134765625,627.4578247070312
2025-08-07,24.49835205078125,313.1199951171875,92.60895538330078,567.1340942382812,626.9322509765625
2025-08-08,24.49835205078125,313.04998779296875,92.39582824707031,572.4244995117188,631.82080078125
2025-08-11,24.469812393188477,308.54998779296875,92.42489624023438,570.730712890625,630.5713500976562
2025-08-12,24.66008949279785,308.2699890136719,92.40550994873047,577.9041137695312,637.284423828125
2025-08-13,24.793283462524414,309.2099914550781,92.73489379882812,578.193115234375,639.4659423828125
2025-08-14,24.707658767700195,307.25,92.43457794189453,577.7446899414062,639.5254516601562
2025-08-15,24.66008949279785,307.42999267578125,92.25052642822266,575.2042236328125,638.0281372070312
2025-08-18,24.698144912719727,306.95001220703125,92.16333770751953,574.9750366210938,637.8893432617188
2025-08-19,24.56494903564453,305.2699890136719,92.39582824707031,567.1739501953125,634.4286499023438
2025-08-20,24.53641128540039,308.3599853515625,92.53144073486328,563.8064575195312,632.742919921875
2025-08-21,24.53641128540039,307.2900085449219,92.26020812988281,561.1962280273438,630.2044677734375
2025-08-22,24.888423919677734,310.5799865722656,92.77363586425781,569.85400390625,639.8823852539062
2025-08-25,24.774259567260742,309.8299865722656,92.5895767211914,568.210205078125,637.0662231445312
2025-08-26,24.745716094970703,312.0799865722656,92.83174896240234,570.4915771484375,639.733642578125
2025-08-27,24.736202239990234,312.7099914550781,93.0061264038086,571.368408203125,641.1912841796875
2025-08-28,24.821826934814453,315.0299987792969,93.21923065185547,574.9451293945312,643.4620361328125
2025-08-29,24.68863296508789,318.07000732421875,93.14173126220703,568.2898559570312,639.6245727539062
2025-09-02,24.755229949951172,325.5899963378906,92.86377716064453,563.5275268554688,634.884765625
2025-09-03,24.85036849975586,328.1400146484375,93.18451690673828,567.9610595703125,638.3255615234375
2025-09-04,25.002592086791992,326.69000244140625,93.60240173339844,573.1019287109375,643.660400390625
2025-09-05,25.08821678161621,331.04998779296875,94.05918884277344,573.9288940429688,641.7960815429688
2025-09-08,25.297523498535156,334.82000732421875,94.35077667236328,576.728515625,643.3728637695312
2025-09-09,25.326065063476562,334.05999755859375,94.12723541259766,578.3624267578125,644.8601684570312
2025-09-10,25.449745178222656,335.260009765625,94.37992858886719,578.5517578125,646.724365234375
2025-09-11,25.640026092529297,334.760009765625,94.52571868896484,581.9192504882812,652.0987548828125
2025-09-12,25.630512237548828,335.4200134277344,94.25358581542969,584.4896850585938,651.8805541992188
2025-09-15,25.83981704711914,338.9100036621094,94.40908813476562,589.4910888671875,655.3511962890625
2025-09-16,25.792247772216797,339.5899963378906,94.46739959716797,588.992919921875,654.4488525390625
2025-09-17,25.75419044494629,336.9700012207031,94.2633056640625,587.8173828125,653.6357421875
2025-09-18,25.830303192138672,335.6199951171875,93.9522933959961,593.11767578125,656.6898193359375
2025-09-19,25.83981704711914,339.17999267578125,93.91342163085938,597.1327514648438,659.9423217773438
2025-09-22,25.94447135925293,345.04998779296875,93.75791931152344,600.667724609375,663.0645141601562
2025-09-23,25.973011016845703,346.4599914550781,94.02033233642578,596.6779174804688,659.4551391601562
2025-09-24,25.93495750427246,343.32000732421875,93.76763153076172,594.583251953125,657.3569946289062
2025-09-25,25.92544174194336,344.75,93.56353759765625,592.0198364257812,654.3242797851562
2025-09-26,25.982524871826172,346.739990234375,93.51495361328125,594.4535522460938,658.072998046875
2025-09-29,26.08867835998535,352.4599914550781,93.78707885742188,597.20654296875,659.9224243164062
2025-09-30,26.117368698120117,355.4700012207031,93.74820709228516,598.8424072265625,662.4082641601562
2025-10-01,26.213001251220703,356.0299987792969,94.06404876708984,601.7150268554688,664.6654663085938
2025-10-02,26.25125503540039,354.7900085449219,94.16153717041016,604.188720703125,665.4309692382812
2025-10-03,26.356449127197266,357.6400146484375,93.97632598876953,601.645263671875,665.421142578125
2025-10-06,26.872867584228516,364.3800048828125,93.70335388183594,606.1636962890625,667.8074951171875
2025-10-07,26.93025016784668,366.260009765625,93.93733215332031,602.9718627929688,665.3316040039062
2025-10-08,27.274526596069336,372.29998779296875,93.9568099975586,609.8842163085938,669.2990112304688
2025-10-09,26.958938598632812,365.42999267578125,93.88858032226562,609.1461181640625,667.3600463867188
2025-10-10,25.993045806884766,369.1199951171875,94.47349548339844,588.0000610351562,649.32275390625
2025-10-13,26.748544692993164,378.0899963378906,94.52223205566406,600.4782104492188,659.2860107421875
2025-10-14,26.786800384521484,380.7900085449219,94.76596069335938,596.4784545898438,658.4805908203125
2025-10-15,26.968502044677734,387.3900146484375,94.6587142944336,600.6876831054688,661.4039916992188
2025-10-16,27.140640258789062,396.45001220703125,95.09740447998047,598.46337890625,656.899658203125
2025-10-17,26.987628936767578,388.989990234375,94.9414291381836,602.393310546875,660.62841796875
2025-10-20,27.44666862487793,403.1499938964844,95.06815338134766,609.9839477539062,667.499267578125
2025-10-21,27.188459396362305,377.239990234375,95.2436294555664,609.8244018554688,667.4892578125
2025-10-22,27.11195182800293,377.2799987792969,95.26312255859375,603.9493408203125,664.0191040039062
2025-10-23,27.140640258789062,378.7900085449219,94.951171875,609.0264282226562,667.9566650390625
2025-10-24,27.255401611328125,377.5199890136719,95.03889465332031,615.52978515625,673.4155883789062
2025-10-27,27.322343826293945,367.010009765625,95.03889465332031,626.4918823242188,681.3603515625
2025-10-28,27.23627281188965,364.3800048828125,95.12665557861328,631.3095703125,683.1700439453125
2025-10-29,27.140640258789062,363.0,94.51248168945312,634.15234375,683.4981689453125
2025-10-30,27.169330596923828,370.1300048828125,94.3759994506836,624.45703125,675.98095703125
2025-10-31,27.131078720092773,368.1199951171875,94.41500091552734,627.4694213867188,678.1983642578125
2025-11-03,27.17889404296875,368.7799987792969,94.37002563476562,630.4716796875,679.4711303710938
2025-11-04,26.815488815307617,362.32000732421875,94.48738098144531,617.67431640625,671.4169921875
2025-11-05,26.958938598632812,366.510009765625,94.03752899169922,621.6941528320312,673.7437133789062
2025-11-06,26.844179153442383,366.07000732421875,94.51671600341797,610.1136474609375,666.514892578125
2025-11-07,26.920684814453125,368.30999755859375,94.55582427978516,608.1885375976562,667.1710815429688
2025-11-10,27.226709365844727,378.3800048828125,94.4286880493164,621.6442260742188,677.5819091796875
2025-11-11,27.39885139465332,379.8699951171875,94.7220687866211,619.9884643554688,679.1329956054688
2025-11-12,27.64749526977539,385.989990234375,94.74163055419922,619.4996948242188,679.5108642578125
2025-11-13,27.35103416442871,382.8699951171875,94.46781158447266,606.8519897460938,668.2350463867188
2025-11-14,27.169330596923828,375.9599914550781,94.31134796142578,607.310791015625,668.125732421875
2025-11-17,27.11195182800293,371.6499938964844,94.4189224243164,602.1240234375,661.901123046875
2025-11-18,27.092824935913086,374.3500061035156,94.57538604736328,594.7926635742188,656.3428344726562
2025-11-19,27.255401611328125,374.9599914550781,94.50691986083984,598.3436279296875,658.87841796875
2025-11-20,27.264965057373047,374.8500061035156,94.73185729980469,584.1797485351562,648.8355712890625
2025-11-21,27.226709365844727,374.2699890136719,95.04478454589844,588.568603515625,655.2987670898438
2025-11-24,27.44666862487793,380.20001220703125,95.19147491455078,603.6201782226562,664.9437866210938
2025-11-25,27.51361083984375,380.0799865722656,95.43595886230469,607.3407592773438,671.1981811523438
2025-11-26,27.666624069213867,383.1199951171875,95.51419830322266,612.70703125,675.8318481445312
2025-11-28,27.64749526977539,387.8800048828125,95.34794616699219,617.67431640625,679.5208129882812
2025-12-01,27.41797637939453,389.75,94.8359603881836,615.599609375,676.4185180664062
2025-12-02,27.494482040405273,387.239990234375,94.9144287109375,620.4172973632812,677.67138671875
2025-12-03,27.51361083984375,386.8800048828125,95.110595703125,621.9334716796875,680.0180053710938
2025-12-04,27.40841293334961,387.1300048828125,94.81633758544922,621.35498046875,680.51513671875
2025-12-05,27.427539825439453,386.44000244140625,94.62017059326172,623.8884887695312,681.8078002929688
2025-12-08,27.40841293334961,385.4200134277344,94.42400360107422,622.6915283203125,679.7594604492188
2025-12-09,27.57098960876465,387.3999938964844,94.28669738769531,623.4595336914062,679.1727294921875
2025-12-10,27.676185607910156,389.04998779296875,94.59075164794922,626.0130615234375,683.6771850585938
2025-12-11,27.762256622314453,393.239990234375,94.60055541992188,623.98828125,685.26806640625
2025-12-12,27.70487403869629,395.44000244140625,94.34553527832031,612.0586547851562,677.9000244140625
2025-12-15,27.666624069213867,395.79998779296875,94.42400360107422,608.9865112304688,676.8758544921875
2025-12-16,27.58055305480957,395.8900146484375,94.68882751464844,610.1934204101562,675.0264282226562
2025-12-17,27.63793182373047,399.2900085449219,94.6692123413086,598.8822631835938,667.5986938476562
2025-12-18,27.676185607910156,398.57000732421875,94.9144287109375,607.5601196289062,672.6399536132812
2025-12-19,28.020463943481445,399.0199890136719,94.70088195800781,615.47998046875,678.7363891601562
2025-12-22,28.125661849975586,408.2300109863281,94.60248565673828,618.4302368164062,682.96484375
2025-12-23,28.183040618896484,413.6400146484375,94.56311798095703,621.3265380859375,686.0863037109375
2025-12-24,28.15435028076172,411.92999267578125,94.80912780761719,623.144287109375,688.4996948242188
2025-12-26,28.3360538482666,416.739990234375,94.89769744873047,623.1043090820312,688.4298706054688
2025-12-29,28.001338958740234,398.6000061035156,95.03545379638672,620.088134765625,685.9765625
2025-12-30,28.029226303100586,398.8900146484375,94.93705749511719,618.64990234375,685.138916015625
2025-12-31,27.949542999267578,396.30999755859375,94.62217712402344,613.536376953125,680.062744140625
2026-01-02,28.039188385009766,398.2799987792969,94.54344940185547,612.347900390625,681.309326171875
2026-01-05,28.248361587524414,408.760009765625,94.82881164550781,617.2117309570312,685.846923828125
2026-01-06,28.328046798706055,413.17999267578125,94.75993347167969,622.6348876953125,689.92578125
2026-01-07,28.21847915649414,409.2300109863281,94.93705749511719,623.2341918945312,687.701904296875
2026-01-08,28.168676376342773,411.489990234375,94.65168762207031,619.6885986328125,687.632080078125
2026-01-09,28.38780975341797,414.4700012207031,94.75993347167969,625.86083984375,692.1796264648438
2026-01-12,28.736433029174805,422.2300109863281,94.641845703125,626.3801879882812,693.2666625976562
2026-01-13,28.696590423583984,421.6300048828125,94.75993347167969,625.4513549804688,691.8804931640625
2026-01-14,28.79619598388672,425.94000244140625,94.95673370361328,618.769775390625,688.479736328125
2026-01-15,28.74639320373535,423.3299865722656,94.75993347167969,620.9970092773438,690.3546142578125
2026-01-16,28.596982955932617,421.2900085449219,94.3958511352539,620.4776611328125,689.7761840820312
2026-01-20,28.646787643432617,437.2300109863281,94.02192687988281,607.2942504882812,675.7345581054688
2026-01-21,29.07509422302246,443.6000061035156,94.26792907714844,615.50390625,683.5332641601562
2026-01-22,29.373912811279297,451.7900085449219,94.2580795288086,619.978271484375,687.103515625
2026-01-23,29.244426727294922,458.0,94.41551971435547,621.935791015625,687.352783203125
2026-01-26,29.184659957885742,464.70001220703125,94.55329132080078,624.67236328125,690.84326171875
2026-01-27,29.752418518066406,476.1000061035156,94.44505310058594,630.335205078125,693.5957641601562
2026-01-28,29.951629638671875,494.55999755859375,94.36632537841797,632.4225463867188,693.5259399414062
2026-01-29,30.07115936279297,495.8999938964844,94.46472930908203,628.6373291015625,692.1497192382812
2026-01-30,29.07509422302246,444.95001220703125,94.40568542480469,621.0868530273438,690.0853271484375
2026-02-02,28.95556640625,427.1300048828125,94.2200927734375,625.3515014648438,693.5159912109375
2026-02-03,29.48348045349121,454.2900085449219,94.3089370727539,615.7435913085938,687.6520385742188
2026-02-04,29.56316566467285,453.9700012207031,94.2892074584961,604.9871826171875,684.3211059570312
2026-02-05,29.08505630493164,441.8800048828125,94.842041015625,596.2781982421875,675.7744750976562
2026-02-06,30.041275024414062,455.4599914550781,94.842041015625,608.8822631835938,688.739013671875
2026-02-09,30.499465942382812,467.0299987792969,94.86177825927734,613.54638671875,692.0599975585938
2026-02-10,30.399858474731445,462.3999938964844,95.27641296386719,610.699951171875,690.2349243164062
2026-02-11,30.509424209594727,467.6300048828125,95.00985717773438,612.337890625,690.075439453125
2026-02-12,30.041275024414062,451.3900146484375,95.59232330322266,599.8836059570312,679.41455078125
2026-02-13,30.260408401489258,462.6199951171875,95.96746826171875,601.1619873046875,679.8931884765625
2026-02-17,30.06119728088379,448.20001220703125,95.95758819580078,600.542724609375,680.9901733398438
2026-02-18,30.42974090576172,458.2799987792969,95.76014709472656,605.027099609375,684.4208374023438
2026-02-19,30.489505767822266,459.55999755859375,95.8489990234375,602.7100219726562,682.61572265625
2026-02-20,30.848087310791016,468.6199951171875,95.8489990234375,608.0433349609375,687.5523071289062
2026-02-23,30.828166961669922,481.2799987792969,96.19453430175781,600.652587890625,680.531494140625
2026-02-24,30.987537384033203,474.6099853515625,96.1747817993164,607.1044921875,685.4779052734375
2026-02-25,31.19670867919922,473.4200134277344,96.0958023071289,615.9033813476562,691.26220703125
2026-02-26,31.11702537536621,477.4800109863281,96.35248565673828,608.4727783203125,687.422607421875
2026-02-27,31.346118927001953,483.75,96.73749542236328,606.5252075195312,684.1216430664062
2026-03-02,31.166828155517578,490.0,96.15631866455078,607.32421875,684.5106201171875
2026-03-03,30.200645446777344,468.1400146484375,96.04740905761719,600.8224487304688,678.4771118164062
2026-03-04,30.489505767822266,471.79998779296875,95.84939575195312,609.9808959960938,683.2639770507812
2026-03-05,30.130922317504883,466.1300048828125,95.55237579345703,608.1431274414062,679.4544067382812
2026-03-06,30.688716888427734,473.510009765625,95.49296569824219,598.9946899414062,670.5487060546875
2026-03-09,30.74848175048828,472.5299987792969,95.78998565673828,606.99462890625,676.4227294921875
2026-03-10,30.808244705200195,477.8599853515625,95.48306274414062,607.004638671875,675.3356323242188
2026-03-11,30.768402099609375,476.239990234375,95.04743194580078,606.9247436523438,674.4879760742188
2026-03-12,30.778362274169922,466.8800048828125,94.74051666259766,596.5078735351562,664.2459106445312
2026-03-13,30.539308547973633,460.8399963378906,94.64149475097656,592.9722900390625,660.4862060546875
2026-03-16,30.69867706298828,460.42999267578125,95.0672378540039,599.6239013671875,667.2078857421875
2026-03-17,30.94769287109375,459.2699890136719,95.23554992675781,602.5502319335938,668.9630126953125
2026-03-18,30.688716888427734,444.739990234375,94.79991149902344,594.15087890625,659.6285400390625
2026-03-19,30.120960235595703,426.4100036621094,94.79000854492188,592.273193359375,658.0029907226562
2026-03-20,29.69265365600586,413.3800048828125,93.93853759765625,581.3269653320312,648.5700073242188
2026-03-23,29.43367576599121,404.0400085449219,94.23556518554688,588.0,655.3800048828125
2026-03-24,29.593046188354492,404.1300048828125,93.91874694824219,583.97998046875,653.1799926757812
2026-03-25,29.792259216308594,416.2900085449219,94.41378021240234,587.8200073242188,656.8200073242188
2026-03-26,29.74245834350586,400.6400146484375,93.65141296386719,573.7899780273438,645.0900268554688
2026-03-27,30.111000061035156,414.70001220703125,93.66132354736328,562.5800170898438,634.0900268554688
2026-03-30,30.209999084472656,414.5799865722656,94.32466888427734,558.280029296875,631.969970703125
2026-03-31,30.149999618530273,430.2900085449219,94.49298858642578,577.1799926757812,650.3400268554688
2026-04-01,30.209999084472656,437.82000732421875,94.41053771972656,584.3099975585938,655.239990234375
2026-04-02,30.309999465942383,429.4100036621094,94.62908172607422,584.97998046875,655.8300170898438
2026-04-06,30.440000534057617,427.6499938964844,94.3807373046875,588.5,658.9299926757812
2026-04-07,30.43000030517578,431.80999755859375,94.61914825439453,588.5900268554688,659.219970703125
2026-04-08,30.18000030517578,434.5299987792969,94.8277587890625,606.0900268554688,676.010009765625
2026-04-09,30.270000457763672,437.9100036621094,94.79795837402344,610.1900024414062,679.9099731445312
2026-04-10,30.329999923706055,437.1300048828125,94.6390151977539,611.0700073242188,679.4600219726562
2026-04-13,30.440000534057617,435.3599853515625,94.8476333618164,617.3900146484375,686.0999755859375
2026-04-14,30.299999237060547,445.0899963378906,95.15557861328125,628.5999755859375,694.4600219726562
2026-04-15,30.260000228881836,440.4599914550781,94.94696807861328,637.4000244140625,699.9400024414062
2026-04-16,30.420000076293945,440.0799865722656,94.77809143066406,640.469970703125,701.6599731445312
2026-04-17,29.969999313354492,445.92999267578125,95.29463958740234,648.8499755859375,710.1400146484375
2026-04-20,30.170000076293945,442.0899963378906,95.20523834228516,646.7899780273438,708.719970703125
2026-04-21,30.329999923706055,429.57000732421875,94.78801727294922,644.3300170898438,704.0800170898438
2026-04-22,30.40999984741211,435.260009765625,94.8873519897461,655.1099853515625,711.2100219726562
2026-04-23,30.469999313354492,431.0400085449219,94.73835754394531,651.4199829101562,708.4500122070312
2026-04-24,30.510000228881836,433.25,94.92709350585938,663.8800048828125,713.9400024414062
2026-04-27,30.6200008392334,429.8900146484375,94.70854949951172,664.22998046875,715.1699829101562
2026-04-28,30.719999313354492,421.9100036621094,94.61914825439453,657.5499877929688,711.6900024414062
2026-04-29,31.1200008392334,417.4100036621094,94.17212677001953,661.5700073242188,711.5800170898438
2026-04-30,30.559999465942383,423.6600036621094,94.35093688964844,667.739990234375,718.6599731445312
2026-05-01,30.530000686645508,423.17999267578125,94.42269897460938,674.1500244140625,720.6500244140625
2026-05-04,30.700000762939453,414.7099914550781,94.07386779785156,672.8800048828125,718.010009765625
2026-05-05,30.739999771118164,418.2699890136719,94.2134017944336,681.6099853515625,723.77001953125
2026-05-06,30.450000762939453,430.9599914550781,94.68182373046875,695.77001953125,733.8300170898438
2026-05-07,30.549999237060547,431.67999267578125,94.3927993774414,694.9400024414062,731.5800170898438
2026-05-08,30.690000534057617,433.7699890136719,94.64196014404297,711.22998046875,737.6199951171875
2026-05-11,31.020000457763672,434.6499938964844,94.32303619384766,713.2899780273438,739.2999877929688
2026-05-12,31.020000457763672,432.92999267578125,94.00410461425781,707.239990234375,738.1799926757812
2026-05-13,31.1200008392334,430.5,94.00410461425781,714.7100219726562,742.3099975585938
2026-05-14,31.239999771118164,427.2099914550781,93.94430541992188,719.7899780273438,748.1699829101562
2026-05-15,31.229999542236328,417.2900085449219,93.19682312011719,708.9299926757812,739.1699829101562
2026-05-18,31.309999465942383,418.42999267578125,93.15695190429688,705.8800048828125,738.6500244140625
2026-05-19,31.31999969482422,411.5,92.79815673828125,701.530029296875,733.72998046875
2026-05-20,31.110000610351562,417.3999938964844,93.4260482788086,713.1500244140625,741.25
2026-05-21,31.110000610351562,416.989990234375,93.48584747314453,714.510009765625,742.719970703125
2026-05-22,31.09000015258789,413.82000732421875,93.5655746459961,717.5399780273438,745.6400146484375
2026-05-26,31.170000076293945,414.0,93.96424102783203,730.280029296875,750.5900268554688
2026-05-27,31.010000228881836,408.489990234375,94.00410461425781,729.4500122070312,750.4600219726562
2026-05-28,31.040000915527344,412.7699890136719,94.2233657836914,735.5999755859375,754.5999755859375
2026-05-29,31.0,417.1199951171875,94.33300018310547,738.3099975585938,756.47998046875
2026-06-01,31.290000915527344,411.260009765625,94.16999816894531,742.739990234375,758.5399780273438
2026-06-02,31.40999984741211,411.95001220703125,94.23999786376953,746.1599731445312,759.5700073242188
2026-06-03,31.420000076293945,407.8699951171875,94.0,744.2100219726562,754.239990234375
2026-06-04,31.290000915527344,411.2699890136719,94.12000274658203,740.6099853515625,757.0900268554688
2026-06-05,30.65999984741211,396.239990234375,93.62000274658203,705.0599975585938,737.5499877929688
2026-06-08,30.8700008392334,397.2699890136719,93.5199966430664,716.0700073242188,739.219970703125
2026-06-09,30.780000686645508,390.7799987792969,93.77999877929688,707.8300170898438,737.0499877929688
2026-06-10,30.799999237060547,374.5799865722656,93.69000244140625,693.6900024414062,725.4299926757812
2026-06-11,30.7549991607666,386.57000732421875,94.32499694824219,716.8499755859375,738.7545776367188
