date,mr,tc,net
2016-11-01,0.0,0.0,0.0
2016-11-02,-0.002460371413445979,0.0007000000000000002,-0.003160371413445979
2016-11-03,-0.0016498955077326831,0.0004666666666666667,-0.0021165621743993498
2016-11-04,0.0025171042504161184,0.00031111111111111107,0.0022059931393050075
2016-11-07,0.002851842583788801,0.0004666666666666667,0.002385175917122134
2016-11-08,0.0021145663361845646,0.0006222222222222221,0.0014923441139623424
2016-11-09,-0.012449522970533304,0.0004666666666666667,-0.012916189637199971
2016-11-10,0.0,0.0007000000000000002,-0.0007000000000000002
2016-11-11,0.0,0.0,0.0
2016-11-14,0.0,0.0,0.0
2016-11-15,0.0,0.0,0.0
2016-11-16,0.0,0.0,0.0
2016-11-17,0.0,0.0,0.0
2016-11-18,0.0,0.0,0.0
2016-11-21,0.0,0.0,0.0
2016-11-22,0.0,0.0,0.0
2016-11-23,0.0,0.0,0.0
2016-11-25,0.0,0.0,0.0
2016-11-28,0.0,0.0,0.0
2016-11-29,0.0,0.0,0.0
2016-11-30,0.0,0.0,0.0
2016-12-01,0.0,0.0,0.0
2016-12-02,0.0,0.0,0.0
2016-12-05,0.0,0.0,0.0
2016-12-06,0.0,0.0,0.0
2016-12-07,0.0,0.0,0.0
2016-12-08,0.0,0.0,0.0
2016-12-09,0.0,0.0,0.0
2016-12-12,0.0,0.0,0.0
2016-12-13,0.0,0.0,0.0
2016-12-14,0.0,0.0,0.0
2016-12-15,0.0,0.0,0.0
2016-12-16,0.0,0.0,0.0
2016-12-19,0.0,0.0,0.0
2016-12-20,0.0,0.0,0.0
2016-12-21,0.0,0.0,0.0
2016-12-22,0.0,0.0,0.0
2016-12-23,0.0,0.0,0.0
2016-12-27,0.0,0.0,0.0
2016-12-28,0.0,0.0,0.0
2016-12-29,0.0,0.0,0.0
2016-12-30,0.0,0.0,0.0
2017-01-03,0.0,0.0,0.0
2017-01-04,0.0,0.0,0.0
2017-01-05,0.0,0.0,0.0
2017-01-06,0.0,0.0,0.0
2017-01-09,0.0,0.0,0.0
2017-01-10,0.0,0.0,0.0
2017-01-11,0.0,0.0,0.0
2017-01-12,0.0,0.0,0.0
2017-01-13,0.0,0.0,0.0
2017-01-17,0.0,0.0,0.0
2017-01-18,0.0,0.0,0.0
2017-01-19,0.0,0.0,0.0
2017-01-20,0.0,0.0,0.0
2017-01-23,0.0,0.0,0.0
2017-01-24,0.0,0.0,0.0
2017-01-25,0.0,0.0,0.0
2017-01-26,0.0,0.0,0.0
2017-01-27,0.0,0.0,0.0
2017-01-30,0.0,0.0,0.0
2017-01-31,0.0,0.0,0.0
2017-02-01,0.0,0.0,0.0
2017-02-02,0.0,0.0,0.0
2017-02-03,0.0,0.0,0.0
2017-02-06,0.0,0.0,0.0
2017-02-07,0.0,0.0,0.0
2017-02-08,0.0,0.0,0.0
2017-02-09,0.0,0.0,0.0
2017-02-10,0.0,0.0,0.0
2017-02-13,0.0,0.0,0.0
2017-02-14,0.0,0.0,0.0
2017-02-15,0.0,0.0,0.0
2017-02-16,0.0,0.0,0.0
2017-02-17,0.0,0.0,0.0
2017-02-21,0.0,0.0,0.0
2017-02-22,0.0,0.0,0.0
2017-02-23,0.0,0.0,0.0
2017-02-24,0.0,0.0,0.0
2017-02-27,0.0,0.0,0.0
2017-02-28,0.0,0.0,0.0
2017-03-01,0.0,0.0,0.0
2017-03-02,0.0,0.0,0.0
2017-03-03,0.0,0.0,0.0
2017-03-06,0.0,0.0,0.0
2017-03-07,0.0,0.0,0.0
2017-03-08,0.0,0.0,0.0
2017-03-09,0.0,0.0,0.0
2017-03-10,0.0,0.0,0.0
2017-03-13,0.0,0.0,0.0
2017-03-14,0.0,0.0,0.0
2017-03-15,0.0,0.0,0.0
2017-03-16,0.0,0.0,0.0
2017-03-17,0.0,0.0,0.0
2017-03-20,0.0,0.0,0.0
2017-03-21,0.0,0.0,0.0
2017-03-22,0.0,0.0,0.0
2017-03-23,0.0,0.0,0.0
2017-03-24,0.0,0.0,0.0
2017-03-27,0.0,0.0,0.0
2017-03-28,0.0,0.0,0.0
2017-03-29,0.0,0.0,0.0
2017-03-30,0.0,0.0,0.0
2017-03-31,0.0,0.0,0.0
2017-04-03,0.0,0.0,0.0
2017-04-04,0.0,0.0,0.0
2017-04-05,0.0,0.0,0.0
2017-04-06,0.0,0.0,0.0
2017-04-07,0.0,0.0,0.0
2017-04-10,0.0,0.0,0.0
2017-04-11,0.0,0.0,0.0
2017-04-12,0.0,0.0,0.0
2017-04-13,0.0,0.0,0.0
2017-04-17,0.0,0.0,0.0
2017-04-18,0.0,0.0,0.0
2017-04-19,0.0,0.0,0.0
2017-04-20,0.0,0.0,0.0
2017-04-21,0.0,0.0,0.0
2017-04-24,0.0,0.0,0.0
2017-04-25,0.0,0.0,0.0
2017-04-26,0.0,0.0,0.0
2017-04-27,0.0,0.0,0.0
2017-04-28,0.0,0.0,0.0
2017-05-01,0.0,0.0,0.0
2017-05-02,0.0,0.0,0.0
2017-05-03,0.0,0.0,0.0
2017-05-04,0.0,0.0,0.0
2017-05-05,0.0,0.0,0.0
2017-05-08,0.0,0.0,0.0
2017-05-09,0.0,0.0,0.0
2017-05-10,0.0,0.0,0.0
2017-05-11,0.0,0.0,0.0
2017-05-12,0.0,0.0,0.0
2017-05-15,0.0,0.0,0.0
2017-05-16,0.0,0.0,0.0
2017-05-17,0.0,0.0,0.0
2017-05-18,0.0,0.0,0.0
2017-05-19,0.0,0.0,0.0
2017-05-22,0.0,0.0,0.0
2017-05-23,0.0,0.0,0.0
2017-05-24,0.0,0.0,0.0
2017-05-25,0.0,0.0,0.0
2017-05-26,0.0,0.0,0.0
2017-05-30,0.0,0.0,0.0
2017-05-31,0.0,0.0,0.0
2017-06-01,0.0,0.0,0.0
2017-06-02,0.0,0.0,0.0
2017-06-05,0.0,0.0,0.0
2017-06-06,0.0,0.0,0.0
2017-06-07,0.0,0.0,0.0
2017-06-08,0.0,0.0,0.0
2017-06-09,0.0,0.0,0.0
2017-06-12,0.0,0.0,0.0
2017-06-13,0.0,0.0,0.0
2017-06-14,0.0,0.0,0.0
2017-06-15,0.0,0.0,0.0
2017-06-16,0.0,0.0,0.0
2017-06-19,0.0,0.0,0.0
2017-06-20,0.0,0.0,0.0
2017-06-21,0.0,0.0,0.0
2017-06-22,0.0,0.0,0.0
2017-06-23,0.0,0.0,0.0
2017-06-26,0.0,0.0,0.0
2017-06-27,0.0,0.0,0.0
2017-06-28,0.0,0.0,0.0
2017-06-29,0.0,0.0,0.0
2017-06-30,0.0,0.0,0.0
2017-07-03,0.0,0.0,0.0
2017-07-05,0.0,0.0,0.0
2017-07-06,0.0,0.0,0.0
2017-07-07,0.0,0.0,0.0
2017-07-10,0.0,0.0,0.0
2017-07-11,0.0,0.0,0.0
2017-07-12,0.0,0.0,0.0
2017-07-13,0.0,0.0,0.0
2017-07-14,0.0,0.0,0.0
2017-07-17,0.0,0.0,0.0
2017-07-18,0.0,0.0,0.0
2017-07-19,0.0,0.0,0.0
2017-07-20,0.0,0.0,0.0
2017-07-21,0.0,0.0,0.0
2017-07-24,0.0,0.0,0.0
2017-07-25,0.0,0.0,0.0
2017-07-26,0.0,0.0,0.0
2017-07-27,0.0,0.0,0.0
2017-07-28,0.0,0.0,0.0
2017-07-31,0.0,0.0,0.0
2017-08-01,0.0,0.0,0.0
2017-08-02,0.0,0.0,0.0
2017-08-03,0.0,0.0,0.0
2017-08-04,0.0,0.0,0.0
2017-08-07,0.0,0.0,0.0
2017-08-08,0.0,0.0,0.0
2017-08-09,0.0,0.0,0.0
2017-08-10,0.0,0.0,0.0
2017-08-11,0.0,0.0,0.0
2017-08-14,0.0,0.0,0.0
2017-08-15,0.0,0.0,0.0
2017-08-16,0.0,0.0,0.0
2017-08-17,0.0,0.0,0.0
2017-08-18,0.0,0.0,0.0
2017-08-21,0.0,0.0,0.0
2017-08-22,0.0,0.0,0.0
2017-08-23,0.0,0.0,0.0
2017-08-24,0.0,0.0,0.0
2017-08-25,0.0,0.0,0.0
2017-08-28,0.0,0.0,0.0
2017-08-29,0.0,0.0,0.0
2017-08-30,0.0,0.0,0.0
2017-08-31,0.0,0.0,0.0
2017-09-01,0.0,0.0,0.0
2017-09-05,0.0,0.0,0.0
2017-09-06,0.0,0.0,0.0
2017-09-07,0.0,0.0,0.0
2017-09-08,0.0,0.0,0.0
2017-09-11,0.0,0.0,0.0
2017-09-12,0.0,0.0,0.0
2017-09-13,0.0,0.0,0.0
2017-09-14,0.0,0.0,0.0
2017-09-15,0.0,0.0,0.0
2017-09-18,0.0,0.0,0.0
2017-09-19,0.0,0.0,0.0
2017-09-20,0.0,0.0,0.0
2017-09-21,0.0,0.0,0.0
2017-09-22,0.0,0.0,0.0
2017-09-25,0.0,0.0,0.0
2017-09-26,0.0,0.0,0.0
2017-09-27,0.0,0.0,0.0
2017-09-28,0.0,0.0,0.0
2017-09-29,0.0,0.0,0.0
2017-10-02,0.0,0.0,0.0
2017-10-03,0.0,0.0,0.0
2017-10-04,0.0,0.0,0.0
2017-10-05,0.0,0.0,0.0
2017-10-06,0.0,0.0,0.0
2017-10-09,0.0,0.0,0.0
2017-10-10,0.0,0.0,0.0
2017-10-11,0.0,0.0,0.0
2017-10-12,0.0,0.0,0.0
2017-10-13,0.0,0.0,0.0
2017-10-16,0.0,0.0,0.0
2017-10-17,0.0,0.0,0.0
2017-10-18,0.0,0.0,0.0
2017-10-19,0.0,0.0,0.0
2017-10-20,0.0,0.0,0.0
2017-10-23,0.0,0.0,0.0
2017-10-24,0.0,0.0,0.0
2017-10-25,0.0,0.0,0.0
2017-10-26,0.0,0.0,0.0
2017-10-27,0.0,0.0,0.0
2017-10-30,0.0,0.0,0.0
2017-10-31,0.0,0.0,0.0
2017-11-01,0.0,0.0,0.0
2017-11-02,0.0,0.0,0.0
2017-11-03,0.0,0.0,0.0
2017-11-06,0.0,0.0,0.0
2017-11-07,0.0,0.0,0.0
2017-11-08,0.0,0.0,0.0
2017-11-09,0.0,0.0,0.0
2017-11-10,0.0,0.0,0.0
2017-11-13,0.0,0.0,0.0
2017-11-14,0.0,0.0,0.0
2017-11-15,0.0,0.0,0.0
2017-11-16,0.0,0.0,0.0
2017-11-17,0.0,0.0,0.0
2017-11-20,0.0,0.0,0.0
2017-11-21,0.0,0.0,0.0
2017-11-22,0.0,0.0,0.0
2017-11-24,0.0,0.0,0.0
2017-11-27,0.0,0.0,0.0
2017-11-28,0.0,0.0,0.0
2017-11-29,0.0,0.0,0.0
2017-11-30,0.0,0.0,0.0
2017-12-01,0.0,0.0,0.0
2017-12-04,0.0,0.0,0.0
2017-12-05,0.0,0.0,0.0
2017-12-06,0.0,0.0,0.0
2017-12-07,0.0,0.0,0.0
2017-12-08,0.0,0.0,0.0
2017-12-11,0.0,0.0,0.0
2017-12-12,0.0,0.0,0.0
2017-12-13,0.0,0.0,0.0
2017-12-14,0.0,0.0,0.0
2017-12-15,0.0,0.0,0.0
2017-12-18,0.0,0.0,0.0
2017-12-19,0.0,0.0,0.0
2017-12-20,0.0,0.0,0.0
2017-12-21,0.0,0.0,0.0
2017-12-22,0.0,0.0,0.0
2017-12-26,0.0,0.0,0.0
2017-12-27,0.0,0.0,0.0
2017-12-28,0.0,0.0,0.0
2017-12-29,0.0,0.0,0.0
2018-01-02,0.0,0.0,0.0
2018-01-03,0.0,0.0,0.0
2018-01-04,0.0,0.0,0.0
2018-01-05,0.0,0.0,0.0
2018-01-08,0.0,0.0,0.0
2018-01-09,0.0,0.0,0.0
2018-01-10,0.0,0.0,0.0
2018-01-11,0.0,0.0,0.0
2018-01-12,0.0,0.0,0.0
2018-01-16,0.0,0.0,0.0
2018-01-17,0.0,0.0,0.0
2018-01-18,0.0,0.0,0.0
2018-01-19,0.0,0.0,0.0
2018-01-22,0.0,0.0,0.0
2018-01-23,0.0,0.0,0.0
2018-01-24,0.0,0.0,0.0
2018-01-25,0.0,0.0,0.0
2018-01-26,0.0,0.0,0.0
2018-01-29,0.0,0.0,0.0
2018-01-30,0.0,0.0,0.0
2018-01-31,0.0,0.0,0.0
2018-02-01,0.0,0.0,0.0
2018-02-02,0.0,0.0,0.0
2018-02-05,0.0,0.0,0.0
2018-02-06,0.0,0.0,0.0
2018-02-07,0.0,0.0,0.0
2018-02-08,0.0,0.0,0.0
2018-02-09,0.0039264923066035795,0.0007,0.0032264923066035794
2018-02-12,0.0028040142516488767,0.000777777777777778,0.002026236473871099
2018-02-13,0.0,0.0007000000000000002,-0.0007000000000000002
2018-02-14,0.0,0.0,0.0
2018-02-15,0.0,0.0,0.0
2018-02-16,0.0,0.0,0.0
2018-02-20,0.0,0.0,0.0
2018-02-21,0.0,0.0,0.0
2018-02-22,0.0,0.0,0.0
2018-02-23,0.0,0.0,0.0
2018-02-26,0.0,0.0,0.0
2018-02-27,0.0,0.0,0.0
2018-02-28,0.0,0.0,0.0
2018-03-01,0.0,0.0,0.0
2018-03-02,0.0,0.0,0.0
2018-03-05,0.0,0.0,0.0
2018-03-06,0.0,0.0,0.0
2018-03-07,0.0,0.0,0.0
2018-03-08,0.0,0.0,0.0
2018-03-09,0.0,0.0,0.0
2018-03-12,0.0,0.0,0.0
2018-03-13,0.0,0.0,0.0
2018-03-14,0.0,0.0,0.0
2018-03-15,0.0,0.0,0.0
2018-03-16,0.0,0.0,0.0
2018-03-19,0.0,0.0,0.0
2018-03-20,0.0,0.0,0.0
2018-03-21,0.0,0.0,0.0
2018-03-22,0.0,0.0,0.0
2018-03-23,-0.007559296721447631,0.0007,-0.00825929672144763
2018-03-26,0.011032236303416668,0.00015555555555555554,0.010876680747861111
2018-03-27,-0.007550304347944397,0.00031111111111111107,-0.007861415459055509
2018-03-28,-0.002910466483783421,0.00031111111111111107,-0.003221577594894532
2018-03-29,0.006646754315525747,0.0004666666666666667,0.006180087648859081
2018-04-02,-0.006761296630810673,0.00015555555555555554,-0.006916852186366228
2018-04-03,0.00394662618268023,0.00031111111111111107,0.0036355150715691193
2018-04-04,0.0030909868105570594,0.00031111111111111107,0.0027798756994459484
2018-04-05,0.005642731599578213,0.0006222222222222221,0.005020509377355991
2018-04-06,0.0016648094847665736,0.001088888888888889,0.0005759205958776846
2018-04-09,0.0026096967722040298,0.0009333333333333334,0.0016763634388706965
2018-04-10,-0.0030793420209019626,0.0004666666666666667,-0.0035460086875686294
2018-04-11,-0.0012526563661241989,0.0004666666666666666,-0.0017193230327908655
2018-04-12,-0.002650954720842585,0.00015555555555555554,-0.0028065102763981404
2018-04-13,0.0014216296962931262,0.00031111111111111107,0.0011105185851820153
2018-04-16,0.00021734941503358403,0.00031111111111111107,-9.376169607752704e-05
2018-04-17,-2.8167782246235618e-05,0.00015555555555555554,-0.00018372333780179115
2018-04-18,0.0,0.0007000000000000002,-0.0007000000000000002
2018-04-19,0.0,0.0,0.0
2018-04-20,0.0,0.0,0.0
2018-04-23,-0.0005998580013285448,0.0007000000000000002,-0.001299858001328545
2018-04-24,-5.624346723572553e-05,0.00015555555555555554,-0.00021179902279128105
2018-04-25,-9.111776348179486e-05,0.0004666666666666667,-0.0005577844301484615
2018-04-26,0.0011270817189468823,0.00015555555555555554,0.0009715261633913268
2018-04-27,-0.0019500175953890912,0.00015555555555555554,-0.002105573150944647
2018-04-30,-0.002646968337088638,0.0006222222222222221,-0.0032691905593108597
2018-05-01,-0.00030770976215323124,0.00015555555555555554,-0.0004632653177087868
2018-05-02,-0.002214221088502727,0.0004666666666666667,-0.002680887755169394
2018-05-03,-0.0013217186465071837,0.00031111111111111107,-0.0016328297576182946
2018-05-04,0.0008437752562180127,0.00015555555555555554,0.0006882197006624572
2018-05-07,-0.0028165984080584915,0.00031111111111111107,-0.0031277095191696025
2018-05-08,-0.002332879255550035,0.00015555555555555554,-0.0024884348111055906
2018-05-09,-0.0031122822483015487,0.0004666666666666666,-0.003578948914968215
2018-05-10,0.0008736017367371295,0.00015555555555555554,0.000718046181181574
2018-05-11,0.0,0.0007000000000000002,-0.0007000000000000002
2018-05-14,0.0,0.0,0.0
2018-05-15,0.0,0.0,0.0
2018-05-16,0.0,0.0,0.0
2018-05-17,0.0,0.0,0.0
2018-05-18,0.0,0.0,0.0
2018-05-21,0.0,0.0,0.0
2018-05-22,0.0,0.0,0.0
2018-05-23,0.0,0.0,0.0
2018-05-24,0.0,0.0,0.0
2018-05-25,0.0,0.0,0.0
2018-05-29,0.0,0.0,0.0
2018-05-30,0.005017866387805276,0.0007000000000000002,0.004317866387805276
2018-05-31,0.0,0.0007000000000000002,-0.0007000000000000002
2018-06-01,0.004438464170808472,0.0007000000000000002,0.003738464170808472
2018-06-04,0.0,0.0007000000000000002,-0.0007000000000000002
2018-06-05,0.0,0.0,0.0
2018-06-06,0.0,0.0,0.0
2018-06-07,0.0,0.0,0.0
2018-06-08,0.0,0.0,0.0
2018-06-11,0.0,0.0,0.0
2018-06-12,0.0,0.0,0.0
2018-06-13,0.0,0.0,0.0
2018-06-14,0.0,0.0,0.0
2018-06-15,0.0,0.0,0.0
2018-06-18,0.0,0.0,0.0
2018-06-19,0.0,0.0,0.0
2018-06-20,0.0,0.0,0.0
2018-06-21,0.0,0.0,0.0
2018-06-22,0.0,0.0,0.0
2018-06-25,0.0,0.0,0.0
2018-06-26,0.0020071175286619568,0.0007000000000000002,0.0013071175286619567
2018-06-27,-0.008220430972740686,0.0004666666666666667,-0.008687097639407353
2018-06-28,0.0035881567309699173,0.00015555555555555554,0.003432601175414362
2018-06-29,-0.0007009027510667121,0.0,-0.0007009027510667121
2018-07-02,0.005493200701134806,0.00015555555555555554,0.00533764514557925
2018-07-03,-0.0007421089913755129,0.0007777777777777778,-0.0015198867691532908
2018-07-05,0.002325062585890417,0.0006222222222222224,0.0017028403636681947
2018-07-06,-0.001799867381161125,0.000777777777777778,-0.0025776451589389028
2018-07-09,0.009639047699503708,0.0004666666666666667,0.00917238103283704
2018-07-10,0.0,0.0007,-0.0007
2018-07-11,0.0,0.0,0.0
2018-07-12,0.0,0.0,0.0
2018-07-13,0.0,0.0,0.0
2018-07-16,0.0,0.0,0.0
2018-07-17,0.0,0.0,0.0
2018-07-18,0.0,0.0,0.0
2018-07-19,0.0,0.0,0.0
2018-07-20,0.0,0.0,0.0
2018-07-23,0.0,0.0,0.0
2018-07-24,0.0,0.0,0.0
2018-07-25,0.0,0.0,0.0
2018-07-26,0.0,0.0,0.0
2018-07-27,0.0,0.0,0.0
2018-07-30,0.0,0.0,0.0
2018-07-31,0.0,0.0,0.0
2018-08-01,0.0,0.0,0.0
2018-08-02,0.0,0.0,0.0
2018-08-03,0.0,0.0,0.0
2018-08-06,0.0,0.0,0.0
2018-08-07,0.0,0.0,0.0
2018-08-08,0.0,0.0,0.0
2018-08-09,0.0,0.0,0.0
2018-08-10,0.0,0.0,0.0
2018-08-13,0.0,0.0,0.0
2018-08-14,0.0,0.0,0.0
2018-08-15,0.0,0.0,0.0
2018-08-16,0.0,0.0,0.0
2018-08-17,0.0,0.0,0.0
2018-08-20,0.0,0.0,0.0
2018-08-21,0.0,0.0,0.0
2018-08-22,0.0,0.0,0.0
2018-08-23,0.0,0.0,0.0
2018-08-24,0.0,0.0,0.0
2018-08-27,0.0,0.0,0.0
2018-08-28,0.0,0.0,0.0
2018-08-29,0.0,0.0,0.0
2018-08-30,0.0,0.0,0.0
2018-08-31,0.0,0.0,0.0
2018-09-04,0.0,0.0,0.0
2018-09-05,0.0,0.0,0.0
2018-09-06,0.0,0.0,0.0
2018-09-07,0.0,0.0,0.0
2018-09-10,0.0,0.0,0.0
2018-09-11,0.0,0.0,0.0
2018-09-12,0.0,0.0,0.0
2018-09-13,0.0,0.0,0.0
2018-09-14,0.0,0.0,0.0
2018-09-17,0.0,0.0,0.0
2018-09-18,0.0,0.0,0.0
2018-09-19,0.0,0.0,0.0
2018-09-20,0.0,0.0,0.0
2018-09-21,0.0,0.0,0.0
2018-09-24,0.0,0.0,0.0
2018-09-25,0.0,0.0,0.0
2018-09-26,0.0,0.0,0.0
2018-09-27,0.0,0.0,0.0
2018-09-28,0.0,0.0,0.0
2018-10-01,0.0,0.0,0.0
2018-10-02,0.0,0.0,0.0
2018-10-03,0.0,0.0,0.0
2018-10-04,0.0,0.0,0.0
2018-10-05,0.0,0.0,0.0
2018-10-08,0.0,0.0,0.0
2018-10-09,0.0,0.0,0.0
2018-10-10,0.0,0.0,0.0
2018-10-11,0.00420150944963038,0.0007000000000000002,0.0035015094496303797
2018-10-12,0.005694243980543324,0.0004666666666666667,0.005227577313876658
2018-10-15,-0.002638481861090429,0.0004666666666666667,-0.0031051485277570957
2018-10-16,0.002255481258789407,0.0,0.002255481258789407
2018-10-17,-0.0015833189762585308,0.0004666666666666667,-0.0020499856429251977
2018-10-18,0.003918457263355305,0.0006222222222222221,0.003296235041133083
2018-10-19,-0.0054809445336044555,0.0006222222222222223,-0.0061031667558266774
2018-10-22,0.004384783439781251,0.0004666666666666667,0.003918116773114585
2018-10-23,-0.006865325980810455,0.00031111111111111107,-0.007176437091921566
2018-10-24,-0.018342488751517595,0.00031111111111111107,-0.018653599862628708
2018-10-25,0.010352716574593478,0.0004666666666666666,0.009886049907926811
2018-10-26,0.0054594280375754745,0.0004666666666666667,0.004992761370908808
2018-10-29,-0.007187371715235055,0.0004666666666666667,-0.007654038381901721
2018-10-30,0.0045764746863185355,0.0004666666666666667,0.004109808019651869
2018-10-31,0.011384924028562985,0.0,0.011384924028562985
2018-11-01,-0.0019762375891402032,0.0009333333333333334,-0.0029095709224735366
2018-11-02,-0.004836198016875563,0.0007777777777777778,-0.005613975794653342
2018-11-05,0.0027164082437232118,0.00031111111111111107,0.002405297132612101
2018-11-06,-0.00011899103376331358,0.0004666666666666667,-0.0005856577004299804
2018-11-07,0.00016884730756886878,0.00031111111111111107,-0.0001422638035422423
2018-11-08,-0.0003441505381046717,0.00031111111111111107,-0.0006552616492157828
2018-11-09,-0.001884956963948278,0.0006222222222222224,-0.0025071791861705005
2018-11-12,-0.011526237570528161,0.0006222222222222221,-0.012148459792750383
2018-11-13,-0.0026981438654328405,0.0,-0.0026981438654328405
2018-11-14,0.00019920345024794321,0.0,0.00019920345024794321
2018-11-15,0.009252421056541966,0.00015555555555555554,0.00909686550098641
2018-11-16,-0.0036516404009850527,0.00031111111111111107,-0.003962751512096164
2018-11-19,-0.009862627837308239,0.00031111111111111107,-0.01017373894841935
2018-11-20,-0.004337132119114251,0.00031111111111111107,-0.004648243230225362
2018-11-21,0.003275711093491858,0.00015555555555555554,0.0031201555379363026
2018-11-23,0.0025956732964632634,0.00031111111111111107,0.0022845621853521524
2018-11-26,0.009636324623127492,0.0006222222222222221,0.00901410240090527
2018-11-27,-4.726968923766343e-06,0.0006222222222222224,-0.0006269491911459887
2018-11-28,-0.0037558802261148136,0.001088888888888889,-0.004844769115003702
2018-11-29,0.003385862394003415,0.00031111111111111107,0.003074751282892304
2018-11-30,-0.0015532254738335192,0.00031111111111111107,-0.0018643365849446304
2018-12-03,-0.0011828554207369037,0.00031111111111111107,-0.0014939665318480146
2018-12-04,-0.0012377700967157739,0.00031111111111111107,-0.0015488812078268848
2018-12-06,0.00106795448288007,0.0004666666666666667,0.0006012878162134033
2018-12-07,-0.005161129300150199,0.0006222222222222221,-0.005783351522372421
2018-12-10,0.0018035851009678599,0.0004666666666666667,0.0013369184343011932
2018-12-11,-0.003517290782321387,0.00031111111111111107,-0.003828401893432498
2018-12-12,0.00547277492722652,0.00015555555555555554,0.005317219371670965
2018-12-13,-0.0030713257873295667,0.00031111111111111107,-0.0033824368984406777
2018-12-14,0.0015541159128404426,0.0004666666666666667,0.001087449246173776
2018-12-17,0.0,0.0007000000000000002,-0.0007000000000000002
2018-12-18,0.0,0.0,0.0
2018-12-19,0.0,0.0,0.0
2018-12-20,0.0,0.0,0.0
2018-12-21,0.0,0.0,0.0
2018-12-24,0.0,0.0,0.0
2018-12-26,0.0,0.0,0.0
2018-12-27,0.0,0.0,0.0
2018-12-28,0.0,0.0,0.0
2018-12-31,0.0,0.0,0.0
2019-01-02,0.0,0.0,0.0
2019-01-03,0.0,0.0,0.0
2019-01-04,0.0,0.0,0.0
2019-01-07,0.0,0.0,0.0
2019-01-08,0.0,0.0,0.0
2019-01-09,0.0,0.0,0.0
2019-01-10,0.0,0.0,0.0
2019-01-11,0.0,0.0,0.0
2019-01-14,0.0,0.0,0.0
2019-01-15,0.0,0.0,0.0
2019-01-16,0.0,0.0,0.0
2019-01-17,0.0017438319833527058,0.0007000000000000002,0.0010438319833527055
2019-01-18,0.0012300230329225221,0.00031111111111111107,0.0009189119218114111
2019-01-22,0.002394921257885244,0.0006222222222222223,0.0017726990356630216
2019-01-23,-0.0013881097803006962,0.0007777777777777778,-0.002165887558078474
2019-01-24,0.0016640520846055904,0.0006222222222222221,0.0010418298623833683
2019-01-25,0.0015083392336262549,0.0004666666666666667,0.0010416725669595882
2019-01-28,-0.0016160010233298035,0.0004666666666666667,-0.0020826676899964704
2019-01-29,-5.902822526598168e-06,0.0006222222222222223,-0.0006281250447488204
2019-01-30,0.003313825151246218,0.0006222222222222221,0.002691602929023996
2019-01-31,0.010367616752899777,0.0004666666666666667,0.00990095008623311
2019-02-01,0.00232143693307538,0.0006222222222222223,0.0016992147108531577
2019-02-04,0.0009433170639598918,0.0006222222222222224,0.00032109484173766943
2019-02-05,-0.0011421665059647085,0.0006222222222222223,-0.0017643887281869309
2019-02-06,0.0012017684152658692,0.00031111111111111107,0.0008906573041547581
2019-02-07,0.0009967667688070127,0.00015555555555555554,0.0008412112132514572
2019-02-08,-0.0011162265451886881,0.0006222222222222223,-0.0017384487674109105
2019-02-11,-0.001062347696239844,0.00031111111111111107,-0.001373458807350955
2019-02-12,0.006247282471717746,0.00015555555555555554,0.006091726916162191
2019-02-13,0.0021828322201605426,0.0006222222222222223,0.0015606099979383202
2019-02-14,0.0015299463354493514,0.00031111111111111107,0.0012188352243382404
2019-02-15,-0.0010195306951120819,0.0007777777777777778,-0.0017973084728898597
2019-02-19,0.00039971871614221906,0.00031111111111111107,8.860760503110799e-05
2019-02-20,-0.004005078249899041,0.00015555555555555554,-0.004160633805454597
2019-02-21,0.0028846381472484115,0.0,0.0028846381472484115
2019-02-22,0.00016383164265207665,0.00031111111111111107,-0.00014727946845903442
2019-02-25,-0.001384352283666808,0.00031111111111111107,-0.001695463394777919
2019-02-26,0.0003946823624435917,0.00015555555555555554,0.00023912680688803614
2019-02-27,-0.001453979761532177,0.00015555555555555554,-0.0016095353170877324
2019-02-28,-0.00020573131551308355,0.00015555555555555554,-0.0003612868710686391
2019-03-01,-3.2339746134430326e-05,0.0004666666666666666,-0.0004990064128010969
2019-03-04,0.00032618620456445783,0.0004666666666666667,-0.00014048046210220888
2019-03-05,-0.002123096087394533,0.000777777777777778,-0.002900873865172311
2019-03-06,-0.0034290983096437,0.00015555555555555554,-0.0035846538651992553
2019-03-07,-0.0024858392193550425,0.00031111111111111107,-0.0027969503304661534
2019-03-08,0.0010996532809701572,0.00015555555555555554,0.0009440977254146017
2019-03-11,0.0009483316923100363,0.00031111111111111107,0.0006372205811989252
2019-03-12,-0.0013547974381586825,0.0,-0.0013547974381586825
2019-03-13,0.002058507759103717,0.00031111111111111107,0.0017473966479926062
2019-03-14,-0.00039137059488208385,0.0004666666666666667,-0.0008580372615487506
2019-03-15,-0.0014290872541576165,0.00031111111111111107,-0.0017401983652687277
2019-03-18,-0.0018530921306033129,0.0004666666666666667,-0.0023197587972699795
2019-03-19,-0.0013624778566573416,0.00031111111111111107,-0.0016735889677684528
2019-03-20,-0.0004953452510101991,0.00031111111111111107,-0.0008064563621213101
2019-03-21,-0.002282560561323365,0.00031111111111111107,-0.002593671672434476
2019-03-22,0.0,0.0007000000000000002,-0.0007000000000000002
2019-03-25,-0.001065509695753919,0.0007000000000000002,-0.001765509695753919
2019-03-26,0.0016121121876167728,0.00015555555555555554,0.0014565566320612173
2019-03-27,0.0004699673030003195,0.00031111111111111107,0.00015885619188920843
2019-03-28,0.00290561660827736,0.00031111111111111107,0.002594505497166249
2019-03-29,0.0019749460669958117,0.0006222222222222224,0.0013527238447735893
2019-04-01,-0.0010200596174548334,0.0007777777777777778,-0.0017978373952326112
2019-04-02,0.0,0.0007000000000000002,-0.0007000000000000002
2019-04-03,0.0,0.0,0.0
2019-04-04,0.0,0.0,0.0
2019-04-05,0.0,0.0,0.0
2019-04-08,0.0,0.0,0.0
2019-04-09,0.0,0.0,0.0
2019-04-10,0.0,0.0,0.0
2019-04-11,0.0,0.0,0.0
2019-04-12,0.0,0.0,0.0
2019-04-15,0.0,0.0,0.0
2019-04-16,0.0,0.0,0.0
2019-04-17,0.0,0.0,0.0
2019-04-18,0.0,0.0,0.0
2019-04-22,0.0,0.0,0.0
2019-04-23,0.0,0.0,0.0
2019-04-24,0.0,0.0,0.0
2019-04-25,0.0,0.0,0.0
2019-04-26,0.0,0.0,0.0
2019-04-29,0.0,0.0,0.0
2019-04-30,0.0,0.0,0.0
2019-05-01,0.0,0.0,0.0
2019-05-02,0.0,0.0,0.0
2019-05-03,0.0,0.0,0.0
2019-05-06,0.0,0.0,0.0
2019-05-07,0.0,0.0,0.0
2019-05-08,0.0,0.0,0.0
2019-05-09,0.0,0.0,0.0
2019-05-10,0.0,0.0,0.0
2019-05-13,0.0,0.0,0.0
2019-05-14,0.004614124488616915,0.0007000000000000002,0.003914124488616915
2019-05-15,0.004380609272147994,0.0,0.004380609272147994
2019-05-16,0.002020932963798694,0.00031111111111111107,0.0017098218526875831
2019-05-17,0.0,0.0007000000000000002,-0.0007000000000000002
2019-05-20,0.00015159162592034026,0.0007000000000000002,-0.00054840837407966
2019-05-21,0.002638836888621617,0.0009333333333333334,0.0017055035552882838
2019-05-22,0.0,0.0007000000000000002,-0.0007000000000000002
2019-05-23,-0.008828505941398427,0.0007,-0.009528505941398426
2019-05-24,0.0018361338693241424,0.00031111111111111107,0.0015250227582130314
2019-05-28,0.0037011492454502365,0.00031111111111111107,0.0033900381343391255
2019-05-29,0.0009756399112299408,0.0006222222222222223,0.0003534176890077186
2019-05-30,-0.0014723052727882372,0.00015555555555555554,-0.0016278608283437927
2019-05-31,-0.0023727383559789296,0.0004666666666666667,-0.0028394050226455965
2019-06-03,0.00528010177572412,0.0004666666666666667,0.004813435109057454
2019-06-04,0.008898628029304585,0.0009333333333333334,0.007965294695971252
2019-06-05,3.0613051982893426e-05,0.0004666666666666667,-0.0004360536146837733
2019-06-06,0.0012933327672316722,0.0006222222222222221,0.00067111054500945
2019-06-07,0.005260639568017181,0.00015555555555555554,0.005105084012461626
2019-06-10,0.0,0.0007000000000000002,-0.0007000000000000002
2019-06-11,0.0,0.0,0.0
2019-06-12,0.0,0.0,0.0
2019-06-13,0.0,0.0,0.0
2019-06-14,0.0,0.0,0.0
2019-06-17,0.0,0.0,0.0
2019-06-18,0.0,0.0,0.0
2019-06-19,0.0,0.0,0.0
2019-06-20,0.0,0.0,0.0
2019-06-21,0.0,0.0,0.0
2019-06-24,0.0,0.0,0.0
2019-06-25,0.0,0.0,0.0
2019-06-26,0.0,0.0,0.0
2019-06-27,0.0,0.0,0.0
2019-06-28,0.0,0.0,0.0
2019-07-01,0.0,0.0,0.0
2019-07-02,0.0,0.0,0.0
2019-07-03,0.0,0.0,0.0
2019-07-05,0.0,0.0,0.0
2019-07-08,0.0,0.0,0.0
2019-07-09,0.0,0.0,0.0
2019-07-10,0.0,0.0,0.0
2019-07-11,0.0,0.0,0.0
2019-07-12,0.0,0.0,0.0
2019-07-15,0.0,0.0,0.0
2019-07-16,0.0,0.0,0.0
2019-07-17,0.0,0.0,0.0
2019-07-18,0.0,0.0,0.0
2019-07-19,0.0,0.0,0.0
2019-07-22,0.0,0.0,0.0
2019-07-23,0.0,0.0,0.0
2019-07-24,0.0,0.0,0.0
2019-07-25,0.0,0.0,0.0
2019-07-26,0.0,0.0,0.0
2019-07-29,0.0,0.0,0.0
2019-07-30,0.0,0.0,0.0
2019-07-31,0.0,0.0,0.0
2019-08-01,0.0,0.0,0.0
2019-08-02,0.0,0.0,0.0
2019-08-05,0.0,0.0,0.0
2019-08-06,0.004216118545360907,0.0007000000000000002,0.003516118545360907
2019-08-07,0.0,0.0007000000000000002,-0.0007000000000000002
2019-08-08,0.0,0.0,0.0
2019-08-09,0.0,0.0,0.0
2019-08-12,0.0,0.0,0.0
2019-08-13,0.0023352620494611434,0.0007000000000000002,0.0016352620494611433
2019-08-14,0.0,0.0007000000000000002,-0.0007000000000000002
2019-08-15,-0.00448476826893497,0.0007000000000000002,-0.00518476826893497
2019-08-16,0.00593890594784933,0.00031111111111111107,0.005627794836738219
2019-08-19,0.0,0.0007000000000000002,-0.0007000000000000002
2019-08-20,0.0,0.0,0.0
2019-08-21,0.0,0.0,0.0
2019-08-22,0.0,0.0,0.0
2019-08-23,0.0,0.0,0.0
2019-08-26,0.00010511145977787459,0.0007000000000000002,-0.0005948885402221256
2019-08-27,-0.0021115239800602653,0.0,-0.0021115239800602653
2019-08-28,0.003455412194060191,0.00015555555555555554,0.0032998566385046353
2019-08-29,0.0055122012715527425,0.0004666666666666667,0.005045534604886076
2019-08-30,0.0,0.0007000000000000002,-0.0007000000000000002
2019-09-03,0.0,0.0,0.0
2019-09-04,0.0,0.0,0.0
2019-09-05,0.0,0.0,0.0
2019-09-06,0.0,0.0,0.0
2019-09-09,0.0,0.0,0.0
2019-09-10,0.0,0.0,0.0
2019-09-11,0.0,0.0,0.0
2019-09-12,0.0,0.0,0.0
2019-09-13,0.0,0.0,0.0
2019-09-16,0.0,0.0,0.0
2019-09-17,0.0,0.0,0.0
2019-09-18,0.0,0.0,0.0
2019-09-19,0.0,0.0,0.0
2019-09-20,0.0,0.0,0.0
2019-09-23,0.0,0.0,0.0
2019-09-24,0.0,0.0,0.0
2019-09-25,0.0,0.0,0.0
2019-09-26,0.0,0.0,0.0
2019-09-27,0.0,0.0,0.0
2019-09-30,0.0,0.0,0.0
2019-10-01,0.0,0.0,0.0
2019-10-02,0.0,0.0,0.0
2019-10-03,0.00047830627248944676,0.0007000000000000002,-0.00022169372751055345
2019-10-04,2.8508869022983788e-05,0.00015555555555555554,-0.00012704668653257175
2019-10-07,0.0,0.0007000000000000002,-0.0007000000000000002
2019-10-08,0.0,0.0,0.0
2019-10-09,0.002562398138129505,0.0007000000000000002,0.0018623981381295047
2019-10-10,0.002483504633253444,0.00031111111111111107,0.002172393522142333
2019-10-11,-0.000915251679666267,0.0006222222222222221,-0.0015374739018884892
2019-10-14,0.0,0.0007,-0.0007
2019-10-15,0.0,0.0,0.0
2019-10-16,0.0,0.0,0.0
2019-10-17,0.0,0.0,0.0
2019-10-18,0.0,0.0,0.0
2019-10-21,0.0,0.0,0.0
2019-10-22,0.0,0.0,0.0
2019-10-23,0.0,0.0,0.0
2019-10-24,0.0,0.0,0.0
2019-10-25,0.0,0.0,0.0
2019-10-28,0.0,0.0,0.0
2019-10-29,0.0,0.0,0.0
2019-10-30,0.0,0.0,0.0
2019-10-31,0.0,0.0,0.0
2019-11-01,0.0,0.0,0.0
2019-11-04,0.0,0.0,0.0
2019-11-05,0.0,0.0,0.0
2019-11-06,0.0,0.0,0.0
2019-11-07,0.0,0.0,0.0
2019-11-08,0.0,0.0,0.0
2019-11-11,0.0,0.0,0.0
2019-11-12,0.0,0.0,0.0
2019-11-13,0.0,0.0,0.0
2019-11-14,0.0,0.0,0.0
2019-11-15,0.0,0.0,0.0
2019-11-18,0.0,0.0,0.0
2019-11-19,0.0,0.0,0.0
2019-11-20,0.0,0.0,0.0
2019-11-21,0.0,0.0,0.0
2019-11-22,0.0,0.0,0.0
2019-11-25,0.0,0.0,0.0
2019-11-26,0.0,0.0,0.0
2019-11-27,0.0,0.0,0.0
2019-11-29,0.0,0.0,0.0
2019-12-02,0.0,0.0,0.0
2019-12-03,0.0,0.0,0.0
2019-12-04,0.0,0.0,0.0
2019-12-05,0.0,0.0,0.0
2019-12-06,0.0,0.0,0.0
2019-12-09,0.0,0.0,0.0
2019-12-10,0.0,0.0,0.0
2019-12-11,0.0,0.0,0.0
2019-12-12,0.0,0.0,0.0
2019-12-13,0.0,0.0,0.0
2019-12-16,0.0,0.0,0.0
2019-12-17,0.0,0.0,0.0
2019-12-18,0.0,0.0,0.0
2019-12-19,0.0,0.0,0.0
2019-12-20,0.0,0.0,0.0
2019-12-23,0.0,0.0,0.0
2019-12-24,0.0,0.0,0.0
2019-12-26,0.0,0.0,0.0
2019-12-27,0.0,0.0,0.0
2019-12-30,0.0,0.0,0.0
2019-12-31,0.0,0.0,0.0
2020-01-02,0.0,0.0,0.0
2020-01-03,0.0,0.0,0.0
2020-01-06,0.0,0.0,0.0
2020-01-07,0.0,0.0,0.0
2020-01-08,0.0,0.0,0.0
2020-01-09,0.0,0.0,0.0
2020-01-10,0.0,0.0,0.0
2020-01-13,0.0,0.0,0.0
2020-01-14,0.0,0.0,0.0
2020-01-15,0.0,0.0,0.0
2020-01-16,0.0,0.0,0.0
2020-01-17,0.0,0.0,0.0
2020-01-21,0.0,0.0,0.0
2020-01-22,0.0,0.0,0.0
2020-01-23,0.0,0.0,0.0
2020-01-24,0.0,0.0,0.0
2020-01-27,0.0,0.0,0.0
2020-01-28,0.0,0.0,0.0
2020-01-29,0.0,0.0,0.0
2020-01-30,0.0,0.0,0.0
2020-01-31,0.0,0.0,0.0
2020-02-03,0.0,0.0,0.0
2020-02-04,0.0,0.0,0.0
2020-02-05,0.0,0.0,0.0
2020-02-06,0.0,0.0,0.0
2020-02-07,0.0,0.0,0.0
2020-02-10,0.0,0.0,0.0
2020-02-11,0.0,0.0,0.0
2020-02-12,0.0,0.0,0.0
2020-02-13,0.0,0.0,0.0
2020-02-14,0.0,0.0,0.0
2020-02-18,0.0,0.0,0.0
2020-02-19,0.0,0.0,0.0
2020-02-20,0.0,0.0,0.0
2020-02-21,0.0,0.0,0.0
2020-02-24,0.0,0.0,0.0
2020-02-25,0.0,0.0,0.0
2020-02-26,-0.0005957539871274247,0.0007000000000000002,-0.001295753987127425
2020-02-27,-0.00705580569072792,0.00015555555555555554,-0.007211361246283476
2020-02-28,0.0067009940396555775,0.00015555555555555554,0.006545438484100022
2020-03-02,0.0016837604102990017,0.0006222222222222224,0.0010615381880767793
2020-03-03,0.004765700745141315,0.00031111111111111107,0.004454589634030204
2020-03-04,-0.003373075481542,0.0004666666666666667,-0.003839742148208667
2020-03-05,-0.01262103778832535,0.00031111111111111107,-0.01293214889943646
2020-03-06,-0.010640056014249527,0.00015555555555555554,-0.010795611569805083
2020-03-09,-0.034987202453720855,0.00015555555555555554,-0.03514275800927641
2020-03-10,0.0,0.0007000000000000002,-0.0007000000000000002
2020-03-11,0.0,0.0,0.0
2020-03-12,0.0,0.0,0.0
2020-03-13,0.0,0.0,0.0
2020-03-16,0.0,0.0,0.0
2020-03-17,0.0,0.0,0.0
2020-03-18,0.0,0.0,0.0
2020-03-19,0.0,0.0,0.0
2020-03-20,0.0,0.0,0.0
2020-03-23,0.0,0.0,0.0
2020-03-24,0.0,0.0,0.0
2020-03-25,0.0,0.0,0.0
2020-03-26,0.0,0.0,0.0
2020-03-27,0.0,0.0,0.0
2020-03-30,0.0,0.0,0.0
2020-03-31,0.0,0.0,0.0
2020-04-01,0.0,0.0,0.0
2020-04-02,0.0,0.0,0.0
2020-04-03,0.0,0.0,0.0
2020-04-06,0.0,0.0,0.0
2020-04-07,0.0,0.0,0.0
2020-04-08,0.0,0.0,0.0
2020-04-09,0.0,0.0,0.0
2020-04-13,0.0,0.0,0.0
2020-04-14,0.0,0.0,0.0
2020-04-15,0.0,0.0,0.0
2020-04-16,0.0,0.0,0.0
2020-04-17,0.0,0.0,0.0
2020-04-20,-0.00839827712679353,0.0007000000000000002,-0.00909827712679353
2020-04-21,0.0,0.0007000000000000002,-0.0007000000000000002
2020-04-22,0.0,0.0,0.0
2020-04-23,0.0,0.0,0.0
2020-04-24,0.0,0.0,0.0
2020-04-27,0.0,0.0,0.0
2020-04-28,-0.011427817935439986,0.0007000000000000002,-0.012127817935439987
2020-04-29,-0.010086801776654355,0.00031111111111111107,-0.010397912887765466
2020-04-30,0.007573024640622756,0.00031111111111111107,0.007261913529511645
2020-05-01,0.004452337707413553,0.00015555555555555554,0.004296782151857997
2020-05-04,0.0,0.0007000000000000002,-0.0007000000000000002
2020-05-05,0.0,0.0,0.0
2020-05-06,-0.00929741126714519,0.0007000000000000002,-0.00999741126714519
2020-05-07,0.0,0.0007000000000000002,-0.0007000000000000002
2020-05-08,0.006163107731530504,0.0007000000000000002,0.005463107731530504
2020-05-11,-0.0047277132508206764,0.00031111111111111107,-0.005038824361931787
2020-05-12,-0.00187396057987796,0.00015555555555555554,-0.0020295161354335154
2020-05-13,-0.003997239617819306,0.00031111111111111107,-0.004308350728930417
2020-05-14,0.0,0.0007000000000000002,-0.0007000000000000002
2020-05-15,0.0,0.0,0.0
2020-05-18,0.027167206773315373,0.0007000000000000002,0.026467206773315374
2020-05-19,0.0001854437418523894,0.0012444444444444447,-0.0010590007025920553
2020-05-20,-0.0008361051978867328,0.0006222222222222221,-0.001458327420108955
2020-05-21,-0.0035707860613236114,0.0004666666666666667,-0.004037452727990278
2020-05-22,0.005075603683075753,0.00015555555555555554,0.004920048127520197
2020-05-26,-0.012301260470675588,0.00031111111111111107,-0.0126123715817867
2020-05-27,-0.008945765700808071,0.00031111111111111107,-0.009256876811919182
2020-05-28,0.009531742986355396,0.0,0.009531742986355396
2020-05-29,0.006183593446155094,0.0004666666666666667,0.005716926779488428
2020-06-01,-0.00047753014580067784,0.00015555555555555554,-0.0006330857013562333
2020-06-02,0.002201658863026282,0.00015555555555555554,0.0020461033074707265
2020-06-03,-0.0014008045920005491,0.0004666666666666667,-0.0018674712586672158
2020-06-04,0.0,0.0007000000000000002,-0.0007000000000000002
2020-06-05,0.0,0.0,0.0
2020-06-08,0.0,0.0,0.0
2020-06-09,0.0,0.0,0.0
2020-06-10,0.0,0.0,0.0
2020-06-11,0.0,0.0,0.0
2020-06-12,0.009832370704165302,0.0007000000000000002,0.009132370704165301
2020-06-15,0.0012171165672754114,0.0,0.0012171165672754114
2020-06-16,0.005174526345388447,0.0,0.005174526345388447
2020-06-17,0.0,0.0007000000000000002,-0.0007000000000000002
2020-06-18,0.0,0.0,0.0
2020-06-19,0.0,0.0,0.0
2020-06-22,-0.0023301466782375117,0.0007000000000000002,-0.0030301466782375118
2020-06-23,0.0,0.0007000000000000002,-0.0007000000000000002
2020-06-24,0.0,0.0,0.0
2020-06-25,0.0029886320704035616,0.0007000000000000002,0.0022886320704035615
2020-06-26,-0.002104891022457331,0.0004666666666666667,-0.002571557689123998
2020-06-29,0.0036279236547008204,0.0006222222222222224,0.003005701432478598
2020-06-30,0.0013142546770639194,0.0006222222222222224,0.000692032454841697
2020-07-01,-0.0024002865798234225,0.0004666666666666667,-0.0028669532464900894
2020-07-02,-0.001270982572275857,0.0004666666666666667,-0.0017376492389425237
2020-07-06,0.0,0.0007000000000000002,-0.0007000000000000002
2020-07-07,0.0,0.0,0.0
2020-07-08,0.0,0.0,0.0
2020-07-09,0.0,0.0,0.0
2020-07-10,0.0,0.0,0.0
2020-07-13,0.0,0.0,0.0
2020-07-14,0.0,0.0,0.0
2020-07-15,0.0,0.0,0.0
2020-07-16,0.0,0.0,0.0
2020-07-17,0.0,0.0,0.0
2020-07-20,0.0,0.0,0.0
2020-07-21,0.0,0.0,0.0
2020-07-22,0.0,0.0,0.0
2020-07-23,0.0,0.0,0.0
2020-07-24,0.0,0.0,0.0
2020-07-27,0.0,0.0,0.0
2020-07-28,0.0,0.0,0.0
2020-07-29,0.0,0.0,0.0
2020-07-30,0.0,0.0,0.0
2020-07-31,0.0,0.0,0.0
2020-08-03,0.0,0.0,0.0
2020-08-04,0.0,0.0,0.0
2020-08-05,0.0,0.0,0.0
2020-08-06,0.0,0.0,0.0
2020-08-07,0.0,0.0,0.0
2020-08-10,0.0,0.0,0.0
2020-08-11,0.0,0.0,0.0
2020-08-12,0.0,0.0,0.0
2020-08-13,0.0,0.0,0.0
2020-08-14,0.0,0.0,0.0
2020-08-17,0.0,0.0,0.0
2020-08-18,0.0,0.0,0.0
2020-08-19,0.0,0.0,0.0
2020-08-20,0.0,0.0,0.0
2020-08-21,0.0,0.0,0.0
2020-08-24,0.0,0.0,0.0
2020-08-25,0.0,0.0,0.0
2020-08-26,0.0,0.0,0.0
2020-08-27,0.0,0.0,0.0
2020-08-28,0.0,0.0,0.0
2020-08-31,0.0,0.0,0.0
2020-09-01,0.0,0.0,0.0
2020-09-02,0.0,0.0,0.0
2020-09-03,0.0,0.0,0.0
2020-09-04,0.0,0.0,0.0
2020-09-08,0.0,0.0,0.0
2020-09-09,0.0,0.0,0.0
2020-09-10,0.0,0.0,0.0
2020-09-11,0.0,0.0,0.0
2020-09-14,0.0,0.0,0.0
2020-09-15,0.0,0.0,0.0
2020-09-16,0.0,0.0,0.0
2020-09-17,0.0,0.0,0.0
2020-09-18,0.0,0.0,0.0
2020-09-21,0.0,0.0,0.0
2020-09-22,0.0,0.0,0.0
2020-09-23,0.0,0.0,0.0
2020-09-24,0.0,0.0,0.0
2020-09-25,0.0,0.0,0.0
2020-09-28,0.0,0.0,0.0
2020-09-29,0.0,0.0,0.0
2020-09-30,0.0,0.0,0.0
2020-10-01,0.0,0.0,0.0
2020-10-02,0.0,0.0,0.0
2020-10-05,0.0,0.0,0.0
2020-10-06,0.0,0.0,0.0
2020-10-07,0.0,0.0,0.0
2020-10-08,0.0,0.0,0.0
2020-10-09,0.0,0.0,0.0
2020-10-12,0.0,0.0,0.0
2020-10-13,0.0,0.0,0.0
2020-10-14,0.0,0.0,0.0
2020-10-15,0.0,0.0,0.0
2020-10-16,0.0,0.0,0.0
2020-10-19,0.0,0.0,0.0
2020-10-20,0.0,0.0,0.0
2020-10-21,0.0,0.0,0.0
2020-10-22,0.0,0.0,0.0
2020-10-23,0.0,0.0,0.0
2020-10-26,0.0,0.0,0.0
2020-10-27,0.0,0.0,0.0
2020-10-28,0.0,0.0,0.0
2020-10-29,0.0,0.0,0.0
2020-10-30,0.0,0.0,0.0
2020-11-02,0.0,0.0,0.0
2020-11-03,0.0,0.0,0.0
2020-11-04,0.0,0.0,0.0
2020-11-05,0.0,0.0,0.0
2020-11-06,0.0,0.0,0.0
2020-11-09,0.0,0.0,0.0
2020-11-10,0.0,0.0,0.0
2020-11-11,0.0,0.0,0.0
2020-11-12,0.0,0.0,0.0
2020-11-13,0.0,0.0,0.0
2020-11-16,0.0,0.0,0.0
2020-11-17,0.0,0.0,0.0
2020-11-18,0.0,0.0,0.0
2020-11-19,0.0,0.0,0.0
2020-11-20,0.0,0.0,0.0
2020-11-23,0.0,0.0,0.0
2020-11-24,0.0,0.0,0.0
2020-11-25,0.0,0.0,0.0
2020-11-27,0.0,0.0,0.0
2020-11-30,0.0,0.0,0.0
2020-12-01,0.0,0.0,0.0
2020-12-02,0.0,0.0,0.0
2020-12-03,0.0,0.0,0.0
2020-12-04,0.0,0.0,0.0
2020-12-07,0.0,0.0,0.0
2020-12-08,0.0,0.0,0.0
2020-12-09,0.0,0.0,0.0
2020-12-10,0.0,0.0,0.0
2020-12-11,0.0,0.0,0.0
2020-12-14,0.0,0.0,0.0
2020-12-15,0.0,0.0,0.0
2020-12-16,0.0,0.0,0.0
2020-12-17,0.0,0.0,0.0
2020-12-18,0.0,0.0,0.0
2020-12-21,0.0,0.0,0.0
2020-12-22,0.0,0.0,0.0
2020-12-23,0.0,0.0,0.0
2020-12-24,0.0,0.0,0.0
2020-12-28,0.0,0.0,0.0
2020-12-29,0.0,0.0,0.0
2020-12-30,0.0,0.0,0.0
2020-12-31,0.0,0.0,0.0
2021-01-04,0.0,0.0,0.0
2021-01-05,0.0,0.0,0.0
2021-01-06,0.0,0.0,0.0
2021-01-07,0.0,0.0,0.0
2021-01-08,0.0,0.0,0.0
2021-01-11,0.0,0.0,0.0
2021-01-12,0.0,0.0,0.0
2021-01-13,0.0,0.0,0.0
2021-01-14,0.0,0.0,0.0
2021-01-15,0.0,0.0,0.0
2021-01-19,0.0,0.0,0.0
2021-01-20,0.0,0.0,0.0
2021-01-21,0.0,0.0,0.0
2021-01-22,0.0,0.0,0.0
2021-01-25,0.0,0.0,0.0
2021-01-26,0.0,0.0,0.0
2021-01-27,0.0,0.0,0.0
2021-01-28,0.0,0.0,0.0
2021-01-29,0.0,0.0,0.0
2021-02-01,0.0,0.0,0.0
2021-02-02,0.0,0.0,0.0
2021-02-03,0.0,0.0,0.0
2021-02-04,0.0,0.0,0.0
2021-02-05,0.0,0.0,0.0
2021-02-08,0.0,0.0,0.0
2021-02-09,0.0,0.0,0.0
2021-02-10,0.0,0.0,0.0
2021-02-11,0.0,0.0,0.0
2021-02-12,0.0,0.0,0.0
2021-02-16,0.0,0.0,0.0
2021-02-17,0.0,0.0,0.0
2021-02-18,0.0,0.0,0.0
2021-02-19,0.0,0.0,0.0
2021-02-22,0.0,0.0,0.0
2021-02-23,0.0,0.0,0.0
2021-02-24,0.0,0.0,0.0
2021-02-25,0.0,0.0,0.0
2021-02-26,0.0,0.0,0.0
2021-03-01,0.0,0.0,0.0
2021-03-02,0.0,0.0,0.0
2021-03-03,0.0,0.0,0.0
2021-03-04,0.0,0.0,0.0
2021-03-05,0.0,0.0,0.0
2021-03-08,0.0,0.0,0.0
2021-03-09,0.0,0.0,0.0
2021-03-10,0.0,0.0,0.0
2021-03-11,0.0,0.0,0.0
2021-03-12,0.0,0.0,0.0
2021-03-15,0.0,0.0,0.0
2021-03-16,0.0,0.0,0.0
2021-03-17,0.0,0.0,0.0
2021-03-18,0.0,0.0,0.0
2021-03-19,0.0,0.0,0.0
2021-03-22,0.0,0.0,0.0
2021-03-23,0.0,0.0,0.0
2021-03-24,0.0,0.0,0.0
2021-03-25,0.0,0.0,0.0
2021-03-26,0.0,0.0,0.0
2021-03-29,0.0,0.0,0.0
2021-03-30,0.0,0.0,0.0
2021-03-31,0.0,0.0,0.0
2021-04-01,0.0,0.0,0.0
2021-04-05,0.0,0.0,0.0
2021-04-06,0.0,0.0,0.0
2021-04-07,0.0,0.0,0.0
2021-04-08,0.0,0.0,0.0
2021-04-09,0.0,0.0,0.0
2021-04-12,0.0,0.0,0.0
2021-04-13,0.0,0.0,0.0
2021-04-14,0.0,0.0,0.0
2021-04-15,0.0,0.0,0.0
2021-04-16,0.0,0.0,0.0
2021-04-19,0.0,0.0,0.0
2021-04-20,0.0,0.0,0.0
2021-04-21,0.0,0.0,0.0
2021-04-22,0.0,0.0,0.0
2021-04-23,0.0,0.0,0.0
2021-04-26,0.0,0.0,0.0
2021-04-27,0.0,0.0,0.0
2021-04-28,0.0,0.0,0.0
2021-04-29,0.0,0.0,0.0
2021-04-30,0.0,0.0,0.0
2021-05-03,0.0,0.0,0.0
2021-05-04,0.0,0.0,0.0
2021-05-05,0.0,0.0,0.0
2021-05-06,0.0,0.0,0.0
2021-05-07,0.0,0.0,0.0
2021-05-10,0.0,0.0,0.0
2021-05-11,0.0,0.0,0.0
2021-05-12,0.0,0.0,0.0
2021-05-13,0.0,0.0,0.0
2021-05-14,0.0,0.0,0.0
2021-05-17,0.0,0.0,0.0
2021-05-18,0.0,0.0,0.0
2021-05-19,0.0,0.0,0.0
2021-05-20,0.0,0.0,0.0
2021-05-21,0.0,0.0,0.0
2021-05-24,0.0,0.0,0.0
2021-05-25,0.0,0.0,0.0
2021-05-26,0.0,0.0,0.0
2021-05-27,0.0,0.0,0.0
2021-05-28,0.0,0.0,0.0
2021-06-01,0.0,0.0,0.0
2021-06-02,0.0,0.0,0.0
2021-06-03,0.0,0.0,0.0
2021-06-04,0.0,0.0,0.0
2021-06-07,0.0,0.0,0.0
2021-06-08,0.0,0.0,0.0
2021-06-09,0.0,0.0,0.0
2021-06-10,0.0,0.0,0.0
2021-06-11,0.0,0.0,0.0
2021-06-14,0.0,0.0,0.0
2021-06-15,0.0,0.0,0.0
2021-06-16,0.0,0.0,0.0
2021-06-17,0.0,0.0,0.0
2021-06-18,0.0,0.0,0.0
2021-06-21,0.0,0.0,0.0
2021-06-22,0.0,0.0,0.0
2021-06-23,0.0,0.0,0.0
2021-06-24,0.0,0.0,0.0
2021-06-25,0.0,0.0,0.0
2021-06-28,0.0,0.0,0.0
2021-06-29,0.0,0.0,0.0
2021-06-30,0.0,0.0,0.0
2021-07-01,0.0,0.0,0.0
2021-07-02,0.0,0.0,0.0
2021-07-06,0.0,0.0,0.0
2021-07-07,0.0,0.0,0.0
2021-07-08,0.0,0.0,0.0
2021-07-09,0.0,0.0,0.0
2021-07-12,0.0,0.0,0.0
2021-07-13,0.0,0.0,0.0
2021-07-14,0.0,0.0,0.0
2021-07-15,0.0,0.0,0.0
2021-07-16,0.0,0.0,0.0
2021-07-19,0.0,0.0,0.0
2021-07-20,0.0,0.0,0.0
2021-07-21,0.0,0.0,0.0
2021-07-22,0.0,0.0,0.0
2021-07-23,0.0,0.0,0.0
2021-07-26,0.0,0.0,0.0
2021-07-27,0.0,0.0,0.0
2021-07-28,0.0,0.0,0.0
2021-07-29,0.0,0.0,0.0
2021-07-30,0.0,0.0,0.0
2021-08-02,0.0,0.0,0.0
2021-08-03,0.0,0.0,0.0
2021-08-04,0.0,0.0,0.0
2021-08-05,0.0,0.0,0.0
2021-08-06,0.0,0.0,0.0
2021-08-09,0.0,0.0,0.0
2021-08-10,0.0,0.0,0.0
2021-08-11,0.0,0.0,0.0
2021-08-12,0.0,0.0,0.0
2021-08-13,0.0,0.0,0.0
2021-08-16,0.0,0.0,0.0
2021-08-17,0.0,0.0,0.0
2021-08-18,0.0,0.0,0.0
2021-08-19,0.0,0.0,0.0
2021-08-20,0.0,0.0,0.0
2021-08-23,0.0,0.0,0.0
2021-08-24,0.0,0.0,0.0
2021-08-25,0.0,0.0,0.0
2021-08-26,0.0,0.0,0.0
2021-08-27,0.0,0.0,0.0
2021-08-30,0.0,0.0,0.0
2021-08-31,0.0,0.0,0.0
2021-09-01,0.0,0.0,0.0
2021-09-02,0.0,0.0,0.0
2021-09-03,0.0,0.0,0.0
2021-09-07,0.0,0.0,0.0
2021-09-08,0.0,0.0,0.0
2021-09-09,0.0,0.0,0.0
2021-09-10,0.0,0.0,0.0
2021-09-13,0.0,0.0,0.0
2021-09-14,0.0,0.0,0.0
2021-09-15,0.0,0.0,0.0
2021-09-16,0.0,0.0,0.0
2021-09-17,0.0,0.0,0.0
2021-09-20,0.0,0.0,0.0
2021-09-21,0.0,0.0,0.0
2021-09-22,0.0,0.0,0.0
2021-09-23,0.0,0.0,0.0
2021-09-24,0.0,0.0,0.0
2021-09-27,0.0,0.0,0.0
2021-09-28,0.0,0.0,0.0
2021-09-29,0.0,0.0,0.0
2021-09-30,0.0,0.0,0.0
2021-10-01,0.0,0.0,0.0
2021-10-04,0.0,0.0,0.0
2021-10-05,0.0,0.0,0.0
2021-10-06,0.0,0.0,0.0
2021-10-07,0.0,0.0,0.0
2021-10-08,0.0,0.0,0.0
2021-10-11,0.0,0.0,0.0
2021-10-12,0.0,0.0,0.0
2021-10-13,0.0,0.0,0.0
2021-10-14,0.0,0.0,0.0
2021-10-15,0.0,0.0,0.0
2021-10-18,0.0,0.0,0.0
2021-10-19,0.0,0.0,0.0
2021-10-20,0.0,0.0,0.0
2021-10-21,0.0,0.0,0.0
2021-10-22,0.0,0.0,0.0
2021-10-25,0.0,0.0,0.0
2021-10-26,0.0,0.0,0.0
2021-10-27,0.0,0.0,0.0
2021-10-28,0.0,0.0,0.0
2021-10-29,0.0,0.0,0.0
2021-11-01,0.0,0.0,0.0
2021-11-02,0.0,0.0,0.0
2021-11-03,0.0,0.0,0.0
2021-11-04,0.0,0.0,0.0
2021-11-05,0.0,0.0,0.0
2021-11-08,0.0,0.0,0.0
2021-11-09,0.0,0.0,0.0
2021-11-10,0.0,0.0,0.0
2021-11-11,0.0,0.0,0.0
2021-11-12,0.0,0.0,0.0
2021-11-15,0.0,0.0,0.0
2021-11-16,0.0,0.0,0.0
2021-11-17,0.0,0.0,0.0
2021-11-18,0.0,0.0,0.0
2021-11-19,0.0,0.0,0.0
2021-11-22,0.0,0.0,0.0
2021-11-23,0.0,0.0,0.0
2021-11-24,0.0,0.0,0.0
2021-11-26,0.0,0.0,0.0
2021-11-29,0.0,0.0,0.0
2021-11-30,0.0,0.0,0.0
2021-12-01,0.0,0.0,0.0
2021-12-02,0.0,0.0,0.0
2021-12-03,0.0,0.0,0.0
2021-12-06,0.0,0.0,0.0
2021-12-07,0.0,0.0,0.0
2021-12-08,0.0,0.0,0.0
2021-12-09,0.0,0.0,0.0
2021-12-10,0.0,0.0,0.0
2021-12-13,0.0,0.0,0.0
2021-12-14,0.0,0.0,0.0
2021-12-15,0.0,0.0,0.0
2021-12-16,0.0,0.0,0.0
2021-12-17,0.0,0.0,0.0
2021-12-20,0.0,0.0,0.0
2021-12-21,0.0,0.0,0.0
2021-12-22,0.0,0.0,0.0
2021-12-23,0.0,0.0,0.0
2021-12-27,0.0,0.0,0.0
2021-12-28,0.0,0.0,0.0
2021-12-29,0.0,0.0,0.0
2021-12-30,0.0,0.0,0.0
2021-12-31,0.0,0.0,0.0
2022-01-03,0.0,0.0,0.0
2022-01-04,0.0,0.0,0.0
2022-01-05,0.0,0.0,0.0
2022-01-06,0.0,0.0,0.0
2022-01-07,0.0,0.0,0.0
2022-01-10,0.0,0.0,0.0
2022-01-11,0.0,0.0,0.0
2022-01-12,0.0,0.0,0.0
2022-01-13,0.0,0.0,0.0
2022-01-14,0.0,0.0,0.0
2022-01-18,0.0,0.0,0.0
2022-01-19,0.0,0.0,0.0
2022-01-20,-0.00491326427925651,0.0007000000000000002,-0.00561326427925651
2022-01-21,-0.0068326333136123525,0.0,-0.0068326333136123525
2022-01-24,0.005847936661052531,0.00031111111111111107,0.00553682554994142
2022-01-25,-0.00907686191814162,0.00031111111111111107,-0.009387973029252731
2022-01-26,0.0009533337193075276,0.00031111111111111107,0.0006422226081964165
2022-01-27,-0.0023028541027023796,0.00031111111111111107,-0.0026139652138134906
2022-01-28,0.0077912860003368015,0.00031111111111111107,0.0074801748892256905
2022-01-31,0.007066105398700648,0.0004666666666666667,0.006599438732033981
2022-02-01,-0.0021952664661403967,0.0006222222222222224,-0.002817488688362619
2022-02-02,0.00017729667011947853,0.00031111111111111107,-0.00013381444099163254
2022-02-03,0.00929946054113167,0.0004666666666666667,0.008832793874465002
2022-02-04,-0.004071910953606817,0.0007777777777777778,-0.004849688731384595
2022-02-07,-0.0027934410645617585,0.0006222222222222223,-0.003415663286783981
2022-02-08,0.0028075394510427534,0.0006222222222222223,0.002185317228820531
2022-02-09,0.009991353560066911,0.00015555555555555554,0.009835798004511355
2022-02-10,-0.004947398601532347,0.0004666666666666667,-0.005414065268199013
2022-02-11,0.0043131184086483655,0.0004666666666666667,0.0038464517419816986
2022-02-14,0.00471793664374488,0.0009333333333333334,0.003784603310411547
2022-02-15,-0.0012875465405240618,0.0006222222222222223,-0.0019097687627462842
2022-02-16,-0.00015712886125913213,0.0004666666666666667,-0.0006237955279257989
2022-02-17,-0.0064166008967644714,0.0006222222222222221,-0.007038823118986693
2022-02-18,-0.0024894855462845003,0.0004666666666666667,-0.002956152212951167
2022-02-22,0.0018458612752429737,0.0006222222222222224,0.0012236390530207513
2022-02-23,-0.0031135021408163184,0.0006222222222222221,-0.0037357243630385404
2022-02-24,0.0,0.0007000000000000002,-0.0007000000000000002
2022-02-25,0.0015660193098672418,0.0007000000000000002,0.0008660193098672416
2022-02-28,0.0004250196987860554,0.0006222222222222221,-0.00019720252343616675
2022-03-01,-0.008462927704258962,0.0004666666666666667,-0.00892959437092563
2022-03-02,0.002633742370843473,0.00015555555555555554,0.0024781868152879173
2022-03-03,0.006083310478976305,0.0004666666666666667,0.005616643812309639
2022-03-04,-0.014972219155471691,0.001088888888888889,-0.01606110804436058
2022-03-07,-0.019439646408100315,0.00015555555555555554,-0.01959520196365587
2022-03-08,0.0,0.0007000000000000002,-0.0007000000000000002
2022-03-09,0.0,0.0,0.0
2022-03-10,-0.008746629181600641,0.0007000000000000002,-0.009446629181600642
2022-03-11,0.0,0.0007000000000000002,-0.0007000000000000002
2022-03-14,0.0,0.0,0.0
2022-03-15,0.0,0.0,0.0
2022-03-16,0.0,0.0,0.0
2022-03-17,0.002786963444521229,0.0007000000000000002,0.0020869634445212287
2022-03-18,-0.0034598377848481642,0.00015555555555555554,-0.0036153933404037197
2022-03-21,0.006552127785741656,0.0004666666666666667,0.00608546111907499
2022-03-22,-0.006991675208400061,0.00015555555555555554,-0.007147230763955617
2022-03-23,0.0007047189306285857,0.0004666666666666667,0.000238052263961919
2022-03-24,-5.5317259017393294e-05,0.0004666666666666667,-0.00052198392568406
2022-03-25,0.00034976023682646107,0.00031111111111111107,3.864912571535e-05
2022-03-28,0.006337204066523111,0.00031111111111111107,0.006026092955412
2022-03-29,-0.0017622065920003505,0.0006222222222222221,-0.0023844288142225727
2022-03-30,0.0027272010271386124,0.00031111111111111107,0.0024160899160275014
2022-03-31,-0.004242202674698795,0.00015555555555555554,-0.00439775823025435
2022-04-01,-0.0018907723256765447,0.0006222222222222224,-0.0025129945478987673
2022-04-04,0.002393388808284929,0.00031111111111111107,0.0020822776971738182
2022-04-05,-0.0038385369684885706,0.0004666666666666667,-0.004305203635155237
2022-04-06,-0.011868144086619192,0.0004666666666666667,-0.012334810753285859
2022-04-07,-0.0010320661749107325,0.00031111111111111107,-0.0013431772860218434
2022-04-08,-0.0054017003719518545,0.00015555555555555554,-0.00555725592750741
2022-04-11,-0.0010781981748821945,0.00031111111111111107,-0.0013893092859933055
2022-04-12,-0.0024921261508149177,0.00015555555555555554,-0.0026476817063704732
2022-04-13,0.007946564245218432,0.0,0.007946564245218432
2022-04-14,-0.006587815223960186,0.0006222222222222221,-0.007210037446182408
2022-04-18,-0.001521728758901713,0.0004666666666666667,-0.0019883954255683796
2022-04-19,0.00525829639924222,0.00015555555555555554,0.0051027408436866645
2022-04-20,-0.0018814218093878843,0.0004666666666666667,-0.002348088476054551
2022-04-21,-0.003950256112030987,0.0004666666666666667,-0.0044169227786976534
2022-04-22,-0.004774088752665803,0.0006222222222222224,-0.005396310974888026
2022-04-25,0.0,0.0007000000000000002,-0.0007000000000000002
2022-04-26,0.0012040478623096419,0.0007000000000000002,0.0005040478623096416
2022-04-27,0.0,0.0007000000000000002,-0.0007000000000000002
2022-04-28,0.0,0.0,0.0
2022-04-29,0.0,0.0,0.0
2022-05-02,0.0,0.0,0.0
2022-05-03,0.0,0.0,0.0
2022-05-04,0.0,0.0,0.0
2022-05-05,0.002238876383707392,0.0007000000000000002,0.001538876383707392
2022-05-06,0.0,0.0007000000000000002,-0.0007000000000000002
2022-05-09,0.0,0.0,0.0
2022-05-10,0.0,0.0,0.0
2022-05-11,0.0,0.0,0.0
2022-05-12,0.0,0.0,0.0
2022-05-13,0.0,0.0,0.0
2022-05-16,0.0,0.0,0.0
2022-05-17,0.0,0.0,0.0
2022-05-18,0.0,0.0,0.0
2022-05-19,0.0,0.0,0.0
2022-05-20,0.0,0.0,0.0
2022-05-23,0.0,0.0,0.0
2022-05-24,0.0,0.0,0.0
2022-05-25,0.0,0.0,0.0
2022-05-26,0.0,0.0,0.0
2022-05-27,0.0,0.0,0.0
2022-05-31,0.0,0.0,0.0
2022-06-01,0.0,0.0,0.0
2022-06-02,0.0,0.0,0.0
2022-06-03,0.0,0.0,0.0
2022-06-06,0.0,0.0,0.0
2022-06-07,0.0,0.0,0.0
2022-06-08,0.0,0.0,0.0
2022-06-09,0.0,0.0,0.0
2022-06-10,0.0,0.0,0.0
2022-06-13,0.0,0.0,0.0
2022-06-14,0.0,0.0,0.0
2022-06-15,0.0,0.0,0.0
2022-06-16,0.0,0.0,0.0
2022-06-17,0.0,0.0,0.0
2022-06-21,0.0,0.0,0.0
2022-06-22,0.0,0.0,0.0
2022-06-23,0.0,0.0,0.0
2022-06-24,0.0,0.0,0.0
2022-06-27,0.0,0.0,0.0
2022-06-28,0.0,0.0,0.0
2022-06-29,0.0,0.0,0.0
2022-06-30,0.0,0.0,0.0
2022-07-01,0.0,0.0,0.0
2022-07-05,0.0,0.0,0.0
2022-07-06,0.0,0.0,0.0
2022-07-07,0.0,0.0,0.0
2022-07-08,0.0,0.0,0.0
2022-07-11,0.0,0.0,0.0
2022-07-12,0.0,0.0,0.0
2022-07-13,0.0,0.0,0.0
2022-07-14,0.0,0.0,0.0
2022-07-15,0.0,0.0,0.0
2022-07-18,0.0,0.0,0.0
2022-07-19,0.0,0.0,0.0
2022-07-20,0.0,0.0,0.0
2022-07-21,0.0,0.0,0.0
2022-07-22,0.0,0.0,0.0
2022-07-25,0.0,0.0,0.0
2022-07-26,0.0,0.0,0.0
2022-07-27,0.0,0.0,0.0
2022-07-28,0.0,0.0,0.0
2022-07-29,0.0,0.0,0.0
2022-08-01,0.0,0.0,0.0
2022-08-02,0.0,0.0,0.0
2022-08-03,0.0,0.0,0.0
2022-08-04,-0.006199640824747959,0.0007000000000000002,-0.0068996408247479594
2022-08-05,0.007078899872350588,0.0004666666666666666,0.006612233205683922
2022-08-08,0.0019127449810654295,0.00031111111111111107,0.0016016338699543185
2022-08-09,0.006919924602959192,0.00015555555555555554,0.006764369047403637
2022-08-10,0.0,0.0007000000000000002,-0.0007000000000000002
2022-08-11,-0.004208452301408477,0.0007000000000000002,-0.004908452301408477
2022-08-12,0.002331515552551819,0.00015555555555555554,0.0021759599969962636
2022-08-15,0.005638237376968088,0.00015555555555555554,0.005482681821412532
2022-08-16,0.002049185841006687,0.00031111111111111107,0.0017380747298955759
2022-08-17,0.0046065257363773204,0.0006222222222222221,0.0039843035141550985
2022-08-18,-0.004320885654258194,0.0009333333333333334,-0.005254218987591527
2022-08-19,-0.0022773474919270216,0.0004666666666666667,-0.0027440141585936884
2022-08-22,-0.007550973421732226,0.0004666666666666667,-0.008017640088398894
2022-08-23,-0.002144705124743222,0.0004666666666666667,-0.002611371791409889
2022-08-24,0.0008231499205980529,0.00031111111111111107,0.0005120388094869418
2022-08-25,0.0044782944550847414,0.00031111111111111107,0.0041671833439736305
2022-08-26,-0.01124396105950197,0.00015555555555555554,-0.011399516615057526
2022-08-29,0.0,0.0007000000000000002,-0.0007000000000000002
2022-08-30,0.0,0.0,0.0
2022-08-31,0.0,0.0,0.0
2022-09-01,0.0,0.0,0.0
2022-09-02,0.0,0.0,0.0
2022-09-06,0.0,0.0,0.0
2022-09-07,0.0,0.0,0.0
2022-09-08,0.0,0.0,0.0
2022-09-09,0.0,0.0,0.0
2022-09-12,0.0,0.0,0.0
2022-09-13,-0.0030179679311371148,0.0007000000000000002,-0.003717967931137115
2022-09-14,0.0,0.0007000000000000002,-0.0007000000000000002
2022-09-15,0.0,0.0,0.0
2022-09-16,0.0,0.0,0.0
2022-09-19,0.0,0.0,0.0
2022-09-20,0.0,0.0,0.0
2022-09-21,0.0,0.0,0.0
2022-09-22,0.0,0.0,0.0
2022-09-23,0.0,0.0,0.0
2022-09-26,0.0,0.0,0.0
2022-09-27,0.0,0.0,0.0
2022-09-28,0.0,0.0,0.0
2022-09-29,0.0,0.0,0.0
2022-09-30,0.0,0.0,0.0
2022-10-03,0.0,0.0,0.0
2022-10-04,0.0,0.0,0.0
2022-10-05,0.0,0.0,0.0
2022-10-06,0.0,0.0,0.0
2022-10-07,0.0,0.0,0.0
2022-10-10,0.0,0.0,0.0
2022-10-11,0.0,0.0,0.0
2022-10-12,0.0,0.0,0.0
2022-10-13,0.0,0.0,0.0
2022-10-14,0.0,0.0,0.0
2022-10-17,0.0,0.0,0.0
2022-10-18,0.0,0.0,0.0
2022-10-19,0.0,0.0,0.0
2022-10-20,0.0,0.0,0.0
2022-10-21,0.0,0.0,0.0
2022-10-24,0.0,0.0,0.0
2022-10-25,0.0,0.0,0.0
2022-10-26,0.0,0.0,0.0
2022-10-27,0.0,0.0,0.0
2022-10-28,0.0,0.0,0.0
2022-10-31,0.0,0.0,0.0
2022-11-01,0.0,0.0,0.0
2022-11-02,0.0,0.0,0.0
2022-11-03,0.0,0.0,0.0
2022-11-04,0.0,0.0,0.0
2022-11-07,0.0,0.0,0.0
2022-11-08,0.0,0.0,0.0
2022-11-09,0.0,0.0,0.0
2022-11-10,0.0,0.0,0.0
2022-11-11,-0.002066105248803487,0.0007000000000000002,-0.002766105248803487
2022-11-14,-0.0002773908267991672,0.00031111111111111107,-0.0005885019379102783
2022-11-15,-0.0010455614465638206,0.0,-0.0010455614465638206
2022-11-16,0.005012012536452522,0.00015555555555555554,0.004856456980896966
2022-11-17,0.0022686074422306373,0.00015555555555555554,0.002113051886675082
2022-11-18,0.007845188632794339,0.000777777777777778,0.007067410855016561
2022-11-21,-0.004029858166842291,0.001088888888888889,-0.00511874705573118
2022-11-22,0.0058992420765615105,0.0004666666666666667,0.005432575409894844
2022-11-23,0.0008236346624294927,0.00015555555555555554,0.0006680791068739372
2022-11-25,-0.0027969248650481964,0.00015555555555555554,-0.002952480420603752
2022-11-28,-0.0023426888201031203,0.00031111111111111107,-0.0026537999312142312
2022-11-29,0.003078749763557906,0.0004666666666666667,0.0026120830968912392
2022-11-30,0.007867085985505572,0.00031111111111111107,0.007555974874394461
2022-12-01,-0.0017553285013173585,0.0009333333333333334,-0.002688661834650692
2022-12-02,0.0007954379155925314,0.00031111111111111107,0.0004843268044814204
2022-12-05,-0.002182722280500587,0.00031111111111111107,-0.002493833391611698
2022-12-06,0.001361252558502217,0.0006222222222222224,0.0007390303362799946
2022-12-07,-0.001052178363730332,0.0006222222222222224,-0.0016744005859525544
2022-12-08,0.0006589668856129668,0.0004666666666666667,0.00019230021894630012
2022-12-09,8.804857933162057e-05,0.00015555555555555554,-6.750697622393497e-05
2022-12-12,0.0010378999151513392,0.00031111111111111107,0.0007267888040402281
2022-12-13,0.0031235627752230263,0.00015555555555555554,0.0029680072196674708
2022-12-14,-0.0007343484562924625,0.0006222222222222221,-0.0013565706785146846
2022-12-15,-0.0015530238194848675,0.00015555555555555554,-0.001708579375040423
2022-12-16,0.0025450902992227974,0.0006222222222222224,0.001922868077000575
2022-12-19,-0.006604616292647833,0.0004666666666666667,-0.007071282959314499
2022-12-20,0.0,0.0007000000000000002,-0.0007000000000000002
2022-12-21,0.0,0.0,0.0
2022-12-22,-0.004666337973259129,0.0007000000000000002,-0.005366337973259129
2022-12-23,0.0,0.0007000000000000002,-0.0007000000000000002
2022-12-27,-0.00823894763899676,0.0007000000000000002,-0.008938947638996761
2022-12-28,-0.0019777794305037752,0.00015555555555555554,-0.0021333349860593307
2022-12-29,0.0,0.0007,-0.0007
2022-12-30,7.386000829751646e-05,0.0007000000000000002,-0.0006261399917024838
2023-01-03,-0.0009974934345275224,0.0004666666666666667,-0.001464160101194189
2023-01-04,-0.004220430691064592,0.00031111111111111107,-0.004531541802175703
2023-01-05,0.0012073765660892196,0.0006222222222222224,0.0005851543438669972
2023-01-06,0.0,0.0007000000000000002,-0.0007000000000000002
2023-01-09,0.0005333657821190816,0.0007000000000000002,-0.00016663421788091863
2023-01-10,-0.0025641647222513306,0.0004666666666666667,-0.0030308313889179975
2023-01-11,0.0005742866599877475,0.00031111111111111107,0.00026317554887663646
2023-01-12,-0.003062901089191038,0.0004666666666666667,-0.003529567755857705
2023-01-13,0.0003908208632304023,0.00015555555555555554,0.00023526530767484677
2023-01-17,-0.0034668968946341104,0.0004666666666666667,-0.003933563561300777
2023-01-18,-0.00498501550846326,0.00015555555555555554,-0.0051405710640188155
2023-01-19,-0.00019437623975457634,0.00015555555555555554,-0.0003499317953101319
2023-01-20,-0.0035011355753676995,0.0006222222222222224,-0.004123357797589922
2023-01-23,-0.004353115819877567,0.00031111111111111107,-0.004664226930988678
2023-01-24,0.00283151118848642,0.00031111111111111107,0.002520400077375309
2023-01-25,-0.0022203603558353193,0.00015555555555555554,-0.002375915911390875
2023-01-26,-0.006471184573396237,0.0,-0.006471184573396237
2023-01-27,-0.006211317073903371,0.00015555555555555554,-0.006366872629458927
2023-01-30,0.0033365155755638886,0.00015555555555555554,0.003180960020008333
2023-01-31,0.0009488899028596714,0.0004666666666666667,0.0004822232361930047
2023-02-01,-0.006552657602911398,0.0004666666666666667,-0.007019324269578064
2023-02-02,0.0,0.0007000000000000002,-0.0007000000000000002
2023-02-03,0.0,0.0,0.0
2023-02-06,0.0,0.0,0.0
2023-02-07,0.0,0.0,0.0
2023-02-08,0.0,0.0,0.0
2023-02-09,0.0,0.0,0.0
2023-02-10,0.0,0.0,0.0
2023-02-13,0.0,0.0,0.0
2023-02-14,0.0,0.0,0.0
2023-02-15,0.0,0.0,0.0
2023-02-16,0.0,0.0,0.0
2023-02-17,0.0,0.0,0.0
2023-02-21,0.0,0.0,0.0
2023-02-22,-0.0006953663135397371,0.0007000000000000002,-0.0013953663135397375
2023-02-23,0.005358432061487512,0.00015555555555555554,0.005202876505931956
2023-02-24,-0.004493083993675453,0.00015555555555555554,-0.004648639549231008
2023-02-27,0.0041386591389808896,0.00031111111111111107,0.0038275480278697786
2023-02-28,-0.0003397527304368858,0.0006222222222222223,-0.0009619749526591081
2023-03-01,-0.005477201436660799,0.0006222222222222221,-0.006099423658883021
2023-03-02,0.002984725871418551,0.00031111111111111107,0.00267361476030744
2023-03-03,0.0038513922213388634,0.00031111111111111107,0.0035402811102277524
2023-03-06,0.0018547083472962482,0.0004666666666666667,0.0013880416806295816
2023-03-07,-0.0016347299198505485,0.0004666666666666667,-0.002101396586517215
2023-03-08,0.001448981440991333,0.0004666666666666667,0.0009823147743246664
2023-03-09,-0.007773630939343591,0.0004666666666666667,-0.008240297606010258
2023-03-10,-0.003282778140446948,0.0,-0.003282778140446948
2023-03-13,-0.009012544599485403,0.00031111111111111107,-0.009323655710596514
2023-03-14,0.0019430507817189324,0.00031111111111111107,0.0016319396706078212
2023-03-15,-0.019972667659120175,0.00031111111111111107,-0.020283778770231287
2023-03-16,0.0013054380258418078,0.00015555555555555554,0.0011498824702862523
2023-03-17,-0.00905814896239122,0.00015555555555555554,-0.009213704517946777
2023-03-20,0.006233937399759772,0.0,0.006233937399759772
2023-03-21,0.006031801776682229,0.00015555555555555554,0.005876246221126673
2023-03-22,-0.006051564861656084,0.00015555555555555554,-0.006207120417211639
2023-03-23,-0.006866173661989075,0.0006222222222222224,-0.007488395884211298
2023-03-24,0.006020400558605876,0.00015555555555555554,0.005864845003050321
2023-03-27,0.0006510846727693458,0.00031111111111111107,0.0003399735616582347
2023-03-28,0.0005054098291522466,0.00031111111111111107,0.00019429871804113553
2023-03-29,0.004353217592539198,0.0007777777777777778,0.00357543981476142
2023-03-30,-0.0008477567109815717,0.0006222222222222221,-0.0014699789332037938
2023-03-31,0.002339797665828197,0.00031111111111111107,0.002028686554717086
2023-04-03,0.0,0.0007000000000000002,-0.0007000000000000002
2023-04-04,0.0,0.0,0.0
2023-04-05,0.0,0.0,0.0
2023-04-06,0.0,0.0,0.0
2023-04-10,0.0,0.0,0.0
2023-04-11,0.0,0.0,0.0
2023-04-12,0.0,0.0,0.0
2023-04-13,0.0,0.0,0.0
2023-04-14,0.0,0.0,0.0
2023-04-17,0.0,0.0,0.0
2023-04-18,0.0,0.0,0.0
2023-04-19,0.0,0.0,0.0
2023-04-20,0.0,0.0,0.0
2023-04-21,0.0,0.0,0.0
2023-04-24,0.0,0.0,0.0
2023-04-25,0.0,0.0,0.0
2023-04-26,0.004609306707838433,0.0007000000000000002,0.003909306707838433
2023-04-27,0.008532710462365959,0.00031111111111111107,0.008221599351254848
2023-04-28,0.0,0.0007000000000000002,-0.0007000000000000002
2023-05-01,0.0,0.0,0.0
2023-05-02,0.0,0.0,0.0
2023-05-03,0.0,0.0,0.0
2023-05-04,0.0022155338065108377,0.0007000000000000002,0.0015155338065108376
2023-05-05,0.006784807803293145,0.0007777777777777778,0.006007030025515368
2023-05-08,0.0,0.0007000000000000002,-0.0007000000000000002
2023-05-09,0.0,0.0,0.0
2023-05-10,0.0,0.0,0.0
2023-05-11,0.0,0.0,0.0
2023-05-12,0.0,0.0,0.0
2023-05-15,0.0,0.0,0.0
2023-05-16,0.0,0.0,0.0
2023-05-17,0.0,0.0,0.0
2023-05-18,0.0,0.0,0.0
2023-05-19,0.0,0.0,0.0
2023-05-22,0.0,0.0,0.0
2023-05-23,0.0,0.0,0.0
2023-05-24,0.0,0.0,0.0
2023-05-25,0.0,0.0,0.0
2023-05-26,0.0,0.0,0.0
2023-05-30,0.0,0.0,0.0
2023-05-31,0.0,0.0,0.0
2023-06-01,0.0,0.0,0.0
2023-06-02,0.0,0.0,0.0
2023-06-05,0.0,0.0,0.0
2023-06-06,0.0,0.0,0.0
2023-06-07,0.0,0.0,0.0
2023-06-08,0.0,0.0,0.0
2023-06-09,0.0,0.0,0.0
2023-06-12,0.0,0.0,0.0
2023-06-13,0.0,0.0,0.0
2023-06-14,0.0,0.0,0.0
2023-06-15,0.0,0.0,0.0
2023-06-16,0.0,0.0,0.0
2023-06-20,0.0,0.0,0.0
2023-06-21,0.0,0.0,0.0
2023-06-22,0.0,0.0,0.0
2023-06-23,0.0,0.0,0.0
2023-06-26,0.0,0.0,0.0
2023-06-27,0.0,0.0,0.0
2023-06-28,0.0,0.0,0.0
2023-06-29,0.0,0.0,0.0
2023-06-30,0.0,0.0,0.0
2023-07-03,0.0,0.0,0.0
2023-07-05,0.0,0.0,0.0
2023-07-06,0.0,0.0,0.0
2023-07-07,0.0,0.0,0.0
2023-07-10,0.0,0.0,0.0
2023-07-11,0.0,0.0,0.0
2023-07-12,0.0,0.0,0.0
2023-07-13,0.0,0.0,0.0
2023-07-14,0.0,0.0,0.0
2023-07-17,0.0,0.0,0.0
2023-07-18,0.0,0.0,0.0
2023-07-19,0.0,0.0,0.0
2023-07-20,0.0,0.0,0.0
2023-07-21,0.0,0.0,0.0
2023-07-24,0.0,0.0,0.0
2023-07-25,0.0,0.0,0.0
2023-07-26,0.0,0.0,0.0
2023-07-27,0.0,0.0,0.0
2023-07-28,0.0,0.0,0.0
2023-07-31,0.0,0.0,0.0
2023-08-01,0.0,0.0,0.0
2023-08-02,0.0,0.0,0.0
2023-08-03,0.0,0.0,0.0
2023-08-04,0.0,0.0,0.0
2023-08-07,0.0,0.0,0.0
2023-08-08,0.0,0.0,0.0
2023-08-09,0.0,0.0,0.0
2023-08-10,0.0,0.0,0.0
2023-08-11,0.0,0.0,0.0
2023-08-14,0.0,0.0,0.0
2023-08-15,0.0,0.0,0.0
2023-08-16,0.0,0.0,0.0
2023-08-17,0.0,0.0,0.0
2023-08-18,0.0,0.0,0.0
2023-08-21,0.0,0.0,0.0
2023-08-22,0.0,0.0,0.0
2023-08-23,0.0,0.0,0.0
2023-08-24,0.0,0.0,0.0
2023-08-25,0.0,0.0,0.0
2023-08-28,0.0,0.0,0.0
2023-08-29,0.0,0.0,0.0
2023-08-30,0.0,0.0,0.0
2023-08-31,0.0,0.0,0.0
2023-09-01,0.0,0.0,0.0
2023-09-05,0.0,0.0,0.0
2023-09-06,0.0,0.0,0.0
2023-09-07,0.0,0.0,0.0
2023-09-08,0.0,0.0,0.0
2023-09-11,0.0,0.0,0.0
2023-09-12,0.0,0.0,0.0
2023-09-13,0.0,0.0,0.0
2023-09-14,0.0,0.0,0.0
2023-09-15,0.0,0.0,0.0
2023-09-18,0.0,0.0,0.0
2023-09-19,0.0,0.0,0.0
2023-09-20,0.0,0.0,0.0
2023-09-21,0.0,0.0,0.0
2023-09-22,-0.000840677896643068,0.0007000000000000002,-0.0015406778966430682
2023-09-25,0.002213262949672772,0.0,0.002213262949672772
2023-09-26,0.0,0.0007000000000000002,-0.0007000000000000002
2023-09-27,-0.004211635165439209,0.0007000000000000002,-0.004911635165439209
2023-09-28,-0.0017508212970637205,0.0006222222222222221,-0.0023730435192859424
2023-09-29,0.0033944698568637703,0.00015555555555555554,0.0032389143013082148
2023-10-02,-0.004734600538790415,0.00031111111111111107,-0.005045711649901526
2023-10-03,0.004662657170455022,0.0006222222222222224,0.0040404349482328
2023-10-04,-0.0024361189099612783,0.00031111111111111107,-0.0027472300210723893
2023-10-05,-0.0005084904433558185,0.0004666666666666667,-0.0009751571100224852
2023-10-06,-0.002552904725571927,0.00015555555555555554,-0.0027084602811274826
2023-10-09,0.004294518009309788,0.00031111111111111107,0.003983406898198677
2023-10-10,0.0015458177029278198,0.0006222222222222221,0.0009235954807055977
2023-10-11,0.0,0.0007000000000000002,-0.0007000000000000002
2023-10-12,0.0,0.0,0.0
2023-10-13,0.0031373792668912704,0.0007000000000000002,0.0024373792668912703
2023-10-16,0.0025729251794771465,0.0006222222222222224,0.001950702957254924
2023-10-17,0.0,0.0007000000000000002,-0.0007000000000000002
2023-10-18,0.0,0.0,0.0
2023-10-19,-0.0067271933457879,0.0007000000000000002,-0.0074271933457879
2023-10-20,-0.003096090556356586,0.0004666666666666667,-0.003562757223023253
2023-10-23,-0.0012135132390873478,0.0006222222222222224,-0.0018357354613095702
2023-10-24,0.004604890408767992,0.00031111111111111107,0.004293779297656881
2023-10-25,-0.003947766714363241,0.00031111111111111107,-0.004258877825474352
2023-10-26,-0.0006747893256822245,0.0004666666666666666,-0.0011414559923488912
2023-10-27,0.004686143269233038,0.0006222222222222223,0.004063921047010816
2023-10-30,0.0010764373497040845,0.00031111111111111107,0.0007653262385929734
2023-10-31,1.7312868422089895e-06,0.00015555555555555554,-0.00015382426871334655
2023-11-01,0.002099015061082467,0.00031111111111111107,0.001787903949971356
2023-11-02,0.00039075818188390524,0.000777777777777778,-0.0003870195958938727
2023-11-03,-0.004770243101960589,0.0004666666666666667,-0.005236909768627255
2023-11-06,0.0023522779188175605,0.0006222222222222224,0.0017300556965953381
2023-11-07,-0.0066784645519269124,0.00031111111111111107,-0.006989575663038023
2023-11-08,-0.0019217007621168528,0.0004666666666666667,-0.0023883674287835197
2023-11-09,0.0012914381906218913,0.00031111111111111107,0.0009803270795107804
2023-11-10,-0.0038644597854627805,0.0006222222222222224,-0.0044866820076850025
2023-11-13,0.0,0.0007,-0.0007
2023-11-14,0.0,0.0,0.0
2023-11-15,0.0,0.0,0.0
2023-11-16,0.0,0.0,0.0
2023-11-17,0.0,0.0,0.0
2023-11-20,0.0,0.0,0.0
2023-11-21,0.0,0.0,0.0
2023-11-22,0.0,0.0,0.0
2023-11-24,0.0,0.0,0.0
2023-11-27,0.0,0.0,0.0
2023-11-28,0.0,0.0,0.0
2023-11-29,0.0,0.0,0.0
2023-11-30,0.0,0.0,0.0
2023-12-01,0.0,0.0,0.0
2023-12-04,0.0,0.0,0.0
2023-12-05,0.0,0.0,0.0
2023-12-06,0.0,0.0,0.0
2023-12-07,0.0,0.0,0.0
2023-12-08,0.0,0.0,0.0
2023-12-11,0.0,0.0,0.0
2023-12-12,0.0,0.0,0.0
2023-12-13,0.0,0.0,0.0
2023-12-14,0.0,0.0,0.0
2023-12-15,0.0,0.0,0.0
2023-12-18,0.0,0.0,0.0
2023-12-19,0.0,0.0,0.0
2023-12-20,0.0,0.0,0.0
2023-12-21,0.0,0.0,0.0
2023-12-22,0.0,0.0,0.0
2023-12-26,0.0,0.0,0.0
2023-12-27,0.0,0.0,0.0
2023-12-28,0.0,0.0,0.0
2023-12-29,0.0,0.0,0.0
2024-01-02,0.0,0.0,0.0
2024-01-03,0.0,0.0,0.0
2024-01-04,0.0,0.0,0.0
2024-01-05,0.0,0.0,0.0
2024-01-08,0.0,0.0,0.0
2024-01-09,0.0,0.0,0.0
2024-01-10,0.0,0.0,0.0
2024-01-11,0.0,0.0,0.0
2024-01-12,0.0,0.0,0.0
2024-01-16,0.0,0.0,0.0
2024-01-17,0.0,0.0,0.0
2024-01-18,0.0,0.0,0.0
2024-01-19,0.0,0.0,0.0
2024-01-22,0.0,0.0,0.0
2024-01-23,0.0,0.0,0.0
2024-01-24,0.0,0.0,0.0
2024-01-25,0.0,0.0,0.0
2024-01-26,0.0,0.0,0.0
2024-01-29,0.0,0.0,0.0
2024-01-30,0.0,0.0,0.0
2024-01-31,0.0,0.0,0.0
2024-02-01,0.0,0.0,0.0
2024-02-02,0.0,0.0,0.0
2024-02-05,0.0,0.0,0.0
2024-02-06,0.0,0.0,0.0
2024-02-07,0.0,0.0,0.0
2024-02-08,0.0,0.0,0.0
2024-02-09,0.0,0.0,0.0
2024-02-12,0.0,0.0,0.0
2024-02-13,0.0,0.0,0.0
2024-02-14,0.0,0.0,0.0
2024-02-15,0.0,0.0,0.0
2024-02-16,0.0,0.0,0.0
2024-02-20,0.0,0.0,0.0
2024-02-21,0.0,0.0,0.0
2024-02-22,0.0,0.0,0.0
2024-02-23,0.0,0.0,0.0
2024-02-26,0.0,0.0,0.0
2024-02-27,0.0,0.0,0.0
2024-02-28,0.0,0.0,0.0
2024-02-29,0.0,0.0,0.0
2024-03-01,0.0,0.0,0.0
2024-03-04,0.0,0.0,0.0
2024-03-05,0.0,0.0,0.0
2024-03-06,0.0,0.0,0.0
2024-03-07,0.0,0.0,0.0
2024-03-08,0.0,0.0,0.0
2024-03-11,0.0,0.0,0.0
2024-03-12,0.0,0.0,0.0
2024-03-13,0.0,0.0,0.0
2024-03-14,0.0,0.0,0.0
2024-03-15,0.0,0.0,0.0
2024-03-18,0.0,0.0,0.0
2024-03-19,0.0,0.0,0.0
2024-03-20,0.0,0.0,0.0
2024-03-21,0.0,0.0,0.0
2024-03-22,0.0,0.0,0.0
2024-03-25,0.0,0.0,0.0
2024-03-26,0.0,0.0,0.0
2024-03-27,0.0,0.0,0.0
2024-03-28,0.0,0.0,0.0
2024-04-01,0.0,0.0,0.0
2024-04-02,0.0,0.0,0.0
2024-04-03,0.0,0.0,0.0
2024-04-04,0.0,0.0,0.0
2024-04-05,0.0,0.0,0.0
2024-04-08,0.0,0.0,0.0
2024-04-09,0.0,0.0,0.0
2024-04-10,0.0,0.0,0.0
2024-04-11,0.0,0.0,0.0
2024-04-12,0.0,0.0,0.0
2024-04-15,0.0,0.0,0.0
2024-04-16,0.0,0.0,0.0
2024-04-17,0.0,0.0,0.0
2024-04-18,0.0,0.0,0.0
2024-04-19,0.0,0.0,0.0
2024-04-22,0.0,0.0,0.0
2024-04-23,0.0,0.0,0.0
2024-04-24,0.0,0.0,0.0
2024-04-25,0.0,0.0,0.0
2024-04-26,0.0,0.0,0.0
2024-04-29,0.0,0.0,0.0
2024-04-30,0.0,0.0,0.0
2024-05-01,0.0,0.0,0.0
2024-05-02,0.0,0.0,0.0
2024-05-03,0.0,0.0,0.0
2024-05-06,0.0,0.0,0.0
2024-05-07,0.0,0.0,0.0
2024-05-08,0.0,0.0,0.0
2024-05-09,0.0,0.0,0.0
2024-05-10,0.0,0.0,0.0
2024-05-13,0.0,0.0,0.0
2024-05-14,0.0,0.0,0.0
2024-05-15,0.0,0.0,0.0
2024-05-16,0.0,0.0,0.0
2024-05-17,0.0,0.0,0.0
2024-05-20,0.0,0.0,0.0
2024-05-21,0.0,0.0,0.0
2024-05-22,0.0,0.0,0.0
2024-05-23,0.0,0.0,0.0
2024-05-24,0.0,0.0,0.0
2024-05-28,0.0,0.0,0.0
2024-05-29,0.0,0.0,0.0
2024-05-30,0.0,0.0,0.0
2024-05-31,0.0,0.0,0.0
2024-06-03,0.0,0.0,0.0
2024-06-04,0.0,0.0,0.0
2024-06-05,0.0,0.0,0.0
2024-06-06,0.0,0.0,0.0
2024-06-07,0.0,0.0,0.0
2024-06-10,0.0,0.0,0.0
2024-06-11,0.0,0.0,0.0
2024-06-12,0.0,0.0,0.0
2024-06-13,0.0,0.0,0.0
2024-06-14,0.0,0.0,0.0
2024-06-17,0.0,0.0,0.0
2024-06-18,0.0,0.0,0.0
2024-06-20,0.0,0.0,0.0
2024-06-21,0.0,0.0,0.0
2024-06-24,0.0,0.0,0.0
2024-06-25,0.0,0.0,0.0
2024-06-26,0.0,0.0,0.0
2024-06-27,0.0,0.0,0.0
2024-06-28,0.0,0.0,0.0
2024-07-01,0.0,0.0,0.0
2024-07-02,0.0,0.0,0.0
2024-07-03,0.0,0.0,0.0
2024-07-05,0.0,0.0,0.0
2024-07-08,0.0,0.0,0.0
2024-07-09,0.0,0.0,0.0
2024-07-10,0.0,0.0,0.0
2024-07-11,0.0,0.0,0.0
2024-07-12,0.0,0.0,0.0
2024-07-15,0.0,0.0,0.0
2024-07-16,0.0,0.0,0.0
2024-07-17,0.0,0.0,0.0
2024-07-18,0.0,0.0,0.0
2024-07-19,0.0,0.0,0.0
2024-07-22,0.0,0.0,0.0
2024-07-23,0.0,0.0,0.0
2024-07-24,0.0,0.0,0.0
2024-07-25,0.0,0.0,0.0
2024-07-26,0.0,0.0,0.0
2024-07-29,0.0,0.0,0.0
2024-07-30,0.0,0.0,0.0
2024-07-31,0.0,0.0,0.0
2024-08-01,0.0,0.0,0.0
2024-08-02,0.0,0.0,0.0
2024-08-05,0.0,0.0,0.0
2024-08-06,0.0,0.0,0.0
2024-08-07,0.0,0.0,0.0
2024-08-08,0.0,0.0,0.0
2024-08-09,0.0,0.0,0.0
2024-08-12,0.0,0.0,0.0
2024-08-13,0.0,0.0,0.0
2024-08-14,0.0,0.0,0.0
2024-08-15,0.0,0.0,0.0
2024-08-16,0.0,0.0,0.0
2024-08-19,0.0,0.0,0.0
2024-08-20,0.0,0.0,0.0
2024-08-21,0.0,0.0,0.0
2024-08-22,0.0,0.0,0.0
2024-08-23,0.0,0.0,0.0
2024-08-26,0.0,0.0,0.0
2024-08-27,0.0,0.0,0.0
2024-08-28,0.0,0.0,0.0
2024-08-29,0.0,0.0,0.0
2024-08-30,0.0,0.0,0.0
2024-09-03,0.0,0.0,0.0
2024-09-04,0.0,0.0,0.0
2024-09-05,0.0,0.0,0.0
2024-09-06,0.0,0.0,0.0
2024-09-09,0.0,0.0,0.0
2024-09-10,0.0,0.0,0.0
2024-09-11,0.0,0.0,0.0
2024-09-12,0.0,0.0,0.0
2024-09-13,0.0,0.0,0.0
2024-09-16,0.0,0.0,0.0
2024-09-17,0.0,0.0,0.0
2024-09-18,0.0,0.0,0.0
2024-09-19,0.0,0.0,0.0
2024-09-20,0.0,0.0,0.0
2024-09-23,0.0,0.0,0.0
2024-09-24,0.0,0.0,0.0
2024-09-25,0.0,0.0,0.0
2024-09-26,0.0,0.0,0.0
2024-09-27,0.0,0.0,0.0
2024-09-30,0.0,0.0,0.0
2024-10-01,0.0,0.0,0.0
2024-10-02,0.0,0.0,0.0
2024-10-03,0.0,0.0,0.0
2024-10-04,0.0,0.0,0.0
2024-10-07,0.0,0.0,0.0
2024-10-08,0.0,0.0,0.0
2024-10-09,0.0,0.0,0.0
2024-10-10,0.0,0.0,0.0
2024-10-11,0.0,0.0,0.0
2024-10-14,0.0,0.0,0.0
2024-10-15,0.0,0.0,0.0
2024-10-16,0.0,0.0,0.0
2024-10-17,0.0,0.0,0.0
2024-10-18,0.0,0.0,0.0
2024-10-21,0.0,0.0,0.0
2024-10-22,0.0,0.0,0.0
2024-10-23,0.0,0.0,0.0
2024-10-24,0.0,0.0,0.0
2024-10-25,0.0,0.0,0.0
2024-10-28,0.0,0.0,0.0
2024-10-29,0.0,0.0,0.0
2024-10-30,0.0,0.0,0.0
2024-10-31,0.0,0.0,0.0
2024-11-01,0.0,0.0,0.0
2024-11-04,0.0,0.0,0.0
2024-11-05,0.0,0.0,0.0
2024-11-06,0.0,0.0,0.0
2024-11-07,0.0,0.0,0.0
2024-11-08,0.0,0.0,0.0
2024-11-11,0.0,0.0,0.0
2024-11-12,0.0,0.0,0.0
2024-11-13,0.0,0.0,0.0
2024-11-14,0.0,0.0,0.0
2024-11-15,0.0,0.0,0.0
2024-11-18,0.0,0.0,0.0
2024-11-19,0.0,0.0,0.0
2024-11-20,0.0,0.0,0.0
2024-11-21,0.0,0.0,0.0
2024-11-22,0.0,0.0,0.0
2024-11-25,0.0,0.0,0.0
2024-11-26,0.0,0.0,0.0
2024-11-27,0.0,0.0,0.0
2024-11-29,0.0,0.0,0.0
2024-12-02,0.0,0.0,0.0
2024-12-03,0.0,0.0,0.0
2024-12-04,0.0,0.0,0.0
2024-12-05,0.0,0.0,0.0
2024-12-06,0.0,0.0,0.0
2024-12-09,0.0,0.0,0.0
2024-12-10,0.0,0.0,0.0
2024-12-11,0.0,0.0,0.0
2024-12-12,0.0,0.0,0.0
2024-12-13,0.0,0.0,0.0
2024-12-16,0.0,0.0,0.0
2024-12-17,0.0,0.0,0.0
2024-12-18,0.0,0.0,0.0
2024-12-19,0.0,0.0,0.0
2024-12-20,0.0,0.0,0.0
2024-12-23,0.0,0.0,0.0
2024-12-24,0.0,0.0,0.0
2024-12-26,0.0,0.0,0.0
2024-12-27,0.0,0.0,0.0
2024-12-30,0.0,0.0,0.0
2024-12-31,0.0,0.0,0.0
2025-01-02,0.0,0.0,0.0
2025-01-03,0.0,0.0,0.0
2025-01-06,0.0,0.0,0.0
2025-01-07,0.0,0.0,0.0
2025-01-08,0.0,0.0,0.0
2025-01-10,0.0,0.0,0.0
2025-01-13,0.0,0.0,0.0
2025-01-14,0.0,0.0,0.0
2025-01-15,0.0,0.0,0.0
2025-01-16,0.0,0.0,0.0
2025-01-17,0.0,0.0,0.0
2025-01-21,0.0,0.0,0.0
2025-01-22,0.0,0.0,0.0
2025-01-23,0.0,0.0,0.0
2025-01-24,0.0,0.0,0.0
2025-01-27,0.0,0.0,0.0
2025-01-28,0.0,0.0,0.0
2025-01-29,0.0,0.0,0.0
2025-01-30,0.0,0.0,0.0
2025-01-31,0.0,0.0,0.0
2025-02-03,0.0,0.0,0.0
2025-02-04,0.0,0.0,0.0
2025-02-05,0.0,0.0,0.0
2025-02-06,0.0,0.0,0.0
2025-02-07,0.0,0.0,0.0
2025-02-10,0.0,0.0,0.0
2025-02-11,0.0,0.0,0.0
2025-02-12,0.0,0.0,0.0
2025-02-13,0.0,0.0,0.0
2025-02-14,0.0,0.0,0.0
2025-02-18,0.0,0.0,0.0
2025-02-19,0.0,0.0,0.0
2025-02-20,0.0,0.0,0.0
2025-02-21,0.0,0.0,0.0
2025-02-24,0.0,0.0,0.0
2025-02-25,0.0,0.0,0.0
2025-02-26,0.0,0.0,0.0
2025-02-27,0.0,0.0,0.0
2025-02-28,0.00215154111960758,0.0007,0.0014515411196075797
2025-03-03,0.0,0.0007,-0.0007
2025-03-04,0.0033910539663753398,0.0007,0.0026910539663753397
2025-03-05,0.00466573639778948,0.00031111111111111107,0.004354625286678369
2025-03-06,-0.004673487771378302,0.00031111111111111107,-0.004984598882489413
2025-03-07,0.0016888981189914468,0.0004666666666666667,0.0012222314523247801
2025-03-10,-0.007232034863396062,0.00031111111111111107,-0.007543145974507173
2025-03-11,0.0008986526891930418,0.0004666666666666667,0.0004319860225263751
2025-03-12,0.007131830966482634,0.00031111111111111107,0.006820719855371523
2025-03-13,-0.007695668383255515,0.00031111111111111107,-0.008006779494366626
2025-03-14,0.0025172961043991755,0.00031111111111111107,0.0022061849932880646
2025-03-17,9.068514105060714e-05,0.0006222222222222224,-0.0005315370811716152
2025-03-18,-0.002849529151377076,0.00015555555555555554,-0.0030050847069326317
2025-03-19,-0.0003049800460991714,0.00015555555555555554,-0.00046053560165472694
2025-03-20,-0.0008600681294967812,0.0006222222222222224,-0.0014822903517190036
2025-03-21,0.0022815829716555194,0.00031111111111111107,0.0019704718605444084
2025-03-24,0.000172169163382721,0.000777777777777778,-0.000605608614395057
2025-03-25,-0.006902009117827506,0.0004666666666666667,-0.007368675784494173
2025-03-26,0.00759717468579356,0.00031111111111111107,0.007286063574682449
2025-03-27,4.453332195173142e-05,0.0004666666666666667,-0.0004221333447149353
2025-03-28,0.0048980447976244325,0.00015555555555555554,0.004742489242068877
2025-03-31,-0.003295726145751305,0.0007777777777777778,-0.004073503923529082
2025-04-01,0.002014973742469876,0.00031111111111111107,0.0017038626313587652
2025-04-02,0.005011911430419693,0.00015555555555555554,0.004856355874864137
2025-04-03,-0.022691415698263738,0.00031111111111111107,-0.02300252680937485
2025-04-04,0.0,0.0007000000000000002,-0.0007000000000000002
2025-04-07,0.0,0.0,0.0
2025-04-08,0.0,0.0,0.0
2025-04-09,0.0,0.0,0.0
2025-04-10,-0.006220235760298249,0.0007,-0.006920235760298249
2025-04-11,0.0,0.0007,-0.0007
2025-04-14,0.0,0.0,0.0
2025-04-15,0.0,0.0,0.0
2025-04-16,0.0,0.0,0.0
2025-04-17,0.0,0.0,0.0
2025-04-21,0.0,0.0,0.0
2025-04-22,0.0,0.0,0.0
2025-04-23,0.0,0.0,0.0
2025-04-24,0.0,0.0,0.0
2025-04-25,0.0,0.0,0.0
2025-04-28,0.0023589830318822246,0.0007000000000000002,0.0016589830318822245
2025-04-29,0.0004411520654636908,0.00031111111111111107,0.0001300409543525797
2025-04-30,-0.0011336229382971942,0.0,-0.0011336229382971942
2025-05-01,-0.004417447113366878,0.00031111111111111107,-0.004728558224477989
2025-05-02,-0.0007147459519098514,0.00031111111111111107,-0.0010258570630209624
2025-05-05,-0.002491720860161127,0.0004666666666666667,-0.002958387526827794
2025-05-06,0.00010856774516586454,0.00031111111111111107,-0.00020254336594524653
2025-05-07,-0.0004629889372802878,0.00031111111111111107,-0.0007741000483913989
2025-05-08,-0.0006908552210744701,0.00015555555555555554,-0.0008464107766300256
2025-05-09,0.0004806251893155385,0.00031111111111111107,0.00016951407820442742
2025-05-12,-0.001908189405668985,0.0006222222222222221,-0.002530411627891207
2025-05-13,-0.012523201652113142,0.0006222222222222221,-0.013145423874335364
2025-05-14,-0.00521472400433619,0.0,-0.00521472400433619
2025-05-15,0.00842828133388851,0.00015555555555555554,0.008272725778332954
2025-05-16,0.006099890693151458,0.00015555555555555554,0.005944335137595903
2025-05-19,0.0023208699449596385,0.00015555555555555554,0.002165314389404083
2025-05-20,-0.0002965901073539445,0.0006222222222222221,-0.0009188123295761667
2025-05-21,-0.002942970633488423,0.0009333333333333334,-0.003876303966821756
2025-05-22,0.0029708866325696506,0.00015555555555555554,0.002815331077014095
2025-05-23,-0.0010957046377910605,0.00031111111111111107,-0.0014068157489021717
2025-05-27,0.005935370107670733,0.00031111111111111107,0.005624258996559622
2025-05-28,-0.0009593776844471307,0.0006222222222222221,-0.0015815999066693528
2025-05-29,0.003775514999076036,0.0004666666666666667,0.003308848332409369
2025-05-30,0.0028461289894610533,0.0007777777777777778,0.0020683512116832755
2025-06-02,0.0032580933341143214,0.0007777777777777778,0.0024803155563365435
2025-06-03,0.0026346540755905166,0.0009333333333333334,0.0017013207422571833
2025-06-04,0.003202463412171427,0.0009333333333333332,0.002269130078838094
2025-06-05,-0.0014864544426573566,0.0006222222222222221,-0.0021086766648795788
2025-06-06,0.0012087918733996413,0.00031111111111111107,0.0008976807622885302
2025-06-09,0.0,0.0007000000000000002,-0.0007000000000000002
2025-06-10,0.0,0.0,0.0
2025-06-11,0.0,0.0,0.0
2025-06-12,0.0,0.0,0.0
2025-06-13,0.0,0.0,0.0
2025-06-16,0.0055725937344344905,0.0007,0.00487259373443449
2025-06-17,0.0,0.0007,-0.0007
2025-06-18,0.0004052525039948376,0.0007,-0.0002947474960051624
2025-06-20,-0.0012129187394463385,0.00031111111111111107,-0.0015240298505574497
2025-06-23,0.004505703288789518,0.00031111111111111107,0.004194592177678407
2025-06-24,0.0,0.0007000000000000002,-0.0007000000000000002
2025-06-25,0.0,0.0,0.0
2025-06-26,0.0,0.0,0.0
2025-06-27,0.0,0.0,0.0
2025-06-30,0.0,0.0,0.0
2025-07-01,0.0,0.0,0.0
2025-07-02,0.0,0.0,0.0
2025-07-03,0.0,0.0,0.0
2025-07-07,0.0,0.0,0.0
2025-07-08,0.0,0.0,0.0
2025-07-09,0.0,0.0,0.0
2025-07-10,0.0,0.0,0.0
2025-07-11,0.0,0.0,0.0
2025-07-14,0.0,0.0,0.0
2025-07-15,0.0,0.0,0.0
2025-07-16,0.0,0.0,0.0
2025-07-17,0.0,0.0,0.0
2025-07-18,0.0,0.0,0.0
2025-07-21,0.0,0.0,0.0
2025-07-22,0.0,0.0,0.0
2025-07-23,0.0,0.0,0.0
2025-07-24,0.0,0.0,0.0
2025-07-25,0.0,0.0,0.0
2025-07-28,0.0,0.0,0.0
2025-07-29,0.0,0.0,0.0
2025-07-30,0.0,0.0,0.0
2025-07-31,0.0,0.0,0.0
2025-08-01,0.0,0.0,0.0
2025-08-04,0.0,0.0,0.0
2025-08-05,0.0,0.0,0.0
2025-08-06,0.0,0.0,0.0
2025-08-07,0.0,0.0,0.0
2025-08-08,0.0,0.0,0.0
2025-08-11,0.0,0.0,0.0
2025-08-12,0.0,0.0,0.0
2025-08-13,0.0,0.0,0.0
2025-08-14,0.0,0.0,0.0
2025-08-15,0.0,0.0,0.0
2025-08-18,0.0,0.0,0.0
2025-08-19,0.0,0.0,0.0
2025-08-20,0.0,0.0,0.0
2025-08-21,0.0,0.0,0.0
2025-08-22,0.0,0.0,0.0
2025-08-25,0.0,0.0,0.0
2025-08-26,0.0,0.0,0.0
2025-08-27,0.0,0.0,0.0
2025-08-28,0.0,0.0,0.0
2025-08-29,0.0,0.0,0.0
2025-09-02,0.0,0.0,0.0
2025-09-03,0.0,0.0,0.0
2025-09-04,0.0,0.0,0.0
2025-09-05,0.0,0.0,0.0
2025-09-08,0.0,0.0,0.0
2025-09-09,0.0,0.0,0.0
2025-09-10,0.0,0.0,0.0
2025-09-11,0.0,0.0,0.0
2025-09-12,0.0,0.0,0.0
2025-09-15,0.0,0.0,0.0
2025-09-16,0.0,0.0,0.0
2025-09-17,0.0,0.0,0.0
2025-09-18,0.0,0.0,0.0
2025-09-19,0.0,0.0,0.0
2025-09-22,0.0,0.0,0.0
2025-09-23,0.0,0.0,0.0
2025-09-24,0.0,0.0,0.0
2025-09-25,0.0,0.0,0.0
2025-09-26,0.0,0.0,0.0
2025-09-29,0.0,0.0,0.0
2025-09-30,0.0,0.0,0.0
2025-10-01,0.0,0.0,0.0
2025-10-02,0.0,0.0,0.0
2025-10-03,0.0,0.0,0.0
2025-10-06,0.0,0.0,0.0
2025-10-07,0.0,0.0,0.0
2025-10-08,0.0,0.0,0.0
2025-10-09,0.0,0.0,0.0
2025-10-10,0.0,0.0,0.0
2025-10-13,0.0,0.0,0.0
2025-10-14,0.0,0.0,0.0
2025-10-15,0.0,0.0,0.0
2025-10-16,0.0,0.0,0.0
2025-10-17,0.0,0.0,0.0
2025-10-20,0.0,0.0,0.0
2025-10-21,0.0,0.0,0.0
2025-10-22,0.0,0.0,0.0
2025-10-23,0.0,0.0,0.0
2025-10-24,0.0,0.0,0.0
2025-10-27,0.0,0.0,0.0
2025-10-28,0.0,0.0,0.0
2025-10-29,0.0,0.0,0.0
2025-10-30,0.0,0.0,0.0
2025-10-31,0.0,0.0,0.0
2025-11-03,0.0,0.0,0.0
2025-11-04,0.0,0.0,0.0
2025-11-05,0.0,0.0,0.0
2025-11-06,0.0,0.0,0.0
2025-11-07,0.0,0.0,0.0
2025-11-10,0.0,0.0,0.0
2025-11-11,0.0,0.0,0.0
2025-11-12,0.0,0.0,0.0
2025-11-13,0.0,0.0,0.0
2025-11-14,0.0,0.0,0.0
2025-11-17,0.0,0.0,0.0
2025-11-18,0.0,0.0,0.0
2025-11-19,0.0,0.0,0.0
2025-11-20,0.0,0.0,0.0
2025-11-21,0.0,0.0,0.0
2025-11-24,0.0,0.0,0.0
2025-11-25,0.0,0.0,0.0
2025-11-26,0.0,0.0,0.0
2025-11-28,0.0,0.0,0.0
2025-12-01,0.0,0.0,0.0
2025-12-02,0.0,0.0,0.0
2025-12-03,0.0,0.0,0.0
2025-12-04,0.0,0.0,0.0
2025-12-05,0.0,0.0,0.0
2025-12-08,0.0,0.0,0.0
2025-12-09,0.0,0.0,0.0
2025-12-10,0.0,0.0,0.0
2025-12-11,0.0,0.0,0.0
2025-12-12,0.0,0.0,0.0
2025-12-15,0.0,0.0,0.0
2025-12-16,0.0,0.0,0.0
2025-12-17,0.0,0.0,0.0
2025-12-18,0.0,0.0,0.0
2025-12-19,0.0,0.0,0.0
2025-12-22,0.0,0.0,0.0
2025-12-23,0.0,0.0,0.0
2025-12-24,0.0,0.0,0.0
2025-12-26,0.0,0.0,0.0
2025-12-29,0.0,0.0,0.0
2025-12-30,0.0,0.0,0.0
2025-12-31,0.0,0.0,0.0
2026-01-02,0.0,0.0,0.0
2026-01-05,0.0,0.0,0.0
2026-01-06,0.0,0.0,0.0
2026-01-07,0.0,0.0,0.0
2026-01-08,0.0,0.0,0.0
2026-01-09,0.0,0.0,0.0
2026-01-12,0.0,0.0,0.0
2026-01-13,0.0,0.0,0.0
2026-01-14,0.0,0.0,0.0
2026-01-15,0.0,0.0,0.0
2026-01-16,0.0,0.0,0.0
2026-01-20,0.0,0.0,0.0
2026-01-21,0.0,0.0,0.0
2026-01-22,0.0,0.0,0.0
2026-01-23,0.0,0.0,0.0
2026-01-26,0.0,0.0,0.0
2026-01-27,0.0,0.0,0.0
2026-01-28,0.0,0.0,0.0
2026-01-29,0.0,0.0,0.0
2026-01-30,0.0,0.0,0.0
2026-02-02,0.0,0.0,0.0
2026-02-03,0.0,0.0,0.0
2026-02-04,0.0,0.0,0.0
2026-02-05,0.0,0.0,0.0
2026-02-06,0.0,0.0,0.0
2026-02-09,0.0,0.0,0.0
2026-02-10,0.0,0.0,0.0
2026-02-11,0.0,0.0,0.0
2026-02-12,0.0,0.0,0.0
2026-02-13,0.0,0.0,0.0
2026-02-17,0.0,0.0,0.0
2026-02-18,0.0,0.0,0.0
2026-02-19,0.0,0.0,0.0
2026-02-20,0.0,0.0,0.0
2026-02-23,0.0,0.0,0.0
2026-02-24,0.0,0.0,0.0
2026-02-25,0.0,0.0,0.0
2026-02-26,0.0,0.0,0.0
2026-02-27,0.0,0.0,0.0
2026-03-02,0.0,0.0,0.0
2026-03-03,0.0,0.0,0.0
2026-03-04,0.0,0.0,0.0
2026-03-05,0.0,0.0,0.0
2026-03-06,0.0,0.0,0.0
2026-03-09,0.0004453208409951337,0.0007000000000000002,-0.0002546791590048665
2026-03-10,-0.0017659037836036515,0.00015555555555555554,-0.001921459339159207
2026-03-11,-0.0024260987100562298,0.00015555555555555554,-0.0025816542656117852
2026-03-12,-0.0034467149268452043,0.0004666666666666667,-0.003913381593511871
2026-03-13,-0.0022702131101581813,0.0004666666666666667,-0.002736879776824848
2026-03-16,0.0010382988109422073,0.0004666666666666667,0.0005716321442755406
2026-03-17,-0.0009597719714404077,0.00015555555555555554,-0.0011153275269959633
2026-03-18,-0.0047768088027638385,0.00031111111111111107,-0.0050879199138749494
2026-03-19,-0.005330284267037695,0.0004666666666666667,-0.005796950933704362
2026-03-20,-0.0017042062183707152,0.0004666666666666667,-0.002170872885037382
2026-03-23,-0.001962191506839344,0.00031111111111111107,-0.002273302617950455
2026-03-24,-0.00033622974578821185,0.0,-0.00033622974578821185
2026-03-25,0.00018245709632803828,0.0004666666666666667,-0.00028420957033862843
2026-03-26,-0.003964406805123061,0.00015555555555555554,-0.004119962360678617
2026-03-27,-0.00552169493169288,0.00031111111111111107,-0.005832806042803991
2026-03-30,-0.0013406055410981116,0.0004666666666666667,-0.0018072722077647782
2026-03-31,0.017776255877890196,0.00031111111111111107,0.017465144766779083
2026-04-01,0.003783595507515194,0.0004666666666666667,0.0033169288408485273
2026-04-02,-0.0008979759008991289,0.00031111111111111107,-0.00120908701201024
2026-04-06,0.0024626284092590747,0.0007777777777777778,0.0016848506314812968
2026-04-07,-0.0013352642880083176,0.0004666666666666666,-0.0018019309546749842
2026-04-08,-0.009334761749184312,0.0004666666666666667,-0.00980142841585098
2026-04-09,-0.0007534246182299385,0.0,-0.0007534246182299385
2026-04-10,-0.003399091892836122,0.00015555555555555554,-0.0035546474483916773
2026-04-13,-0.006053112092477719,0.00031111111111111107,-0.00636422320358883
2026-04-14,-0.005568901450630196,0.00015555555555555554,-0.005724457006185751
2026-04-15,0.0,0.0007000000000000002,-0.0007000000000000002
2026-04-16,0.0,0.0,0.0
2026-04-17,0.0,0.0,0.0
2026-04-20,0.0,0.0,0.0
2026-04-21,0.0,0.0,0.0
2026-04-22,0.0,0.0,0.0
2026-04-23,0.0,0.0,0.0
2026-04-24,0.0,0.0,0.0
2026-04-27,0.0,0.0,0.0
2026-04-28,0.0,0.0,0.0
2026-04-29,0.0,0.0,0.0
2026-04-30,0.0,0.0,0.0
2026-05-01,0.0,0.0,0.0
2026-05-04,0.0,0.0,0.0
2026-05-05,0.0,0.0,0.0
2026-05-06,0.0,0.0,0.0
2026-05-07,0.0,0.0,0.0
2026-05-08,0.0,0.0,0.0
2026-05-11,0.0,0.0,0.0
2026-05-12,0.0,0.0,0.0
2026-05-13,0.0,0.0,0.0
2026-05-14,0.0,0.0,0.0
2026-05-15,0.0,0.0,0.0
2026-05-18,0.0,0.0,0.0
2026-05-19,0.0,0.0,0.0
2026-05-20,0.0,0.0,0.0
2026-05-21,0.0,0.0,0.0
2026-05-22,0.0,0.0,0.0
2026-05-26,0.0,0.0,0.0
2026-05-27,0.0,0.0,0.0
2026-05-28,0.0,0.0,0.0
2026-05-29,0.0,0.0,0.0
2026-06-01,0.0,0.0,0.0
2026-06-02,0.0,0.0,0.0
2026-06-03,0.0,0.0,0.0
2026-06-04,0.0,0.0,0.0
2026-06-05,0.0,0.0,0.0
2026-06-08,0.0,0.0,0.0
2026-06-09,0.0,0.0,0.0
2026-06-10,0.0,0.0,0.0
