date,benchmark_index
2016-01-04,100.0
2016-01-05,100.03182032048048
2016-01-06,98.85617729966357
2016-01-07,96.38504230023004
2016-01-08,95.57088555729315
2016-01-11,95.9680734570525
2016-01-12,96.69054679140939
2016-01-13,95.12923938969242
2016-01-14,97.16147684820615
2016-01-15,94.99431552076754
2016-01-19,95.00728003446834
2016-01-20,93.78707108988182
2016-01-21,94.30940332057119
2016-01-22,96.61819524683888
2016-01-25,95.47239577479736
2016-01-26,97.00448175637686
2016-01-27,95.31867703506954
2016-01-28,96.04483720738406
2016-01-29,99.2208421622346
2016-02-01,98.6012482741515
2016-02-02,96.79879781327895
2016-02-03,97.97071327090957
2016-02-04,98.38142769730227
2016-02-05,96.8031416093873
2016-02-08,96.60478612106078
2016-02-09,96.45871647713092
2016-02-10,96.17863825209841
2016-02-11,95.12817266083462
2016-02-12,96.91715949656053
2016-02-16,98.19923626449095
2016-02-17,99.36227432714513
2016-02-18,98.77328137475551
2016-02-19,98.68707021028153
2016-02-22,99.68672422324873
2016-02-23,98.23151314317609
2016-02-24,98.6944803689091
2016-02-25,99.81394573521493
2016-02-26,99.24339122234268
2016-02-29,98.46255343732004
2016-03-01,100.90485342220416
2016-03-02,101.52905688852253
2016-03-03,101.55903964782135
2016-03-04,101.94491077425042
2016-03-07,101.69908386627323
2016-03-08,101.14479042203527
2016-03-09,101.57281671029695
2016-03-10,101.30335251710537
2016-03-11,102.12737727524956
2016-03-14,102.14057662059042
2016-03-15,102.83120321386387
2016-03-16,103.24097839284447
2016-03-17,103.90948484939055
2016-03-18,103.83735848818716
2016-03-21,104.08317266736937
2016-03-22,104.10821410654222
2016-03-23,104.00817074368605
2016-03-24,104.13256696419441
2016-03-28,104.06540584637689
2016-03-29,105.16345618034534
2016-03-30,105.92491139470346
2016-03-31,105.46143176343222
2016-04-01,106.12920280295246
2016-04-04,106.08928636224525
2016-04-05,105.16832131316792
2016-04-06,105.94459087636957
2016-04-07,104.71256689490838
2016-04-08,105.00460697541097
2016-04-11,104.87182827707258
2016-04-12,105.87939750182507
2016-04-13,106.71442512365533
2016-04-14,106.94896813329026
2016-04-15,106.60898796791035
2016-04-18,106.90532634614657
2016-04-19,107.22516787078992
2016-04-20,106.79621330203922
2016-04-21,106.05685731157193
2016-04-22,105.13832297747277
2016-04-25,105.13335229870965
2016-04-26,104.7230354503124
2016-04-27,103.73444168835124
2016-04-28,102.54153243824612
2016-04-29,102.08657544468964
2016-05-02,102.83030578044036
2016-05-03,102.36045341560626
2016-05-04,101.89489290703104
2016-05-05,101.79871055885987
2016-05-06,102.26261082076122
2016-05-09,102.21763832057144
2016-05-10,103.39193275074504
2016-05-11,102.6766563682045
2016-05-12,102.5897182920844
2016-05-13,101.71776491408767
2016-05-16,103.24546351721789
2016-05-17,102.37375695598108
2016-05-18,102.48615690650774
2016-05-19,102.77708842027029
2016-05-20,103.22053060086071
2016-05-23,103.14417313250081
2016-05-24,104.54765716488372
2016-05-25,105.411569797156
2016-05-26,105.43229278035092
2016-05-27,105.75012505684978
2016-05-31,105.63900495644405
2016-06-01,105.3973132821821
2016-06-02,105.37700334741896
2016-06-03,105.20880003437648
2016-06-06,105.95066065709507
2016-06-07,106.2406868220329
2016-06-08,106.47420277752111
2016-06-09,106.58607193866077
2016-06-10,106.10232770804593
2016-06-13,105.0660116537956
2016-06-14,105.19852751681287
2016-06-15,104.97387442540354
2016-06-16,105.65297871403746
2016-06-17,104.81911056659095
2016-06-20,105.10471889429623
2016-06-21,105.834256387038
2016-06-22,105.591702649642
2016-06-23,106.78638236661367
2016-06-24,103.59843666977976
2016-06-27,102.3506165199239
2016-06-28,104.09988346389618
2016-06-29,105.73436164134353
2016-06-30,107.02258535087262
2016-07-01,107.08920436788773
2016-07-05,106.80198635648641
2016-07-06,107.31436339567952
2016-07-07,107.1183956434528
2016-07-08,108.26051902367483
2016-07-11,108.54472535150138
2016-07-12,109.06231851629487
2016-07-13,109.15969800916025
2016-07-14,109.87545404959756
2016-07-15,109.97931225375753
2016-07-18,110.1918234348594
2016-07-19,110.1308290279695
2016-07-20,110.77096851093421
2016-07-21,110.4022997193636
2016-07-22,110.67023342842921
2016-07-25,109.94395823948142
2016-07-26,109.46312193829054
2016-07-27,110.03124034210916
2016-07-28,110.18789057992603
2016-07-29,110.24197757699916
2016-08-01,110.16880074961252
2016-08-02,109.95191497041533
2016-08-03,110.36769178194405
2016-08-04,110.65561839870487
2016-08-05,111.45670774914872
2016-08-08,111.60715703994795
2016-08-09,111.77984013725343
2016-08-10,111.41541734527706
2016-08-11,111.72955118782566
2016-08-12,111.87925535099163
2016-08-15,112.08187874324301
2016-08-16,111.4304107349985
2016-08-17,111.66362308859118
2016-08-18,111.85850351560825
2016-08-19,111.41842218760874
2016-08-22,111.17901718854313
2016-08-23,111.22837628577537
2016-08-24,111.06668429399957
2016-08-25,110.9140946999087
2016-08-26,110.6696372656382
2016-08-29,111.17363731527492
2016-08-30,110.82662677843675
2016-08-31,110.61550880218249
2016-09-01,110.95106629254869
2016-09-02,111.36273624334743
2016-09-06,111.68167161599588
2016-09-07,111.59502899857647
2016-09-08,111.10005602608128
2016-09-09,108.60823170534582
2016-09-12,110.36399618224515
2016-09-13,109.48663142309115
2016-09-14,109.88344672395334
2016-09-15,111.43397174095024
2016-09-16,111.00850088200025
2016-09-19,110.55099677021502
2016-09-20,110.47382126804973
2016-09-21,111.23314943779393
2016-09-22,111.94567018044202
2016-09-23,111.22190974790213
2016-09-26,110.41409704301107
2016-09-27,111.36757615305947
2016-09-28,112.07788330432356
2016-09-29,110.81149164558316
2016-09-30,111.71292153165253
2016-10-03,111.49913360799249
2016-10-04,111.17771188655314
2016-10-05,111.59289434519712
2016-10-06,111.440766986566
2016-10-07,111.35232885766159
2016-10-10,111.94097595634621
2016-10-11,111.22046712908357
2016-10-12,111.41024882266142
2016-10-13,111.16834192524348
2016-10-14,111.39987151122418
2016-10-17,111.24689014311107
2016-10-18,111.28787364482676
2016-10-19,111.2895507812991
2016-10-20,110.98824442214442
2016-10-21,110.98530862908515
2016-10-24,111.6879415369725
2016-10-25,111.87017965118505
2016-10-26,111.51478378255669
2016-10-27,111.12051471855177
2016-10-28,110.83925345229224
2016-10-31,110.76032724197609
2016-11-01,109.99336652640753
2016-11-02,109.54826390897176
2016-11-03,109.31366122137318
2016-11-04,108.68028498056236
2016-11-07,110.92388247903325
2016-11-08,111.42727061750274
2016-11-09,112.2141015404783
2016-11-10,111.17959258977207
2016-11-11,111.61452150647506
2016-11-14,110.38066045528714
2016-11-15,111.57518669862074
2016-11-16,112.19996925583013
2016-11-17,112.3699058614664
2016-11-18,112.04606776930942
2016-11-21,113.0480658583933
2016-11-22,113.21059030015878
2016-11-23,113.11307387493895
2016-11-25,113.70982268353683
2016-11-28,113.3518598435396
2016-11-29,113.25633282517333
2016-11-30,112.48529417779673
2016-12-01,112.16489635171912
2016-12-02,112.33017475061656
2016-12-05,112.82229920188429
2016-12-06,113.17883000548048
2016-12-07,114.61910333039596
2016-12-08,114.67587792719355
2016-12-09,115.72775623557757
2016-12-12,116.45024102247953
2016-12-13,117.37624611736707
2016-12-14,116.69513762487028
2016-12-15,117.18520752026019
2016-12-16,117.20180118130106
2016-12-19,117.82351924227211
2016-12-20,118.20821320838236
2016-12-21,118.02777977492006
2016-12-22,117.89373539984827
2016-12-23,118.03006804058424
2016-12-27,118.2954017433066
2016-12-28,117.58023628473693
2016-12-29,117.6338153411726
2016-12-30,117.06147702346279
2017-01-03,117.67522126190359
2017-01-04,117.55110087236183
2017-01-05,117.5241316795107
2017-01-06,117.69371853290711
2017-01-09,117.43088441459784
2017-01-10,117.05867113339653
2017-01-11,117.46161486361068
2017-01-12,116.97281585645013
2017-01-13,116.89057297818422
2017-01-17,117.09548277176302
2017-01-18,116.95269611783014
2017-01-19,116.50203140221905
2017-01-20,116.97389139372906
2017-01-23,116.71075791280121
2017-01-24,117.08715872293385
2017-01-25,117.83845519289966
2017-01-26,117.96051719123774
2017-01-27,118.35093830780482
2017-01-30,117.87588397915137
2017-01-31,117.459268387864
2017-02-01,118.32499713635207
2017-02-02,118.17573686618348
2017-02-03,119.02726748629011
2017-02-06,119.06863498620866
2017-02-07,119.40329000688159
2017-02-08,119.23741957694402
2017-02-09,119.97783067345439
2017-02-10,119.86214551301552
2017-02-13,120.41141420628793
2017-02-14,121.13113579369711
2017-02-15,121.89387901573613
2017-02-16,121.93205753408292
2017-02-17,122.09250422265964
2017-02-21,122.913823918207
2017-02-22,122.70513731754149
2017-02-23,122.85353791999228
2017-02-24,123.13048821226661
2017-02-27,122.86891295987856
2017-02-28,122.65323826754778
2017-03-01,124.46694524471978
2017-03-02,123.82598143110582
2017-03-03,123.87740507892863
2017-03-06,123.63411159630196
2017-03-07,123.53514993851631
2017-03-08,123.33262131412084
2017-03-09,123.58375956387223
2017-03-10,124.15832638869011
2017-03-13,124.11162648441912
2017-03-14,123.81867569756517
2017-03-15,124.7728946434542
2017-03-16,124.74475929041022
2017-03-17,124.51898873082686
2017-03-20,124.66284154451077
2017-03-21,123.46256049750515
2017-03-22,123.89970395433728
2017-03-23,123.67116111698788
2017-03-24,123.52582388369518
2017-03-27,123.52603383940159
2017-03-28,124.52349034079135
2017-03-29,124.58630069581623
2017-03-30,125.15269357877052
2017-03-31,124.66165301114948
2017-04-03,124.58031464072648
2017-04-04,124.84758622936899
2017-04-05,124.46497703373419
2017-04-06,124.44570765728805
2017-04-07,124.39634393303477
2017-04-10,124.26370967231726
2017-04-11,123.97103981723232
2017-04-12,124.04452695661855
2017-04-13,123.26237192706522
2017-04-17,124.06619735934615
2017-04-18,123.58738170296411
2017-04-19,123.1774081184468
2017-04-20,124.14025583612202
2017-04-21,123.8211210575361
2017-04-24,125.08943141816802
2017-04-25,125.64407376741573
2017-04-26,125.31819558342868
2017-04-27,125.1512155237734
2017-04-28,124.9476309562411
2017-05-01,125.67602057514837
2017-05-02,125.75844582335546
2017-05-03,125.74070277992652
2017-05-04,125.49531842831064
2017-05-05,126.08923411443557
2017-05-08,126.8103392591637
2017-05-09,126.74550495976874
2017-05-10,127.26039188678037
2017-05-11,127.42611551454449
2017-05-12,127.61510944184568
2017-05-15,128.20888478261074
2017-05-16,128.38043456995726
2017-05-17,125.80070586999963
2017-05-18,126.60712285187803
2017-05-19,127.36797274074583
2017-05-22,127.95796303737085
2017-05-23,128.26233292750638
2017-05-24,128.170846998829
2017-05-25,128.42622182696152
2017-05-26,128.3902125089476
2017-05-30,128.4065971272034
2017-05-31,128.0400304220929
2017-06-01,128.73287848755876
2017-06-02,129.58288475148362
2017-06-05,129.81819271083566
2017-06-06,129.9613942258899
2017-06-07,130.0804108778761
2017-06-08,129.93112764638323
2017-06-09,128.96768067285157
2017-06-12,128.5841944448037
2017-06-13,129.05775079533606
2017-06-14,128.81844294067884
2017-06-15,128.60017235523162
2017-06-16,128.1789017890014
2017-06-19,129.4214121831365
2017-06-20,128.53366405261673
2017-06-21,128.51793295360616
2017-06-22,128.23059662416844
2017-06-23,128.69665058548307
2017-06-26,128.50435084251953
2017-06-27,127.31291173104107
2017-06-28,128.31406763341295
2017-06-29,126.92411617511539
2017-06-30,127.03005597832369
2017-07-03,127.29956298332657
2017-07-05,127.73842980825773
2017-07-06,126.58770688769539
2017-07-07,127.18602148461981
2017-07-10,127.19939252076794
2017-07-11,127.38873952269692
2017-07-12,128.2177441237611
2017-07-13,128.7338586348418
2017-07-14,129.61351945241375
2017-07-17,129.7014028162395
2017-07-18,130.01288565290494
2017-07-19,130.56618453864147
2017-07-20,130.7429197680896
2017-07-21,130.28195102958773
2017-07-24,130.17201154577623
2017-07-25,130.8614025254977
2017-07-26,131.4484846766537
2017-07-27,131.1656726258576
2017-07-28,130.6292184116924
2017-07-31,130.68434391568525
2017-08-01,131.1522173135629
2017-08-02,132.27098573977548
2017-08-03,132.10407191928076
2017-08-04,132.48023377684157
2017-08-07,133.10795693602736
2017-08-08,133.2282613345891
2017-08-09,133.56119971534537
2017-08-10,131.6511483067864
2017-08-11,131.84949680193213
2017-08-14,133.3312072339825
2017-08-15,133.62465708289892
2017-08-16,133.60446395124768
2017-08-17,131.64476587699517
2017-08-18,131.522116496623
2017-08-21,131.51206467239209
2017-08-22,132.78245237771912
2017-08-23,132.39830521938003
2017-08-24,131.92429988369534
2017-08-25,132.3144328398719
2017-08-28,132.46424340406276
2017-08-29,132.77607244988332
2017-08-30,132.82553386944033
2017-08-31,133.3572278374701
2017-09-01,133.47904918225586
2017-09-05,132.58751297256524
2017-09-06,132.86810603967592
2017-09-07,132.719091922567
2017-09-08,131.72172884575104
2017-09-11,133.28490500097897
2017-09-12,133.5013004007449
2017-09-13,133.6457797122486
2017-09-14,133.3841176123007
2017-09-15,134.28511998033827
2017-09-18,134.55214170875547
2017-09-19,134.9710480941346
2017-09-20,134.3536581626423
2017-09-21,133.24738409848294
2017-09-22,132.99363549848144
2017-09-25,132.3485588295491
2017-09-26,132.64988424839677
2017-09-27,132.85531746641436
2017-09-28,132.8545695213636
2017-09-29,133.27948758282594
2017-10-02,133.6717441399622
2017-10-03,134.20235840300944
2017-10-04,134.0741124794821
2017-10-05,135.07766590969865
2017-10-06,134.89708821059236
2017-10-09,134.96095172386222
2017-10-10,135.62666230448005
2017-10-11,136.19762566214968
2017-10-12,135.74770036471696
2017-10-13,136.16931225443784
2017-10-16,137.27288222533315
2017-10-17,137.6712845462867
2017-10-18,137.4255700499184
2017-10-19,137.01558404259382
2017-10-20,137.38692017771197
2017-10-23,136.9397191340127
2017-10-24,136.92348258285733
2017-10-25,136.33874606633137
2017-10-26,136.7604547800219
2017-10-27,139.053609112305
2017-10-30,139.13468386743594
2017-10-31,139.25741148652747
2017-11-01,139.1767301560657
2017-11-02,139.59730054740444
2017-11-03,140.6305481768254
2017-11-06,140.76881473620307
2017-11-07,140.84328887890575
2017-11-08,141.39416058315385
2017-11-09,141.19668405765083
2017-11-10,141.45239314726697
2017-11-13,140.94756762223096
2017-11-14,140.02935442946634
2017-11-15,139.04072520444086
2017-11-16,140.64720009865655
2017-11-17,139.60162937031808
2017-11-20,139.704876577944
2017-11-21,140.70404077691106
2017-11-22,140.88990930343525
2017-11-24,141.18554075418407
2017-11-27,141.1435072287675
2017-11-28,142.23787614363198
2017-11-29,141.25302352537136
2017-11-30,142.45585031127624
2017-12-01,142.22759120743564
2017-12-04,141.1178680199058
2017-12-05,141.04635757973716
2017-12-06,141.1554241260491
2017-12-07,141.07466340893478
2017-12-08,141.9064359316442
2017-12-11,142.95512907160048
2017-12-12,143.38803385760568
2017-12-13,143.47352748515007
2017-12-14,142.88085668202876
2017-12-15,144.48076387962732
2017-12-18,145.02387502522578
2017-12-19,144.25052764981197
2017-12-20,144.15312854268856
2017-12-21,144.5716447963513
2017-12-22,144.5386570858598
2017-12-26,143.95316710553726
2017-12-27,144.11104654682043
2017-12-28,144.34917551902274
2017-12-29,143.52542564814308
2018-01-02,144.57427818801554
2018-01-03,145.37128770184532
2018-01-04,146.34219168419708
2018-01-05,147.34774895671103
2018-01-08,147.64869894097657
2018-01-09,147.7199636898835
2018-01-10,147.42951147337715
2018-01-11,148.04495241438843
2018-01-12,149.24401729349864
2018-01-16,148.56457259922672
2018-01-17,150.14353856977615
2018-01-18,150.19787647497785
2018-01-19,150.06890860544087
2018-01-22,151.13934079130055
2018-01-23,150.660368482034
2018-01-24,150.0689294277539
2018-01-25,149.96521147040568
2018-01-26,151.24083126593277
2018-01-29,150.00870069140436
2018-01-30,148.6245679284269
2018-01-31,149.07265187044354
2018-02-01,149.66807647836805
2018-02-02,145.2570658180478
2018-02-05,139.14489440116176
2018-02-06,142.42067765215654
2018-02-07,141.35739983718017
2018-02-08,136.2603341485442
2018-02-09,138.75308713461789
2018-02-12,140.91007116358045
2018-02-13,141.69666101176009
2018-02-14,143.33521890750956
2018-02-15,145.70672622561563
2018-02-16,145.7717017993086
2018-02-20,144.12267391161862
2018-02-21,142.52935052175894
2018-02-22,143.27239571191967
2018-02-23,145.5941743731424
2018-02-26,147.41999554005403
2018-02-27,145.940466934077
2018-02-28,144.29590503831722
2018-03-01,142.37475799604206
2018-03-02,143.14919161641404
2018-03-05,144.28855308591625
2018-03-06,144.08878884542375
2018-03-07,143.47784928186047
2018-03-08,144.5355337283218
2018-03-09,146.83359162494733
2018-03-12,147.18692925598432
2018-03-13,145.82831243110076
2018-03-14,144.58330159409093
2018-03-15,144.98178485099174
2018-03-16,145.43628394104914
2018-03-19,143.21075695024558
2018-03-20,143.4977045447771
2018-03-21,142.54998627656937
2018-03-22,139.3350485151729
2018-03-23,136.32760228956403
2018-03-26,141.11973174830638
2018-03-27,138.43622699863275
2018-03-28,138.35915304196416
2018-03-29,140.26978638217412
2018-04-02,137.34516353402006
2018-04-03,139.3256610254378
2018-04-04,141.43086570817968
2018-04-05,142.22541946202364
2018-04-06,139.20108398756074
2018-04-09,139.9094428549298
2018-04-10,142.428859281024
2018-04-11,141.46143870703273
2018-04-12,142.8668093472988
2018-04-13,142.77327218491956
2018-04-16,143.73969659071008
2018-04-17,145.03585439969538
2018-04-18,144.6614349138932
2018-04-19,143.5859267721427
2018-04-20,141.69272176840775
2018-04-23,141.54783497582918
2018-04-24,139.87255653201498
2018-04-25,139.67392251755658
2018-04-26,141.090346747126
2018-04-27,140.60632194905227
2018-04-30,140.25825087672285
2018-05-01,141.00094953196773
2018-05-02,141.09532056004667
2018-05-03,141.26717910922957
2018-05-04,143.6629503762359
2018-05-07,144.3147679550304
2018-05-08,144.52480405492065
2018-05-09,145.73834564686834
2018-05-10,147.3780976410573
2018-05-11,147.5136539806062
2018-05-14,147.58222390221965
2018-05-15,146.6079323826777
2018-05-16,147.4027867891996
2018-05-17,146.60494053651715
2018-05-18,146.07974695402635
2018-05-21,147.29318043827996
2018-05-22,146.8905142706442
2018-05-23,147.3190356234182
2018-05-24,146.80384490320876
2018-05-25,146.52370666567194
2018-05-29,145.16945613105256
2018-05-30,146.88232050512318
2018-05-31,145.94394433775503
2018-06-01,147.74002977920605
2018-06-04,148.76209775559144
2018-06-05,148.95413971383226
2018-06-06,150.20728899104932
2018-06-07,149.98997245809724
2018-06-08,150.35922227279352
2018-06-11,149.93367907032052
2018-06-12,150.1467770571233
2018-06-13,148.967804177292
2018-06-14,148.96252439425098
2018-06-15,148.2853683884151
2018-06-18,147.9671160575153
2018-06-19,147.35430720998306
2018-06-20,147.5710916426227
2018-06-21,146.75231784130622
2018-06-22,146.91487307272058
2018-06-25,145.00757621892257
2018-06-26,146.1751481617063
2018-06-27,145.45288068714652
2018-06-28,146.58473742730217
2018-06-29,146.31302257670922
2018-07-02,146.94174939679252
2018-07-03,146.09485643546532
2018-07-05,147.3412645396006
2018-07-06,148.6310798839346
2018-07-09,150.00154214385887
2018-07-10,150.9108748436666
2018-07-11,149.7523846210541
2018-07-12,151.3919039214167
2018-07-13,151.57302173403392
2018-07-16,151.5759125227241
2018-07-17,152.62672082927608
2018-07-18,152.22311013970278
2018-07-19,151.6749988771028
2018-07-20,152.02219173910424
2018-07-23,152.5447865418949
2018-07-24,153.6413373997361
2018-07-25,155.05820807530625
2018-07-26,155.06580905570388
2018-07-27,153.8377762929872
2018-07-30,152.94753780156384
2018-07-31,153.34428704632307
2018-08-01,155.12636523529451
2018-08-02,156.59325965509055
2018-08-03,157.41758312078048
2018-08-06,157.6469790289301
2018-08-07,157.89729626669006
2018-08-08,157.94820376826348
2018-08-09,157.88175101920538
2018-08-10,157.32736756848746
2018-08-13,156.764536635847
2018-08-14,157.52763042034587
2018-08-15,156.85251481222556
2018-08-16,159.12097333820637
2018-08-17,159.80623889491108
2018-08-20,159.46741014200754
2018-08-21,159.28322081350066
2018-08-22,159.63203185160978
2018-08-23,159.76249515490514
2018-08-24,160.54128755708686
2018-08-27,161.8310367049941
2018-08-28,162.17008068262388
2018-08-29,163.47914956369502
2018-08-30,163.47098660354516
2018-08-31,163.81535482338845
2018-09-04,163.73828184421487
2018-09-05,162.6704235278903
2018-09-06,162.00341538265752
2018-09-07,161.5112223425801
2018-09-10,161.65669582319563
2018-09-11,163.55289864273516
2018-09-12,163.47817283610593
2018-09-13,164.9314895458722
2018-09-14,164.78605917168952
2018-09-17,163.50974193166712
2018-09-18,164.07683162130743
2018-09-19,164.2004099491594
2018-09-20,165.4796885549418
2018-09-21,165.32677391941124
2018-09-24,165.42770372809258
2018-09-25,165.16286268053867
2018-09-26,164.27404717257727
2018-09-27,165.22763475518778
2018-09-28,165.36833655925406
2018-10-01,166.9225248413186
2018-10-02,167.59404972828452
2018-10-03,167.75764196824693
2018-10-04,166.11857142460047
2018-10-05,164.88606444326177
2018-10-08,164.69809123501352
2018-10-09,165.78901970834895
2018-10-10,159.83465138556485
2018-10-11,156.80666622260148
2018-10-12,159.94253638416413
2018-10-15,157.94546728383648
2018-10-16,161.30319830018047
2018-10-17,161.78694590546908
2018-10-18,159.6447409410583
2018-10-19,161.0210425594394
2018-10-22,161.0568538898379
2018-10-23,160.6252087882328
2018-10-24,155.35419750165437
2018-10-25,158.917712723535
2018-10-26,156.4031265758257
2018-10-29,154.63416699795178
2018-10-30,156.35481877125545
2018-10-31,159.0337345223181
2018-11-01,159.86091934624991
2018-11-02,157.39829132107323
2018-11-05,157.24914975865536
2018-11-06,158.1710577646863
2018-11-07,161.50434812995206
2018-11-08,161.14247047865808
2018-11-09,159.5148646602745
2018-11-12,155.4518713157288
2018-11-13,155.12080542493769
2018-11-14,153.00857882358088
2018-11-15,154.9982527106868
2018-11-16,154.81311021781298
2018-11-19,151.57118550112122
2018-11-20,147.5187386420166
2018-11-21,147.44885668694798
2018-11-23,145.9786798999458
2018-11-26,148.51108011399705
2018-11-27,149.03974462920416
2018-11-28,153.1755206394798
2018-11-29,152.3094654119765
2018-11-30,153.32786718620693
2018-12-03,155.59973077784488
2018-12-04,150.7994067764414
2018-12-06,150.34242287703313
2018-12-07,146.60213105584901
2018-12-10,147.35461430123317
2018-12-11,147.31173009883256
2018-12-12,147.65453387300246
2018-12-13,148.62206919544528
2018-12-14,144.69901133965078
2018-12-17,141.76069003176397
2018-12-18,142.36930971488488
2018-12-19,140.41572993487844
2018-12-20,137.63913308941437
2018-12-21,134.625861621945
2018-12-24,130.37883041725448
2018-12-26,137.35147123664947
2018-12-27,138.04618852891664
2018-12-28,137.74204688837227
2018-12-31,138.91614262961113
2019-01-02,139.58874648627702
2019-01-03,134.61413859268785
2019-01-04,139.23946895819654
2019-01-07,139.82372469253843
2019-01-08,141.1030957522897
2019-01-09,141.62292914850548
2019-01-10,141.94068367586138
2019-01-11,141.5711556729123
2019-01-14,140.7115477930882
2019-01-15,142.53789745514865
2019-01-16,142.82156164982652
2019-01-17,143.6033690038333
2019-01-18,145.23137124658706
2019-01-22,142.98141342356143
2019-01-23,143.90709979993778
2019-01-24,143.3939717822129
2019-01-25,144.81562038605315
2019-01-28,143.3208753284559
2019-01-29,142.4322985227059
2019-01-30,145.5916666111271
2019-01-31,146.17964939237584
2019-02-01,146.69763269811494
2019-02-04,148.4448406155528
2019-02-05,149.68142727820933
2019-02-06,149.2815044532149
2019-02-07,147.83756075087163
2019-02-08,147.82766719412263
2019-02-11,147.7161662225757
2019-02-12,149.44263452879528
2019-02-13,149.93266808739472
2019-02-14,149.2693212411243
2019-02-15,150.88109404770827
2019-02-19,151.22537332948627
2019-02-20,151.2883754475299
2019-02-21,151.50171128844673
2019-02-22,152.73948928550936
2019-02-25,153.361071322272
2019-02-26,153.5757829498697
2019-02-27,153.60832125253893
2019-02-28,153.22503248268606
2019-03-01,153.94127586171834
2019-03-04,153.82110793302837
2019-03-05,153.5036505414115
2019-03-06,152.72297590091173
2019-03-07,151.8272513171799
2019-03-08,151.79582207455525
2019-03-11,154.9011115641119
2019-03-12,155.72197215212512
2019-03-13,156.67629404284767
2019-03-14,157.10930617714007
2019-03-15,158.18896111527724
2019-03-18,159.28356514686286
2019-03-19,159.25606751570518
2019-03-20,158.8964966772427
2019-03-21,161.38130274626016
2019-03-22,158.56661750281245
2019-03-25,157.9757223506087
2019-03-26,158.93052266768257
2019-03-27,158.4887885718005
2019-03-28,158.76035337973892
2019-03-29,159.8387002146357
2019-04-01,161.1902155282575
2019-04-02,161.4690808677886
2019-04-03,161.9345317538312
2019-04-04,162.035511547033
2019-04-05,162.76076205850322
2019-04-08,163.41956567606138
2019-04-09,162.53049582924356
2019-04-10,163.22234234908612
2019-04-11,163.28919291709298
2019-04-12,164.19180313494374
2019-04-15,164.22984868426113
2019-04-16,164.8324586753271
2019-04-17,166.2221472137607
2019-04-18,166.65289484252085
2019-04-22,167.2012948906136
2019-04-23,168.5455141567499
2019-04-24,167.68956383417117
2019-04-25,168.24974652185807
2019-04-26,168.52454824445883
2019-04-29,168.75953626887718
2019-04-30,169.18503098255036
2019-05-01,169.23982184279384
2019-05-02,168.18485532674597
2019-05-03,169.9529420096844
2019-05-06,168.89495215951652
2019-05-07,165.97932965833527
2019-05-08,165.83791802551113
2019-05-09,164.9810307385128
2019-05-10,165.785975685265
2019-05-13,161.18585323776355
2019-05-14,162.91454027190676
2019-05-15,164.15360279348624
2019-05-16,165.7253637969128
2019-05-17,164.87353918861768
2019-05-20,163.2514293038288
2019-05-21,164.20049704489782
2019-05-22,163.76899894357328
2019-05-23,161.8196423554048
2019-05-24,161.95545824471108
2019-05-28,160.86465612115785
2019-05-29,159.41894448932882
2019-05-30,159.89269857807528
2019-05-31,157.45092261288593
2019-06-03,156.50804466200995
2019-06-04,160.3519599849893
2019-06-05,162.3670758340001
2019-06-06,164.38859138722134
2019-06-07,166.98399838145835
2019-06-10,168.10944513334155
2019-06-11,168.6188196269667
2019-06-12,168.4681727697437
2019-06-13,168.73468206744474
2019-06-14,168.49002722979108
2019-06-17,168.6343546093787
2019-06-18,170.6118502894636
2019-06-19,170.76635286843592
2019-06-20,172.49833841210886
2019-06-21,172.3247316557075
2019-06-24,172.5985943051117
2019-06-25,170.37853448385172
2019-06-26,170.95994115345817
2019-06-27,171.0741295396029
2019-06-28,171.48586745042792
2019-07-01,173.09786164261124
2019-07-02,173.87645671247287
2019-07-03,175.22954290161877
2019-07-05,174.82603412482823
2019-07-08,174.06070413623831
2019-07-09,174.1509250812046
2019-07-10,175.35525619008874
2019-07-11,175.62800645706574
2019-07-12,175.87473341579957
2019-07-15,176.04128665774843
2019-07-16,175.04888758916607
2019-07-17,174.1638554153201
2019-07-18,174.70050541459148
2019-07-19,173.51005133135413
2019-07-22,174.61567821168003
2019-07-23,176.00513749820075
2019-07-24,176.9299760294639
2019-07-25,176.215268948119
2019-07-26,177.42546051048674
2019-07-29,177.91294371038893
2019-07-30,177.689883522787
2019-07-31,175.85850540074236
2019-08-01,174.49580414301508
2019-08-02,173.15211144437149
2019-08-05,167.2087955342935
2019-08-06,169.59062946825063
2019-08-07,170.2953291418504
2019-08-08,173.70783593452938
2019-08-09,172.33766999658906
2019-08-12,170.71636235092072
2019-08-13,174.38300609275396
2019-08-14,169.5759611959851
2019-08-15,170.19796290155764
2019-08-16,173.4853546433805
2019-08-19,175.87836214879712
2019-08-20,174.3897465138629
2019-08-21,175.67416353541358
2019-08-22,175.53051417946767
2019-08-23,170.32663472490555
2019-08-26,172.5705757588071
2019-08-27,172.230753198685
2019-08-28,172.80651365511486
2019-08-29,175.09602976426484
2019-08-30,175.06888478799607
2019-09-03,173.961320355998
2019-09-04,176.28051930530785
2019-09-05,178.49333546460966
2019-09-06,178.39019863531092
2019-09-09,178.37505239653723
2019-09-10,178.5859419406053
2019-09-11,180.40967338886549
2019-09-12,181.15516932447085
2019-09-13,180.54699014933684
2019-09-16,179.70441210311108
2019-09-17,180.24287763196838
2019-09-18,180.94950359575495
2019-09-19,181.42110210821278
2019-09-20,180.3211134638227
2019-09-23,180.6382234454347
2019-09-24,179.41212050601027
2019-09-25,180.8164870709627
2019-09-26,180.3592477151593
2019-09-27,179.60246095706992
2019-09-30,180.74659827250653
2019-10-01,179.66777096935544
2019-10-02,176.43622598980468
2019-10-03,178.0016547993565
2019-10-04,181.1048486956192
2019-10-07,180.27343354039402
2019-10-08,178.05640991277556
2019-10-09,179.81727527811483
2019-10-10,181.12574100479247
2019-10-11,183.23507961699613
2019-10-14,182.91391223520415
2019-10-15,184.38820942769183
2019-10-16,183.7650429711981
2019-10-17,184.00809416865968
2019-10-18,182.7219967333705
2019-10-21,184.46102128874256
2019-10-22,183.9436965752502
2019-10-23,185.06639492809967
2019-10-24,185.83268461614705
2019-10-25,186.82208858802457
2019-10-28,188.96798595964086
2019-10-29,186.98404027627527
2019-10-30,188.50674766223608
2019-10-31,188.7633536168024
2019-11-01,191.01026305403786
2019-11-04,191.48064269227535
2019-11-05,191.5247011354348
2019-11-06,191.55652804430156
2019-11-07,192.68256263524518
2019-11-08,193.29540975654695
2019-11-11,193.30106473953776
2019-11-12,193.224183481454
2019-11-13,193.88772795360552
2019-11-14,193.7540176146402
2019-11-15,195.3659863037784
2019-11-18,196.2333965723256
2019-11-19,195.63994209048752
2019-11-20,194.84456518831894
2019-11-21,194.80905484518348
2019-11-22,195.01299010611902
2019-11-25,196.48749388188222
2019-11-26,196.699733542435
2019-11-27,197.62236154584926
2019-11-29,197.0271645464237
2019-12-02,195.71505721200379
2019-12-03,194.51424723799337
2019-12-04,196.0171302214668
2019-12-05,196.8664120105568
2019-12-06,199.0647292276405
2019-12-09,198.24637588542663
2019-12-10,198.16320797859757
2019-12-11,198.8728270361798
2019-12-12,200.66897387859575
2019-12-13,201.6637417405548
2019-12-16,203.1577044113815
2019-12-17,203.25201237376865
2019-12-18,202.6581570132127
2019-12-19,203.67182817980503
2019-12-20,204.66804127904553
2019-12-23,205.23606476823113
2019-12-24,205.29097950342452
2019-12-26,207.01934515955102
2019-12-27,207.1753520356429
2019-12-30,206.35623177570287
2019-12-31,207.0251028469852
2020-01-02,209.7717334888296
2020-01-03,207.84083801707922
2020-01-06,208.45740619535314
2020-01-07,207.29202748819267
2020-01-08,209.05691083007983
2020-01-09,211.4661502494474
2020-01-10,210.91591569321156
2020-01-13,213.31100251322843
2020-01-14,212.3953285168708
2020-01-15,212.54338034429384
2020-01-16,214.4892465676055
2020-01-17,215.8272355877434
2020-01-21,215.21402915087032
2020-01-22,215.27116259013272
2020-01-23,215.66430975408505
2020-01-24,214.0935815728022
2020-01-27,210.95832226652826
2020-01-28,214.16943053999123
2020-01-29,215.8392292650517
2020-01-30,218.23264810648615
2020-01-31,212.68370639922338
2020-02-03,213.8207008243642
2020-02-04,218.3171868382154
2020-02-05,220.15041123482328
2020-02-06,221.95106209666204
2020-02-07,220.6727586494231
2020-02-10,222.86456673225263
2020-02-11,221.1821586991679
2020-02-12,222.98074814716983
2020-02-13,222.4781927519802
2020-02-14,223.65787304539208
2020-02-18,222.90696767751177
2020-02-19,224.55069507082985
2020-02-20,222.91060209556784
2020-02-21,219.43792018365173
2020-02-24,211.13990959599323
2020-02-25,205.3930550353222
2020-02-26,206.09349623941907
2020-02-27,194.8333321016118
2020-02-28,195.13017582489869
2020-03-02,207.7545016306233
2020-03-03,200.7755891228334
2020-03-04,209.22543827871334
2020-03-05,202.8725444941001
2020-03-06,198.8340962779672
2020-03-09,184.34672200735127
2020-03-10,195.21356950264862
2020-03-11,186.27603951855158
2020-03-12,169.25214390216695
2020-03-13,188.3909358324278
2020-03-16,166.42473208097135
2020-03-17,177.47688220728134
2020-03-18,170.52142019494966
2020-03-19,169.5151460518955
2020-03-20,160.93497176782162
2020-03-23,155.96341085780526
2020-03-24,170.28448480317533
2020-03-25,171.22032690190215
2020-03-26,180.7039341269197
2020-03-27,174.25763453047335
2020-03-30,181.8738677688911
2020-03-31,179.10928766299546
2020-04-01,172.13631737848664
2020-04-02,177.05169321581113
2020-04-03,174.60764889955448
2020-04-06,187.198824578508
2020-04-07,185.1125379312208
2020-04-08,189.48783053118996
2020-04-09,190.65044275944345
2020-04-13,190.71857386604455
2020-04-14,197.9489037317987
2020-04-15,194.75248545844164
2020-04-16,196.3914943277162
2020-04-17,199.81827976318715
2020-04-20,195.33385065472913
2020-04-21,189.8417977174418
2020-04-22,194.4122098547799
2020-04-23,193.73130631477338
2020-04-24,196.38819154296013
2020-04-27,197.63954003359706
2020-04-28,195.54308772593222
2020-04-29,200.73311665411183
2020-04-30,200.90824433536616
2020-05-01,196.97040870772653
2020-05-04,199.06468108387693
2020-05-05,200.9109521039792
2020-05-06,200.67008114884297
2020-05-07,201.95324618054826
2020-05-08,205.55149444668487
2020-05-11,206.43930882958887
2020-05-12,202.95202573798574
2020-05-13,200.02237694471083
2020-05-14,201.70961582516358
2020-05-15,202.92786434027036
2020-05-18,208.03432783776532
2020-05-19,205.69292117137948
2020-05-20,209.02427340195624
2020-05-21,206.9072975542545
2020-05-22,207.26660536714033
2020-05-26,207.87442888315746
2020-05-27,209.37449015488193
2020-05-28,209.22379432388925
2020-05-29,209.916924151746
2020-06-01,210.71450573464034
2020-06-02,212.27754845203702
2020-06-03,214.14076486090104
2020-06-04,212.5232716913749
2020-06-05,217.897073603323
2020-06-08,219.41806358124376
2020-06-09,220.6153687177426
2020-06-10,223.5154233958934
2020-06-11,211.92282993478443
2020-06-12,213.8067173887518
2020-06-15,215.30335178686616
2020-06-16,219.33155952318793
2020-06-17,218.64232851280633
2020-06-18,219.3365804849843
2020-06-19,218.27811625578352
2020-06-22,221.55635959913974
2020-06-23,223.3753347457272
2020-06-24,218.4634188210028
2020-06-25,221.15478202975564
2020-06-26,215.4791825545884
2020-06-29,218.7309003107497
2020-06-30,221.90449333346157
2020-07-01,221.86088461795802
2020-07-02,222.83470809817354
2020-07-06,226.9586647373209
2020-07-07,226.08909731610473
2020-07-08,229.27989733444457
2020-07-09,229.2203648982975
2020-07-10,230.92478845254055
2020-07-13,228.28117265658477
2020-07-14,231.56601501897538
2020-07-15,232.51866096129646
2020-07-16,230.30217242187996
2020-07-17,229.83143862107636
2020-07-20,233.78584183811307
2020-07-21,232.82347089944574
2020-07-22,234.29883055904028
2020-07-23,228.06832917660174
2020-07-24,226.94458609856525
2020-07-27,229.31220191856437
2020-07-28,227.77417318650242
2020-07-29,230.08547647889557
2020-07-30,229.96674664024184
2020-07-31,236.2800673060432
2020-08-03,241.87404860988514
2020-08-04,242.60634064483003
2020-08-05,243.4452902875954
2020-08-06,247.02975702380283
2020-08-07,244.52669103467528
2020-08-10,245.0213260857789
2020-08-11,241.26588178387914
2020-08-12,246.74268740884114
2020-08-13,247.37798585238508
2020-08-14,247.55373230093144
2020-08-17,248.60704230891886
2020-08-18,249.4186835065856
2020-08-19,248.61211412164204
2020-08-20,251.6940989188219
2020-08-21,255.86251900777467
2020-08-24,258.2443377514013
2020-08-25,258.3504799342063
2020-08-26,260.69177977220767
2020-08-27,262.4557935536086
2020-08-28,265.04668936585466
2020-08-31,265.70712242067526
2020-09-01,270.6609743634076
2020-09-02,272.0484439851863
2020-09-03,257.63771888467886
2020-09-04,256.0696522130006
2020-09-08,244.31853287777534
2020-09-09,251.89860013634964
2020-09-10,245.64143458893423
2020-09-11,244.4773510449028
2020-09-14,248.69854465421832
2020-09-15,249.67164835581306
2020-09-16,245.97116832115273
2020-09-17,243.805021457838
2020-09-18,239.8864207243399
2020-09-21,241.63999631881316
2020-09-22,244.60756250811858
2020-09-23,237.164154110597
2020-09-24,239.1867196639005
2020-09-25,244.48753644404175
2020-09-28,248.09148184914432
2020-09-29,246.4676655091604
2020-09-30,249.8117753455166
2020-10-01,251.5251459839849
2020-10-02,246.1832937671687
2020-10-05,251.3751308065484
2020-10-06,247.00127678162076
2020-10-07,250.55677806658107
2020-10-08,251.786513082795
2020-10-09,255.3159957749606
2020-10-12,262.95078989775425
2020-10-13,260.3215896171925
2020-10-14,259.03261669285814
2020-10-15,258.1778639312569
2020-10-16,257.15072418321984
2020-10-19,251.57582957834614
2020-10-20,253.3261664787236
2020-10-21,252.6738540510202
2020-10-22,253.10885580600893
2020-10-23,253.19911998098732
2020-10-26,249.36735802547886
2020-10-27,250.9275445387641
2020-10-28,240.4731001351683
2020-10-29,244.83939938335624
2020-10-30,239.10419057216367
2020-11-02,240.4873489852467
2020-11-03,244.59308319209256
2020-11-04,251.32551077469353
2020-11-05,257.821656639653
2020-11-06,258.69750869261526
2020-11-09,258.9555628328737
2020-11-10,256.9699768648955
2020-11-11,261.74192161905796
2020-11-12,260.4419516614461
2020-11-13,262.01354598553723
2020-11-16,264.3293995918719
2020-11-17,262.030244143521
2020-11-18,258.9570860631607
2020-11-19,260.096963650558
2020-11-20,257.4051617498439
2020-11-23,256.11244148650763
2020-11-24,259.4017117714962
2020-11-25,260.0688997726814
2020-11-27,260.6935912226068
2020-11-30,261.48820776775216
2020-12-01,265.35209965024274
2020-12-02,265.8311648764901
2020-12-03,265.0863891680573
2020-12-04,266.0740963739745
2020-12-07,266.5896933396611
2020-12-08,268.3729089748695
2020-12-09,264.85637995583744
2020-12-10,264.8791205013499
2020-12-11,265.2312329223805
2020-12-14,264.24280008277265
2020-12-15,269.20926335025706
2020-12-16,270.44732991843574
2020-12-17,271.6963233120565
2020-12-18,270.02425654512325
2020-12-21,271.9627186398879
2020-12-22,273.4661127226338
2020-12-23,272.22398097984956
2020-12-24,273.7860471026138
2020-12-28,278.27567116907795
2020-12-29,276.90050401683527
2020-12-30,276.31062903717304
2020-12-31,276.41567413125637
2021-01-04,272.44886780949463
2021-01-05,274.178461919837
2021-01-06,269.9428961322729
2021-01-07,275.94905443518036
2021-01-08,277.3781048280171
2021-01-11,274.95040148327325
2021-01-12,274.024892224117
2021-01-13,275.79211860715674
2021-01-14,272.97477759555323
2021-01-15,270.0720766118666
2021-01-19,271.87915436258857
2021-01-20,277.77945156673303
2021-01-21,281.0708587816776
2021-01-22,282.3637483580758
2021-01-25,286.06001552599537
2021-01-26,287.799231344216
2021-01-27,284.0702072624742
2021-01-28,283.7342754945477
2021-01-29,275.824843398525
2021-02-01,280.34192735661145
2021-02-02,282.42849002223574
2021-02-03,282.9639765572445
2021-02-04,286.9673929329711
2021-02-05,287.4879682589437
2021-02-08,289.05913368762293
2021-02-09,288.538910874722
2021-02-10,288.1121354319939
2021-02-11,289.159611677184
2021-02-12,289.7074568812599
2021-02-16,288.65945858484025
2021-02-17,287.4856699242839
2021-02-18,285.59634828188484
2021-02-19,284.38043411546806
2021-02-22,280.26883886683805
2021-02-23,279.8690929784149
2021-02-24,281.5557385780971
2021-02-25,274.22525591845346
2021-02-26,273.5677597811453
2021-03-01,281.43961962626014
2021-03-02,277.9022481350414
2021-03-03,273.1925323778222
2021-03-04,270.53099997912904
2021-03-05,274.88189389465356
2021-03-08,270.23532344378293
2021-03-09,276.15750414099176
2021-03-10,276.3745323154921
2021-03-11,279.29621388444554
2021-03-12,278.7702171063464
2021-03-15,281.12192721738387
2021-03-16,283.1101399065034
2021-03-17,282.3673281993509
2021-03-18,276.12381002940566
2021-03-19,274.3857898099427
2021-03-22,278.8794197387521
2021-03-23,278.7308860543599
2021-03-24,276.20693983641206
2021-03-25,276.19061596290635
2021-03-26,280.0059117921755
2021-03-29,280.4109292447611
2021-03-30,277.721170931457
2021-03-31,280.3504478322148
2021-04-01,284.0537702363999
2021-04-05,289.1859518619902
2021-04-06,288.91910205862985
2021-04-07,291.1760972142856
2021-04-08,294.00536605624427
2021-04-09,296.6640786693085
2021-04-12,296.2279001109839
2021-04-13,298.59911290699097
2021-04-14,296.06420556422205
2021-04-15,300.36441203288314
2021-04-16,300.73604569744253
2021-04-19,299.9137169904713
2021-04-20,298.1157252532215
2021-04-21,300.11146919733415
2021-04-22,296.9831756839883
2021-04-23,300.8065075914855
2021-04-26,300.5285858190569
2021-04-27,300.4010453248419
2021-04-28,298.16513828576683
2021-04-29,299.1556576685141
2021-04-30,296.6004296640529
2021-05-03,298.07336796934044
2021-05-04,293.5449794912646
2021-05-05,293.54895202038244
2021-05-06,296.9042079763764
2021-05-07,298.7211363138649
2021-05-10,294.47996051504657
2021-05-11,292.2872693559552
2021-05-12,286.03739478903395
2021-05-13,290.15929509825725
2021-05-14,295.21689767781066
2021-05-17,293.3154688523469
2021-05-18,290.5081019997623
2021-05-19,290.0031564788756
2021-05-20,294.0666619528568
2021-05-21,293.09894919216237
2021-05-24,297.03307899289524
2021-05-25,296.7322501363418
2021-05-26,296.62359560543905
2021-05-27,294.97374761309857
2021-05-28,295.198159903833
2021-06-01,294.22432338652584
2021-06-02,295.7490733104279
2021-06-03,294.4329309126898
2021-06-04,298.5449231104252
2021-06-07,299.1686047635376
2021-06-08,298.8781855588112
2021-06-09,299.3062110098435
2021-06-10,300.06320912991197
2021-06-11,301.35512926083584
2021-06-14,303.74057623532605
2021-06-15,302.3705464574732
2021-06-16,301.49963151323107
2021-06-17,303.79577484594137
2021-06-18,300.37402692092246
2021-06-21,304.2467451286999
2021-06-22,306.91431004798034
2021-06-23,306.4737503430416
2021-06-24,307.5523961864205
2021-06-25,307.54166163040003
2021-06-28,309.8638749754956
2021-06-29,311.5947819254607
2021-06-30,312.7252530265412
2021-07-01,313.7471018819236
2021-07-02,318.40795553738457
2021-07-06,319.034100185344
2021-07-07,321.2515473176424
2021-07-08,318.2891530026119
2021-07-09,321.2065367071046
2021-07-12,321.2617876900018
2021-07-13,322.86313539366427
2021-07-14,325.68572739375236
2021-07-15,324.0076868702522
2021-07-16,320.87449031460983
2021-07-19,315.58419534926963
2021-07-20,319.6753291773081
2021-07-21,321.8052806600929
2021-07-22,323.87819326155176
2021-07-23,327.0466811636747
2021-07-26,327.57136292701176
2021-07-27,325.43308973333535
2021-07-28,323.8385834632308
2021-07-29,325.19781231568817
2021-07-30,324.2524489213306
2021-08-02,323.41239798216355
2021-08-03,326.2397397774783
2021-08-04,325.12663837618936
2021-08-05,327.5749275969448
2021-08-06,327.53704843553396
2021-08-09,326.9309997149299
2021-08-10,326.5455546812857
2021-08-11,326.820677679547
2021-08-12,329.80461054345164
2021-08-13,331.153175579016
2021-08-16,333.0429053076235
2021-08-17,331.1319931821914
2021-08-18,326.14982432989797
2021-08-19,328.7363067899986
2021-08-20,333.29498187168485
2021-08-23,336.2937096911795
2021-08-24,335.220856217833
2021-08-25,334.832744166449
2021-08-26,332.44775859240053
2021-08-27,334.52810125220583
2021-08-30,338.4605881318189
2021-08-31,336.477367994678
2021-09-01,336.98163587822734
2021-09-02,337.80033597100123
2021-09-03,338.60866639513364
2021-09-07,338.8690953023357
2021-09-08,337.82151722106624
2021-09-09,335.31445182618273
2021-09-10,330.99082630627436
2021-09-13,332.20750429579465
2021-09-14,331.1303369389145
2021-09-15,334.14609258616133
2021-09-16,333.7492394916497
2021-09-17,329.28420377706857
2021-09-20,323.06776997309765
2021-09-21,323.61100418096487
2021-09-22,328.0152171755662
2021-09-23,331.3758335817716
2021-09-24,331.4903495009533
2021-09-27,328.7132710816857
2021-09-28,321.23738043651827
2021-09-29,322.2855372697477
2021-09-30,319.27389163069034
2021-10-01,323.5828543479512
2021-10-04,317.6447028593661
2021-10-05,321.9616987586998
2021-10-06,324.57348020899167
2021-10-07,327.49268932596203
2021-10-08,327.1072327124483
2021-10-11,325.4855559493124
2021-10-12,323.31477229624204
2021-10-13,323.5357224413169
2021-10-14,329.50511729636895
2021-10-15,332.11082318829176
2021-10-18,334.07113404749805
2021-10-19,337.31200298749275
2021-10-20,337.8266788356525
2021-10-21,338.80232911707594
2021-10-22,338.63105751773924
2021-10-25,339.37282462051985
2021-10-26,342.33711419970297
2021-10-27,342.934194561508
2021-10-28,346.4720576010692
2021-10-29,347.5088878324942
2021-11-01,346.89382432306246
2021-11-02,349.2135036524658
2021-11-03,350.4658655479195
2021-11-04,353.4135310943517
2021-11-05,354.674129832757
2021-11-08,355.33516959188375
2021-11-09,354.6179512671191
2021-11-10,350.44711578340514
2021-11-11,350.8510541857151
2021-11-12,353.7130247199605
2021-11-15,353.0614587603386
2021-11-16,354.2696186539266
2021-11-17,353.8655795050071
2021-11-18,358.6833654887939
2021-11-19,360.630061499194
2021-11-22,359.8284359140909
2021-11-23,361.06771321648813
2021-11-24,362.36955652991867
2021-11-26,352.9393421640659
2021-11-29,358.4524188407678
2021-11-30,356.5894749034476
2021-12-01,354.11120518265017
2021-12-02,355.6248756268546
2021-12-03,351.13409301400225
2021-12-06,355.68910077965853
2021-12-07,365.701919406597
2021-12-08,367.61558967969967
2021-12-09,365.8164220480451
2021-12-10,372.3586217154207
2021-12-13,366.78329275746603
2021-12-14,363.0724298013582
2021-12-15,370.9907053739307
2021-12-16,362.33253932073865
2021-12-17,358.21017075866916
2021-12-20,355.3080297886839
2021-12-21,362.6198017290308
2021-12-22,367.31066580651833
2021-12-23,368.5755058370502
2021-12-27,376.0003074215876
2021-12-28,374.7865786467025
2021-12-29,374.7745093198291
2021-12-30,372.6244883312676
2021-12-31,371.1829892715632
2022-01-03,375.91760848849566
2022-01-04,373.10408424104236
2022-01-05,364.49551157929034
2022-01-06,362.52684785969944
2022-01-07,362.3792325832187
2022-01-10,361.80186681579664
2022-01-11,364.7403523841671
2022-01-12,366.3283161158122
2022-01-13,358.3852161487129
2022-01-14,360.3768980151832
2022-01-18,353.44620932800626
2022-01-19,350.5472402930871
2022-01-20,347.09801246417464
2022-01-21,341.5501081074354
2022-01-24,340.4348999845858
2022-01-25,335.7673981580261
2022-01-26,338.41883532844355
2022-01-27,338.2599357247469
2022-01-28,352.46790312424656
2022-01-31,358.9971070334685
2022-02-01,359.7386650294399
2022-02-02,363.3282692961834
2022-02-03,355.96040674704193
2022-02-04,357.3382852899483
2022-02-07,355.61457756066955
2022-02-08,359.3554566932398
2022-02-09,364.1860490453802
2022-02-10,356.52823588373604
2022-02-11,349.4882480020846
2022-02-14,349.3234393374832
2022-02-15,356.71246688262886
2022-02-16,356.5561186579793
2022-02-17,349.44400454117493
2022-02-18,346.0024138417267
2022-02-22,342.7894393060357
2022-02-23,335.22835335234385
2022-02-24,341.4187339255418
2022-02-25,347.4891077078496
2022-02-28,346.76572731822705
2022-03-01,341.8088524998557
2022-03-02,347.4938455399585
2022-03-03,345.9186093103958
2022-03-04,341.0726659059512
2022-03-07,331.8038888993421
2022-03-08,328.206712706293
2022-03-09,338.7042596886303
2022-03-10,334.3441034940473
2022-03-11,328.7266880185867
2022-03-14,324.73551407825437
2022-03-15,334.3153474731026
2022-03-16,342.24830048729683
2022-03-17,344.67710558139214
2022-03-18,350.5406405938298
2022-03-21,351.8724867858061
2022-03-22,355.9856070709075
2022-03-23,353.6990162068016
2022-03-24,360.93686403252934
2022-03-25,362.0755752295353
2022-03-28,365.4902235527021
2022-03-29,370.6811204692052
2022-03-30,368.76847033931625
2022-03-31,362.77124250042766
2022-04-01,363.56969055154934
2022-04-04,368.611565194905
2022-04-05,363.2385423541967
2022-04-06,356.55315858587016
2022-04-07,357.33385263502976
2022-04-08,354.50333570856384
2022-04-11,345.5497314635323
2022-04-12,345.1406753748385
2022-04-13,350.093410049662
2022-04-14,342.99181643113184
2022-04-18,343.5401376215746
2022-04-19,348.6634803530171
2022-04-20,349.07493876989327
2022-04-21,344.99411636631464
2022-04-22,336.2960909644417
2022-04-25,340.0521810798611
2022-04-26,328.83742895633304
2022-04-27,333.12003847884307
2022-04-28,343.89269914799905
2022-04-29,331.53374090004706
2022-05-02,334.9456784847883
2022-05-03,335.580145935394
2022-05-04,346.2545774974625
2022-05-05,331.84773289624195
2022-05-06,331.0922181902582
2022-05-09,319.62720895937827
2022-05-10,323.121867862933
2022-05-11,313.624147471472
2022-05-12,308.72388441435135
2022-05-13,317.3371130071411
2022-05-16,316.2687236037226
2022-05-17,321.50473778984
2022-05-18,306.3655631459656
2022-05-19,302.5702457717979
2022-05-20,302.5838964351973
2022-05-23,312.4956040973044
2022-05-24,309.90013634708384
2022-05-25,312.18381620763944
2022-05-26,318.05419970904484
2022-05-27,327.3087027981721
2022-05-31,325.55112739282606
2022-06-01,324.2181327248322
2022-06-02,329.0279038947484
2022-06-03,321.94510520393345
2022-06-06,321.94079144480054
2022-06-07,326.3090209987537
2022-06-08,324.1679296620321
2022-06-09,315.7193767521263
2022-06-10,305.2319332438732
2022-06-13,293.77585753657013
2022-06-14,294.1687842006756
2022-06-15,299.36072335902566
2022-06-16,290.937024830746
2022-06-17,292.0275182126565
2022-06-21,300.8338623393726
2022-06-22,299.72028207074635
2022-06-23,304.1711126773335
2022-06-24,312.62001676582787
2022-06-27,311.45977067938287
2022-06-28,303.87008429829154
2022-06-29,305.3118671948885
2022-06-30,301.3096043123415
2022-07-01,304.6252581500763
2022-07-05,307.01498133851203
2022-07-06,309.024090302612
2022-07-07,313.7901318723708
2022-07-08,313.9522961537155
2022-07-11,310.6780712391221
2022-07-12,307.1846595538476
2022-07-13,306.5414571224752
2022-07-14,308.5931889051674
2022-07-15,312.81654853113236
2022-07-18,309.5347850109644
2022-07-19,316.22394263566764
2022-07-20,318.86006105487957
2022-07-21,321.2099913182955
2022-07-22,318.0588371759595
2022-07-25,317.5351327055688
2022-07-26,312.83532181155573
2022-07-27,323.91250794348156
2022-07-28,328.1899921952913
2022-07-29,333.3831932174677
2022-08-01,332.07462815375436
2022-08-02,328.87343310478803
2022-08-03,335.61204800952805
2022-08-04,334.5352126893641
2022-08-05,334.923183644762
2022-08-08,332.3039213233166
2022-08-09,332.5971277991169
2022-08-10,339.5626687259339
2022-08-11,338.5766318355017
2022-08-12,343.92488461525176
2022-08-15,346.1301664047745
2022-08-16,347.0862686084132
2022-08-17,346.8360006485551
2022-08-18,346.9957751011444
2022-08-19,342.59526787372204
2022-08-22,335.23928040947465
2022-08-23,334.67189808023176
2022-08-24,334.823716548036
2022-08-25,339.205347254774
2022-08-26,327.1301702958791
2022-08-29,324.50040525040964
2022-08-30,320.75717237151974
2022-08-31,317.75018936210927
2022-09-01,317.46344166153574
2022-09-02,313.4061605672335
2022-09-06,311.1219979923405
2022-09-07,315.1195991207294
2022-09-08,315.24055526740847
2022-09-09,320.6769688681495
2022-09-12,326.5372193917282
2022-09-13,310.68732957161524
2022-09-14,312.46796960719513
2022-09-15,307.0454105446873
2022-09-16,305.67102879183085
2022-09-19,308.53783910765355
2022-09-20,308.37403946805574
2022-09-21,303.68274655494815
2022-09-22,302.7404507590295
2022-09-23,298.25432367371565
2022-09-26,296.8678596222813
2022-09-27,296.6704601093887
2022-09-28,298.80881464238894
2022-09-29,291.17777791957514
2022-09-30,285.25420230300625
2022-10-03,293.45207233333014
2022-10-04,301.58246074900643
2022-10-05,302.1423933071007
2022-10-06,299.53001154465494
2022-10-07,289.3163392564001
2022-10-10,286.97258412209425
2022-10-11,284.5654770745372
2022-10-12,284.3068868417141
2022-10-13,293.47589401055245
2022-10-14,286.747863070595
2022-10-17,294.91767367718023
2022-10-18,297.4410056490264
2022-10-19,296.9415319220497
2022-10-20,296.8146146585555
2022-10-21,304.19782151570456
2022-10-24,308.7066008107769
2022-10-25,313.21052543075564
2022-10-26,306.5337782412643
2022-10-27,302.44266368187857
2022-10-28,315.93996397470045
2022-10-31,312.12288075253986
2022-11-01,309.4667615634888
2022-11-02,300.9431382960187
2022-11-03,294.7825182380894
2022-11-04,299.01136616936367
2022-11-07,302.842433230625
2022-11-08,304.32760673576126
2022-11-09,296.3491020114403
2022-11-10,316.1265292349678
2022-11-11,320.1389022509286
2022-11-14,317.1800232660096
2022-11-15,320.29766945460835
2022-11-16,318.90267942359714
2022-11-17,320.1397158620092
2022-11-18,320.75699616457985
2022-11-21,318.4631881606676
2022-11-22,323.21904546675006
2022-11-23,325.5346773997574
2022-11-25,323.4815456320949
2022-11-28,317.26830425153594
2022-11-29,314.3970620707706
2022-11-30,326.9934717080507
2022-12-01,327.0854577769644
2022-12-02,326.5992355985241
2022-12-05,321.9419348453062
2022-12-06,315.9540059110256
2022-12-07,314.5315271936551
2022-12-08,318.2245509402808
2022-12-09,315.97426639097984
2022-12-12,322.5669031884727
2022-12-13,325.21985203661154
2022-12-14,323.0754619078747
2022-12-15,313.18328889012537
2022-12-16,309.0761782506219
2022-12-19,305.76787908280664
2022-12-20,306.6914057998279
2022-12-21,311.5033472206342
2022-12-22,305.05101241091364
2022-12-23,305.6757702742904
2022-12-27,303.29100374297184
2022-12-28,298.4922425901455
2022-12-29,304.6816665283426
2022-12-30,304.52528083720387
2023-01-03,300.49131335360914
2023-01-04,299.895096915161
2023-01-05,296.10012997025893
2023-01-06,303.17548830718
2023-01-09,303.80544890845994
2023-01-10,305.7932482355582
2023-01-11,310.61860920215923
2023-01-12,311.9942667859754
2023-01-13,314.1666417048756
2023-01-17,315.5982342646948
2023-01-18,310.56411904618614
2023-01-19,308.04129485542694
2023-01-20,314.6682158588906
2023-01-23,319.2280492588442
2023-01-24,320.62800221803406
2023-01-25,320.3191971119352
2023-01-26,325.21081401423993
2023-01-27,327.3752305080997
2023-01-30,321.00859447178334
2023-01-31,325.1826694425738
2023-02-01,329.13236582320326
2023-02-02,336.16454828195947
2023-02-03,335.9826728950909
2023-02-06,333.2827324684693
2023-02-07,340.4335864700961
2023-02-08,337.65149606840305
2023-02-09,335.4798617795676
2023-02-10,335.9073772678236
2023-02-13,341.9505540296227
2023-02-14,342.40520799112096
2023-02-15,342.78734616067266
2023-02-16,337.50439780938865
2023-02-17,335.0356692162754
2023-02-21,328.94609474862943
2023-02-22,328.3169421436379
2023-02-23,332.7008938651865
2023-02-24,328.53867934389126
2023-02-27,329.80917437878486
2023-02-28,328.5253452146552
2023-03-01,324.98864112920006
2023-03-02,328.0488043677999
2023-03-03,334.7789286606871
2023-03-06,337.43547380409717
2023-03-07,332.82372343260903
2023-03-08,333.73436185510417
2023-03-09,329.2654679922116
2023-03-10,326.11580505445755
2023-03-13,328.6790447464257
2023-03-14,334.8569404601273
2023-03-15,335.033073835202
2023-03-16,342.08816163884956
2023-03-17,341.4338485102839
2023-03-20,342.6861123003857
2023-03-21,346.38549955213455
2023-03-22,343.4186670379596
2023-03-23,346.64673574068684
2023-03-24,348.45011622779464
2023-03-27,347.29543056060606
2023-03-28,346.3537886007901
2023-03-29,351.779129386336
2023-03-30,354.5296400371215
2023-03-31,359.13105871280425
2023-04-03,361.9285317380997
2023-04-04,360.5159229874513
2023-04-05,359.43520024921776
2023-04-06,362.2002505806262
2023-04-10,360.053444556931
2023-04-11,357.0038249807251
2023-04-12,355.89521401224283
2023-04-13,362.7004533704029
2023-04-14,362.82656606528184
2023-04-17,364.013103383749
2023-04-18,365.69452773674146
2023-04-19,366.8206743958899
2023-04-20,364.2161570258952
2023-04-21,363.7076398514492
2023-04-24,362.8685772762573
2023-04-25,357.83816765186737
2023-04-26,363.86661038307074
2023-04-27,371.4038502655982
2023-04-28,374.53370682011104
2023-05-01,375.099350730022
2023-05-02,371.89720813269673
2023-05-03,369.18050471588225
2023-05-04,367.22063196565773
2023-05-05,377.2016824877793
2023-05-08,377.20619087014404
2023-05-09,374.52631526498027
2023-05-10,377.3012435854208
2023-05-11,376.0904755471301
2023-05-12,374.8059462116103
2023-05-15,375.4193674810695
2023-05-16,374.95127888069766
2023-05-17,378.48029539817963
2023-05-18,383.24417015649954
2023-05-19,382.7366593057376
2023-05-22,381.4154827312053
2023-05-23,376.3628928124992
2023-05-24,375.41207832025185
2023-05-25,386.19039376255813
2023-05-26,391.1678390852433
2023-05-30,392.1064781971828
2023-05-31,388.80707541191157
2023-06-01,395.42477630942585
2023-06-02,398.25069580504396
2023-06-05,397.0067564923772
2023-06-06,395.71694373720175
2023-06-07,390.8283539903534
2023-06-08,394.77962983593216
2023-06-09,395.8374725801289
2023-06-12,400.13068942318904
2023-06-13,402.3286040742241
2023-06-14,405.84949753282825
2023-06-15,411.7958255339761
2023-06-16,409.4473473559375
2023-06-20,407.894334774747
2023-06-21,405.41201221061846
2023-06-22,409.5547771366194
2023-06-23,406.4394416609232
2023-06-26,401.7973243006418
2023-06-27,407.1444666757575
2023-06-28,407.7605891762895
2023-06-29,408.8088945370469
2023-06-30,416.5347674593532
2023-07-03,415.0424580662181
2023-07-05,414.12298120145357
2023-07-06,413.8066095815923
2023-07-07,411.08326666314554
2023-07-10,408.2779170759085
2023-07-11,408.93590152818547
2023-07-12,413.58607495081037
2023-07-13,417.9101266080161
2023-07-14,417.9154430482392
2023-07-17,421.43324746246293
2023-07-18,426.2547081139996
2023-07-19,426.34923364528066
2023-07-20,423.1614417387165
2023-07-21,420.60505073129394
2023-07-24,423.0215248748413
2023-07-25,426.7125156460637
2023-07-26,422.95397904255435
2023-07-27,419.48049974401755
2023-07-28,425.1845660331432
2023-07-31,424.80528028151997
2023-08-01,424.0169230643569
2023-08-02,416.24655613693477
2023-08-03,415.83953863518013
2023-08-04,409.54592742977076
2023-08-07,410.12861048985155
2023-08-08,408.5226580945884
2023-08-09,403.99879308593154
2023-08-10,403.8449698933136
2023-08-11,402.4800743955963
2023-08-14,407.90938092670217
2023-08-15,404.35376471231444
2023-08-16,402.32989084844814
2023-08-17,398.7668387779017
2023-08-18,399.57713973950615
2023-08-21,405.47264721351934
2023-08-22,404.7117368777285
2023-08-23,410.73371948033326
2023-08-24,404.49956215913437
2023-08-25,407.0083839419376
2023-08-28,409.6063754122033
2023-08-29,416.6808480529486
2023-08-30,419.9823457864787
2023-08-31,419.5191552684671
2023-09-01,420.28990779363426
2023-09-05,421.0670657891575
2023-09-06,414.70693544855027
2023-09-07,409.49980777511234
2023-09-08,410.82073053877025
2023-09-11,412.8797316861944
2023-09-12,409.0768447623698
2023-09-13,409.6816499224567
2023-09-14,412.39264834550767
2023-09-15,406.4679185086963
2023-09-18,408.87760645393064
2023-09-19,408.73707492215925
2023-09-20,402.1116674788143
2023-09-21,397.5117277271373
2023-09-22,397.52723643547034
2023-09-25,399.3293243520804
2023-09-26,393.41490015921306
2023-09-27,393.32611015425914
2023-09-28,394.8367920979063
2023-09-29,395.0901872822634
2023-10-02,399.4719457461106
2023-10-03,393.9776460872487
2023-10-04,397.1114381591849
2023-10-05,397.9734617230851
2023-10-06,403.57406733145666
2023-10-09,405.39754064440217
2023-10-10,406.0670287516282
2023-10-11,408.3384495818566
2023-10-12,408.5517297000699
2023-10-13,405.77441294724036
2023-10-16,408.64030086712523
2023-10-17,405.38704721320755
2023-10-18,401.43009616956317
2023-10-19,401.144080383433
2023-10-20,396.29887848252577
2023-10-23,398.3193953512841
2023-10-24,401.1361835483566
2023-10-25,400.4759288703685
2023-10-26,390.66465622998766
2023-10-27,390.2448980861291
2023-10-30,396.37249078757475
2023-10-31,397.19301527240765
2023-11-01,403.99823528526935
2023-11-02,410.40593368352415
2023-11-03,412.7000324653478
2023-11-06,416.4833461842896
2023-11-07,419.5463106946335
2023-11-08,421.2834905970636
2023-11-09,419.8100456067274
2023-11-10,428.1535813769932
2023-11-13,426.8484282263439
2023-11-14,431.5312875691637
2023-11-15,431.7206300246503
2023-11-16,434.30754805813643
2023-11-17,432.6464482581799
2023-11-20,437.50346665842847
2023-11-21,435.55929557580504
2023-11-22,436.4759484024762
2023-11-24,435.1921582418966
2023-11-27,435.6584350108669
2023-11-28,437.2349616016295
2023-11-29,435.12865202919767
2023-11-30,435.55143171925926
2023-12-01,435.3908967861582
2023-12-04,430.8160657919533
2023-12-05,435.14589424074325
2023-12-06,431.0227651325538
2023-12-07,434.09728673357705
2023-12-08,437.0817796071999
2023-12-11,433.8202384746074
2023-12-12,437.2409664491398
2023-12-13,441.092603102681
2023-12-14,438.58306190572256
2023-12-15,440.16424728618654
2023-12-18,441.8562709650095
2023-12-19,443.2297127679263
2023-12-20,437.3775916931392
2023-12-21,440.2007224411223
2023-12-22,440.0465091372142
2023-12-26,440.61283003198815
2023-12-27,440.9119819039485
2023-12-28,441.69287634959
2023-12-29,441.29327234975983
2024-01-02,435.05602872270595
2024-01-03,433.3126236832411
2024-01-04,431.19856378743043
2024-01-05,431.88430956231235
2024-01-08,440.8841655133718
2024-01-09,441.66777450734384
2024-01-10,446.2286240860994
2024-01-11,446.4302277099406
2024-01-12,448.2832637083113
2024-01-16,447.9605734128186
2024-01-17,446.43895958337316
2024-01-18,453.6205445174747
2024-01-19,460.06249584339014
2024-01-22,461.31651067863726
2024-01-23,463.87181383786947
2024-01-24,465.5650045674859
2024-01-25,468.1522419260846
2024-01-26,466.11120856563923
2024-01-29,469.5000731814554
2024-01-30,468.20509033844934
2024-01-31,459.75435800030044
2024-02-01,466.26753918833896
2024-02-02,471.1447014101461
2024-02-05,473.3655972851451
2024-02-06,474.0516726885687
2024-02-07,479.00429245801627
2024-02-08,477.38079746092166
2024-02-09,482.00946246312833
2024-02-12,479.8254490279694
2024-02-13,474.62565177849086
2024-02-14,477.2646359856106
2024-02-15,476.94474510485173
2024-02-16,474.82328044391636
2024-02-20,471.608367788943
2024-02-21,470.8737531528273
2024-02-22,487.79395835080373
2024-02-23,486.59945513715525
2024-02-26,485.0537134674333
2024-02-27,485.5402669761303
2024-02-28,484.4891979268074
2024-02-29,486.74944714287676
2024-03-01,490.38117207754703
2024-03-04,490.0190614409896
2024-03-05,483.81292166728986
2024-03-06,486.2812435153163
2024-03-07,492.3592744560327
2024-03-08,488.28320859850686
2024-03-11,488.20833771982007
2024-03-12,499.19019416699376
2024-03-13,497.2180716698678
2024-03-14,498.54371585788266
2024-03-15,495.04153292459137
2024-03-18,497.4530095546131
2024-03-19,502.05173460510485
2024-03-20,506.83101146248896
2024-03-21,504.6983441124043
2024-03-22,506.6219578078599
2024-03-25,503.82544743928236
2024-03-26,500.3355706268212
2024-03-27,502.26084401975106
2024-03-28,500.77130119243543
2024-04-01,500.4569599035997
2024-04-02,497.4629176290855
2024-04-03,496.80656305301915
2024-04-04,491.6818131134737
2024-04-05,498.2335699108236
2024-04-08,496.0681377386985
2024-04-09,495.67175750962934
2024-04-10,494.82259323822507
2024-04-11,504.80365852244415
2024-04-12,499.2535063412115
2024-04-15,490.9603443462545
2024-04-16,489.6779062159354
2024-04-17,484.5673724117321
2024-04-18,482.21425105874897
2024-04-19,471.646524840157
2024-04-22,477.9384294516635
2024-04-23,484.99946124354557
2024-04-24,484.73485757446684
2024-04-25,485.34525750018037
2024-04-26,492.0079917130564
2024-04-29,494.1038773462323
2024-04-30,484.77713749403273
2024-05-01,482.1935273521489
2024-05-02,489.19424575438944
2024-05-03,502.3723839422229
2024-05-06,508.16342244761876
2024-05-07,506.32415068643195
2024-05-08,507.25467628248947
2024-05-09,508.2993668262213
2024-05-10,509.75273825175543
2024-05-13,511.9165468670862
2024-05-14,514.7449332732707
2024-05-15,523.1952512439923
2024-05-16,523.9176321930164
2024-05-17,522.4539986222659
2024-05-20,525.4358595674472
2024-05-21,528.8145596479574
2024-05-22,527.5215030841215
2024-05-23,531.9053896126652
2024-05-24,538.197093719589
2024-05-28,544.6993851540605
2024-05-29,544.2646395990516
2024-05-30,537.0410746381546
2024-05-31,539.391853860851
2024-06-03,545.0186278243208
2024-06-04,547.933754304778
2024-06-05,557.8022397107741
2024-06-06,556.1731186443145
2024-06-07,557.2644764617582
2024-06-10,556.9770769938688
2024-06-11,566.3135068843492
2024-06-12,575.6664176492333
2024-06-13,581.3362088896639
2024-06-14,582.720261175731
2024-06-17,587.3270737914553
2024-06-18,590.7766918827236
2024-06-20,584.1490740243953
2024-06-21,579.5114420033049
2024-06-24,572.4106441851148
2024-06-25,581.3586767313451
2024-06-26,585.2581869029583
2024-06-27,582.8497661636416
2024-06-28,578.0160716653179
2024-07-01,586.1294908407157
2024-07-02,588.7322342493968
2024-07-03,596.2647485866366
2024-07-05,599.4784651775
2024-07-08,601.8284969946685
2024-07-09,603.5633372820306
2024-07-10,612.9561802335193
2024-07-11,597.8859576979988
2024-07-12,601.1653249397741
2024-07-15,604.026324031771
2024-07-16,602.4595680045497
2024-07-17,590.3008692117891
2024-07-18,588.5227262954475
2024-07-19,583.1724500144663
2024-07-22,590.9378010068208
2024-07-23,590.7181117961682
2024-07-24,571.9739262872711
2024-07-25,566.227971855776
2024-07-26,571.4109068798365
2024-07-29,569.980232835206
2024-07-30,560.5887787269016
2024-07-31,576.4061083852686
2024-08-01,565.5035276251517
2024-08-02,560.4647163524344
2024-08-05,537.9824411923964
2024-08-06,543.4539918698972
2024-08-07,538.7636336791222
2024-08-08,551.7131653127674
2024-08-09,555.1766258139762
2024-08-12,561.3281571545316
2024-08-13,574.2987707924699
2024-08-14,578.6943044819375
2024-08-15,589.9709469298947
2024-08-16,592.4889107719081
2024-08-19,599.6113301885466
2024-08-20,598.1970039282977
2024-08-21,599.5588507504401
2024-08-22,590.8807542163107
2024-08-23,599.7453542052516
2024-08-26,596.9869775323936
2024-08-27,599.7215886818436
2024-08-28,594.7309426322867
2024-08-29,590.672614477356
2024-08-30,594.7383638897425
2024-09-03,574.5364044128804
2024-09-04,570.9471050106766
2024-09-05,571.7802248524656
2024-09-06,562.3814476703515
2024-09-09,570.6643885079361
2024-09-10,573.5440099830104
2024-09-11,587.7506500908097
2024-09-12,592.4239862852801
2024-09-13,594.2486335169934
2024-09-16,589.5457473307575
2024-09-17,589.386422130685
2024-09-18,587.8230989321768
2024-09-19,600.8833703370767
2024-09-20,597.9221210353694
2024-09-23,597.5195212683549
2024-09-24,600.6659799284159
2024-09-25,602.8727565178117
2024-09-26,603.245135343482
2024-09-27,600.6436852362461
2024-09-30,605.9142086405589
2024-10-01,593.5569122128668
2024-10-02,594.5185903654299
2024-10-03,597.389878108796
2024-10-04,601.7642945486353
2024-10-07,597.4134051972259
2024-10-08,607.3465658292029
2024-10-09,611.9102603638717
2024-10-10,612.7747519813875
2024-10-11,613.997110106406
2024-10-14,621.5790361346899
2024-10-15,616.9390485370852
2024-10-16,619.7000292411282
2024-10-17,621.4551042664672
2024-10-18,625.4777463678965
2024-10-21,631.0309469109527
2024-10-22,633.3113476964544
2024-10-23,625.5397398572482
2024-10-24,625.6387897664445
2024-10-25,627.1722391837168
2024-10-28,627.664728610521
2024-10-29,628.5098235559866
2024-10-30,624.9863078726564
2024-10-31,606.1555960832375
2024-11-01,608.097658487529
2024-11-04,607.8330895422679
2024-11-05,615.2058721114324
2024-11-06,627.9877483038786
2024-11-07,635.2915583061041
2024-11-08,634.2347319958594
2024-11-11,628.1311373186627
2024-11-12,632.7535841937253
2024-11-13,632.8300703829237
2024-11-14,635.2931690471789
2024-11-15,624.6781452406141
2024-11-18,625.8237472768157
2024-11-19,634.2730920949891
2024-11-20,632.9088597250751
2024-11-21,634.9447862431766
2024-11-22,634.0938262012754
2024-11-25,630.4182102339647
2024-11-26,636.5419870263073
2024-11-27,633.3164307819349
2024-11-29,638.7136503111675
2024-12-02,642.6669471062128
2024-12-03,646.0450279523859
2024-12-04,652.4558098989262
2024-12-05,654.4789724960733
2024-12-06,651.8783788170333
2024-12-09,649.2501376665334
2024-12-10,645.4872031189271
2024-12-11,650.8465348108459
2024-12-12,649.2652026844933
2024-12-13,644.9344547490178
2024-12-16,644.6434008569836
2024-12-17,645.8030327249954
2024-12-18,631.4885748591488
2024-12-19,635.16882645996
2024-12-20,643.5675106168468
2024-12-23,649.0082318592939
2024-12-24,654.9409326895608
2024-12-26,655.0017166509375
2024-12-27,645.8381428961796
2024-12-30,640.473319792441
2024-12-31,635.3145012332453
2025-01-02,633.7919784927093
2025-01-03,642.5509506220588
2025-01-06,649.5738654347164
2025-01-07,636.6477775431032
2025-01-08,637.6321206008097
2025-01-10,625.9743988419577
2025-01-13,621.6157949853643
2025-01-14,619.6412893474162
2025-01-15,633.2981865037299
2025-01-16,623.683930694787
2025-01-17,632.4379888652127
2025-01-21,631.6148446711546
2025-01-22,644.4494106797468
2025-01-23,646.6013843913952
2025-01-24,640.2860015143725
2025-01-27,620.9752299464473
2025-01-28,643.0028095607222
2025-01-29,636.6328589626909
2025-01-30,629.8019965431571
2025-01-31,621.8718409993467
2025-02-03,612.4695816775271
2025-02-04,619.5264570549392
2025-02-05,628.3312712462913
2025-02-06,634.3923479241778
2025-02-07,628.9200233429038
2025-02-10,634.9054059522604
2025-02-11,639.2280021128013
2025-02-12,639.8155464536903
2025-02-13,649.6649778807803
2025-02-14,653.2292045855942
2025-02-18,655.6147664831119
2025-02-19,658.187686311222
2025-02-20,656.5325724901603
2025-02-21,646.6116673483641
2025-02-24,641.294259648893
2025-02-25,636.7775308895657
2025-02-26,636.9769252563054
2025-02-27,621.7174823770733
2025-02-28,634.7525608774421
2025-03-03,615.9377051674812
2025-03-04,612.2682893154692
2025-03-05,618.2496929883854
2025-03-06,607.3976658034561
2025-03-07,610.4905215769356
2025-03-10,589.0809953376876
2025-03-11,584.0050475250273
2025-03-12,588.6295902409533
2025-03-13,580.6508737753549
2025-03-14,595.8653717410796
2025-03-17,596.3032816217252
2025-03-18,588.2372629997574
2025-03-19,595.6743658860107
2025-03-20,595.3783737187288
2025-03-21,598.9135364509814
2025-03-24,607.8322303035251
2025-03-25,609.0596222774499
2025-03-26,599.1328516325716
2025-03-27,599.1093990564372
2025-03-28,587.1506042468033
2025-03-31,590.4397296847657
2025-04-01,594.22916561259
2025-04-02,595.2663323130815
2025-04-03,564.1614256610239
2025-04-04,529.2041903983751
2025-04-07,526.986925967539
2025-04-08,516.1599661683663
2025-04-09,577.6404291797204
2025-04-10,558.553099925841
2025-04-11,574.6826437771255
2025-04-14,579.3177688270982
2025-04-15,579.3063005346713
2025-04-16,558.5647934760253
2025-04-17,558.561864965927
2025-04-21,544.9784577774755
2025-04-22,559.1121314968289
2025-04-23,570.0601891243396
2025-04-24,581.8796171438639
2025-04-25,588.5418410807027
2025-04-28,587.122682309461
2025-04-29,590.1330709595877
2025-04-30,591.8251281007866
2025-05-01,605.2089955513281
2025-05-02,608.3508222387026
2025-05-05,602.5634852765129
2025-05-06,600.772900346495
2025-05-07,603.7365966278169
2025-05-08,606.4875247626281
2025-05-09,606.5603713888347
2025-05-12,627.8594110117741
2025-05-13,635.7724438014617
2025-05-14,642.3601558297719
2025-05-15,644.4656008223599
2025-05-16,646.8639728253905
2025-05-19,646.707554918492
2025-05-20,643.487823717479
2025-05-21,633.0218656288616
2025-05-22,633.281913971497
2025-05-23,625.7529445815735
2025-05-27,639.6794068944065
2025-05-28,637.3174123709227
2025-05-29,642.4059955407342
2025-05-30,641.264717025622
2025-06-02,645.2204169489113
2025-06-03,650.6924394356192
2025-06-04,650.2973457211291
2025-06-05,646.6560413810911
2025-06-06,653.6463197734548
2025-06-09,652.9491252893506
2025-06-10,655.7734195255812
2025-06-11,651.973090668247
2025-06-12,655.9379233430128
2025-06-13,647.2585674333035
2025-06-16,653.354349260746
2025-06-17,649.6217235164045
2025-06-18,651.1601903081835
2025-06-20,653.2307020467488
2025-06-23,658.8495610821225
2025-06-24,663.3611359738737
2025-06-25,670.0939046331279
2025-06-26,672.3501531366417
2025-06-27,675.4452406137331
2025-06-30,680.9020093930191
2025-07-01,676.5046506800829
2025-07-02,683.4272657839805
2025-07-03,691.0090506003426
2025-07-07,686.3802134227532
2025-07-08,685.9487339993792
2025-07-09,692.3954414413861
2025-07-10,694.2584535846225
2025-07-11,693.6909990977646
2025-07-14,691.6193052493875
2025-07-15,698.9747959938079
2025-07-16,701.5018177877726
2025-07-17,705.6633436809341
2025-07-18,704.7235837387717
2025-07-21,705.207684702002
2025-07-22,701.0373892045006
2025-07-23,706.7157170465572
2025-07-24,712.1489620892717
2025-07-25,713.7916618703546
2025-07-28,716.2668209478339
2025-07-29,713.4371402746121
2025-07-30,715.4567422467629
2025-07-31,718.2665433947864
2025-08-01,705.7846586007249
2025-08-04,719.0026234841629
2025-08-05,712.9785152755071
2025-08-06,722.230628020386
2025-08-07,725.932301291998
2025-08-08,735.9774515659041
2025-08-11,734.1673513804188
2025-08-12,740.3812312362445
2025-08-13,737.1103738007336
2025-08-14,738.4087738118458
2025-08-15,734.5841788141407
2025-08-18,735.0952676489919
2025-08-19,725.8815272127606
2025-08-20,722.7862116972341
2025-08-21,719.8524040158563
2025-08-22,726.9609021105241
2025-08-25,726.506698220146
2025-08-26,730.0601593565991
2025-08-27,732.9177186642203
2025-08-28,733.7240565739355
2025-08-29,726.8806761764084
2025-09-02,721.0689810155554
2025-09-03,726.5059669135845
2025-09-04,731.193163382915
2025-09-05,718.1412059557364
2025-09-08,719.6724285550592
2025-09-09,721.6703607350694
2025-09-10,724.9521486104519
2025-09-11,729.29272390529
2025-09-12,735.7518361775877
2025-09-15,739.6482229622588
2025-09-16,735.6766747001132
2025-09-17,732.8771224121116
2025-09-18,737.2148625661795
2025-09-19,745.8954477159027
2025-09-22,758.4691237398624
2025-09-23,749.915637213863
2025-09-24,747.1603226143127
2025-09-25,749.3396041890471
2025-09-26,751.7696917746587
2025-09-29,756.4770432505633
2025-09-30,763.9391691167491
2025-10-01,765.1280804697402
2025-10-02,765.4439339586982
2025-10-03,766.7036192823502
2025-10-06,767.0811630241616
2025-10-07,765.8416383294189
2025-10-08,770.9079097008804
2025-10-09,770.3690888849306
2025-10-10,748.4154608034953
2025-10-13,758.118450262725
2025-10-14,751.0978927217024
2025-10-15,752.3969563881174
2025-10-16,750.3720251626323
2025-10-17,757.6989470588926
2025-10-20,765.812837786413
2025-10-21,764.4929915481473
2025-10-22,761.2679813724421
2025-10-23,764.3289449100292
2025-10-24,772.7678225524054
2025-10-27,786.0152729811884
2025-10-28,799.412249403157
2025-10-29,805.1002083698238
2025-10-30,796.9856324246088
2025-10-31,792.4372185038505
2025-11-03,794.8570620606906
2025-11-04,786.0576077608085
2025-11-05,779.4311144197353
2025-11-06,768.0573558304319
2025-11-07,768.498745675462
2025-11-10,785.8827756351486
2025-11-11,786.1599561058661
2025-11-12,786.9678442821044
2025-11-13,773.8469912169485
2025-11-14,778.853936347665
2025-11-17,769.3540810156757
2025-11-18,757.7732208349685
2025-11-19,762.9328893337605
2025-11-20,753.1712308046517
2025-11-21,752.6760075699767
2025-11-24,760.1035274587947
2025-11-25,758.4179036126483
2025-11-26,766.3302011146694
2025-11-28,767.0325249759558
2025-12-01,770.2486153382151
2025-12-02,774.6746316621023
2025-12-03,768.3935289294858
2025-12-04,771.9895544762616
2025-12-05,769.8481919034806
2025-12-08,774.4215301555613
2025-12-09,772.4482140930977
2025-12-10,768.7203330880708
2025-12-11,770.4305863747695
2025-12-12,763.564212109865
2025-12-15,761.650100330405
2025-12-16,761.9018992869296
2025-12-17,752.3539363103645
2025-12-18,758.8334216566791
2025-12-19,769.5655384953347
2025-12-22,771.729621271222
2025-12-23,780.0527465797877
2025-12-24,781.9745448787081
2025-12-26,783.6237226094449
2025-12-29,780.8350381015753
2025-12-30,779.3592814428936
2025-12-31,774.9793860541477
2026-01-02,774.6154227008371
2026-01-05,772.8850213349427
2026-01-06,770.853780250841
2026-01-07,770.8229030346599
2026-01-08,764.8184855720222
2026-01-09,766.2106307128612
2026-01-12,767.0812104386163
2026-01-13,765.3050072329431
2026-01-14,758.4051542147354
2026-01-15,760.0183147356094
2026-01-16,759.1783200095244
2026-01-20,740.1196845441376
2026-01-21,743.9334528679616
2026-01-22,747.8238294115588
2026-01-23,755.8363761687182
2026-01-26,762.0602714573301
2026-01-27,770.0316048405198
2026-01-28,772.8907085332914
2026-01-29,761.6697816325938
2026-01-30,760.7928555544868
2026-02-02,762.9076901285617
2026-02-03,755.426089061202
2026-02-04,755.850069565246
2026-02-05,743.7814115251023
2026-02-06,768.6646009091414
2026-02-09,775.249729684564
2026-02-10,771.9626890126019
2026-02-11,772.5765279425258
2026-02-12,758.7415428735226
2026-02-13,748.573373124329
2026-02-17,754.7658118165463
2026-02-18,759.6164581228626
2026-02-19,756.5691703004649
2026-02-20,760.7002711375474
2026-02-23,757.7141084004661
2026-02-24,765.6400578576211
2026-02-25,775.3297060305325
2026-02-26,763.3329097361473
2026-02-27,747.6528493724561
2026-03-02,755.733187153355
2026-03-03,753.8514427877259
2026-03-04,756.286709522743
2026-03-05,753.4919793134144
2026-03-06,743.9157764488727
2026-03-09,751.4006334997898
2026-03-10,753.0366449014914
2026-03-11,752.8243739905214
2026-03-12,743.8225822945187
2026-03-13,734.8461644148929
2026-03-16,743.0278390020227
2026-03-17,741.652174054483
2026-03-18,730.9874492714205
2026-03-19,726.3917521695157
2026-03-20,715.6000442845392
2026-03-23,723.6202934771584
2026-03-24,720.1393716113896
2026-03-25,725.3952906246396
2026-03-26,714.020143094941
2026-03-27,702.3186824600169
2026-03-30,699.7627265350212
2026-03-31,722.2493685417221
2026-04-01,723.1839864633151
2026-04-02,726.477412085914
2026-04-06,730.1946344583253
2026-04-07,724.7657716436637
2026-04-08,737.438635172209
2026-04-09,741.2033589085618
2026-04-10,742.9200853191925
2026-04-13,747.0829854165112
2026-04-14,757.4084894974119
2026-04-15,770.3456368785213
2026-04-16,770.9316849521799
2026-04-17,780.9340004690594
2026-04-20,781.8706656491262
2026-04-21,774.8545588808319
2026-04-22,785.4357512457918
2026-04-23,779.5997109325654
2026-04-24,788.6103974345998
2026-04-27,793.4882000768056
2026-04-28,795.77172568303
2026-04-29,792.3689347490956
2026-04-30,780.1095849703302
2026-05-01,786.0030904521622
2026-05-04,781.3929493906753
2026-05-05,784.1508875643094
2026-05-06,800.5090712705983
2026-05-07,804.7980671873414
2026-05-08,809.4284034097251
2026-05-11,812.9047397396099
2026-05-12,816.9263319793997
2026-05-13,823.852565594444
2026-05-14,836.2064407277821
2026-05-15,831.0632211291295
2026-05-18,830.0043102647335
2026-05-19,826.8453260598814
2026-05-20,832.6025088163246
2026-05-21,826.4620069830981
2026-05-22,824.4355511730935
2026-05-26,820.5284676113687
2026-05-27,818.0857157228953
2026-05-28,825.1583286376112
2026-05-29,827.18777506738
2026-06-01,840.9378816973876
2026-06-02,837.8199839086534
2026-06-03,822.5228117583222
2026-06-04,830.9816626335783
2026-06-05,811.97789652608
2026-06-08,810.3385167981246
2026-06-09,801.3407613838186
