Date,benchmark_index
2018-01-02,100.0
2018-01-03,100.26366530690771
2018-01-04,101.07956920800932
2018-01-05,101.43741672623102
2018-01-08,101.55845238938649
2018-01-09,101.70352165202992
2018-01-10,101.46792605147706
2018-01-11,101.77047299337534
2018-01-12,102.38435641632354
2018-01-16,101.95169424378001
2018-01-17,102.45350952450791
2018-01-18,102.28835871119013
2018-01-19,102.1025834471499
2018-01-22,102.8519767392057
2018-01-23,102.45829726537943
2018-01-24,102.12763243262152
2018-01-25,102.19463627376363
2018-01-26,102.92126469071934
2018-01-29,102.22635039668397
2018-01-30,101.33072810104855
2018-01-31,101.41859992223331
2018-02-01,101.98374360825618
2018-02-02,99.38553851596402
2018-02-05,95.13452571160997
2018-02-06,96.59004156924067
2018-02-07,96.17611373868132
2018-02-08,92.88466972297259
2018-02-09,94.17453350586605
2018-02-12,95.30871097251986
2018-02-13,95.66857324037521
2018-02-14,96.26751380693504
2018-02-15,97.53477470452192
2018-02-16,97.92934770146618
2018-02-20,96.04540545644402
2018-02-21,94.91590772567568
2018-02-22,95.49279406392677
2018-02-23,96.67038312294517
2018-02-26,97.74301777460553
2018-02-27,96.6310996210758
2018-02-28,95.16870977540401
2018-03-01,94.3100825087944
2018-03-02,94.82945013501153
2018-03-05,95.78293989025846
2018-03-06,95.69233063724977
2018-03-07,95.0999427025302
2018-03-08,95.83538197643834
2018-03-09,97.13999691785195
2018-03-12,97.22869969986758
2018-03-13,96.40924810347742
2018-03-14,95.45344454289189
2018-03-15,95.66356457528829
2018-03-16,95.95194728516768
2018-03-19,94.6486960813669
2018-03-20,94.36783338850188
2018-03-21,94.14330172491518
2018-03-22,92.1120209249912
2018-03-23,90.44095138123815
2018-03-26,92.3667248743622
2018-03-27,91.98274060417829
2018-03-28,92.50313986840482
2018-03-29,93.3079070605214
2018-04-02,91.21412516281904
2018-04-03,92.54434525671161
2018-04-04,93.79913837775791
2018-04-05,94.39970720111494
2018-04-06,92.71176316697903
2018-04-09,92.8659292765182
2018-04-10,94.16753071867484
2018-04-11,93.58523886906663
2018-04-12,94.1442165591135
2018-04-13,94.41410349551421
2018-04-16,94.92049051667745
2018-04-17,95.51899370508353
2018-04-18,95.08620938215496
2018-04-19,94.80984863919159
2018-04-20,94.14068715073185
2018-04-23,94.08419509575518
2018-04-24,93.41857767463837
2018-04-25,93.07878799712148
2018-04-26,93.44182244344252
2018-04-27,93.13726040088598
2018-04-30,92.64216045949102
2018-05-01,92.52350694829269
2018-05-02,92.10121928022558
2018-05-03,91.85751084591705
2018-05-04,93.10498973905997
2018-05-07,93.03939703763201
2018-05-08,93.07064173156695
2018-05-09,93.70025196639101
2018-05-10,94.74599806988216
2018-05-11,95.00373369256387
2018-05-14,95.11620513934903
2018-05-15,94.68326917791136
2018-05-16,95.35029611164691
2018-05-17,94.96954194794014
2018-05-18,94.57136927024573
2018-05-21,95.4923186624696
2018-05-22,95.19821901097549
2018-05-23,94.72152810873435
2018-05-24,94.58633869899215
2018-05-25,94.37394599975809
2018-05-29,93.38725186607164
2018-05-30,94.62194610300168
2018-05-31,93.77053000776111
2018-06-01,94.61311489355688
2018-06-04,94.9066274033965
2018-06-05,94.84712969960779
2018-06-06,95.60620209246228
2018-06-07,96.0483771669059
2018-06-08,96.53589120166257
2018-06-11,96.47710089765627
2018-06-12,96.46101658807726
2018-06-13,95.41177895431022
2018-06-14,95.10717695327894
2018-06-15,95.06083541315144
2018-06-18,94.33034470887566
2018-06-19,94.22722336430081
2018-06-20,93.99473797265321
2018-06-21,93.63667421243166
2018-06-22,94.15763606847882
2018-06-25,93.62207023969839
2018-06-26,94.51635604670719
2018-06-27,94.44389619360538
2018-06-28,94.92580602787622
2018-06-29,94.76311272487241
2018-07-02,94.65586335519436
2018-07-03,94.63186897238211
2018-07-05,95.35050228484089
2018-07-06,96.02987006943924
2018-07-09,96.65834319302127
2018-07-10,97.57249442248454
2018-07-11,96.69043798216218
2018-07-12,97.2812464932149
2018-07-13,97.26243067117026
2018-07-16,97.48329275776183
2018-07-17,97.9704691275442
2018-07-18,97.76928454934419
2018-07-19,97.24260210816783
2018-07-20,97.02146696460342
2018-07-23,97.15952659012497
2018-07-24,98.1456679913207
2018-07-25,98.41062806678502
2018-07-26,98.65601469840503
2018-07-27,98.45572787176988
2018-07-30,98.68197352775319
2018-07-31,99.16718812911944
2018-08-01,99.20932362366655
2018-08-02,99.61017933639856
2018-08-03,100.19032627413134
2018-08-06,100.21330834561067
2018-08-07,100.44931906643669
2018-08-08,100.26810680854697
2018-08-09,100.06266434598197
2018-08-10,99.70351593687488
2018-08-13,99.02067415216355
2018-08-14,99.2165357320432
2018-08-15,98.98006552102514
2018-08-16,100.88310511718565
2018-08-17,101.24796397520689
2018-08-20,101.177165850618
2018-08-21,101.31398470674979
2018-08-22,100.96165235631997
2018-08-23,100.81232713821868
2018-08-24,101.03862915957728
2018-08-27,101.75821530712169
2018-08-28,101.83225250920027
2018-08-29,102.20513578627344
2018-08-30,101.91543894780659
2018-08-31,101.91261558958585
2018-09-04,101.60301309774715
2018-09-05,101.80272128907369
2018-09-06,101.57824800667866
2018-09-07,101.39712412401327
2018-09-10,101.71556819118847
2018-09-11,102.30939127763028
2018-09-12,102.783389389934
2018-09-13,103.22901566213744
2018-09-14,103.24538586980344
2018-09-17,103.18584748765
2018-09-18,103.36009142020274
2018-09-19,103.68849009328005
2018-09-20,104.24147867528175
2018-09-21,104.15554645546584
2018-09-24,103.50550772025164
2018-09-25,102.70581448078295
2018-09-26,102.32495095511493
2018-09-27,102.61664972084878
2018-09-28,102.30263264544132
2018-10-01,103.5636893137155
2018-10-02,104.3548394245201
2018-10-03,104.14543331511412
2018-10-04,103.87943114453347
2018-10-05,103.86753466166087
2018-10-08,104.6027333242226
2018-10-09,105.02854277334058
2018-10-10,102.525323666916
2018-10-11,99.93008380882732
2018-10-12,100.46945654244361
2018-10-15,99.9319346271927
2018-10-16,101.34281312383288
2018-10-17,102.03787415343061
2018-10-18,101.40750007348643
2018-10-19,102.96072156650118
2018-10-22,102.46342779241257
2018-10-23,102.75230061308591
2018-10-24,100.34453967975386
2018-10-25,101.10256577859786
2018-10-26,99.45665036015072
2018-10-29,99.41008623622551
2018-10-30,100.10189419433203
2018-10-31,100.71448798123699
2018-11-01,100.48946538468235
2018-11-02,99.80083801219847
2018-11-05,100.25766219699476
2018-11-06,100.92234937430894
2018-11-07,102.01692695250995
2018-11-08,101.84487203506062
2018-11-09,100.90987847742393
2018-11-12,99.07477393197456
2018-11-13,99.36494854677177
2018-11-14,98.20158742793993
2018-11-15,98.56598627239235
2018-11-16,98.73512173948684
2018-11-19,97.95191278565348
2018-11-20,95.4912665546649
2018-11-21,95.44008025177709
2018-11-23,94.60749892813025
2018-11-26,95.68844829823415
2018-11-27,96.04988678380401
2018-11-28,98.09601780425712
2018-11-29,97.99195792734572
2018-11-30,98.3974619919804
2018-12-03,99.51043743736858
2018-12-04,96.77783680643739
2018-12-06,96.37401235516843
2018-12-07,94.44716025752183
2018-12-10,94.4219043275763
2018-12-11,94.30119246233508
2018-12-12,94.3416341439663
2018-12-13,95.54304898328161
2018-12-14,93.5695494636337
2018-12-17,91.90189040952039
2018-12-18,92.04699692478836
2018-12-19,91.57327398215307
2018-12-20,89.74014307208647
2018-12-21,88.34267335019803
2018-12-24,85.49132776542288
2018-12-26,89.42191935532311
2018-12-27,89.90591083744991
2018-12-28,90.01490094402855
2018-12-31,90.7082219281898
2019-01-02,91.71145147218564
2019-01-03,89.89933285255178
2019-01-04,92.35446810266988
2019-01-07,93.03203289501654
2019-01-08,93.67317194880908
2019-01-09,93.3423547536796
2019-01-10,94.02596698523088
2019-01-11,94.02522479926729
2019-01-14,93.58527878011675
2019-01-15,94.31581105449187
2019-01-16,94.51321348037405
2019-01-17,95.07483189655098
2019-01-18,95.96761094360394
2019-01-22,94.49076151366492
2019-01-23,95.37868590078443
2019-01-24,94.9077397820057
2019-01-25,95.65936655223034
2019-01-28,95.14850976238901
2019-01-29,95.00904343713009
2019-01-30,96.00280288097312
2019-01-31,97.74911416163494
2019-02-01,98.09517694958986
2019-02-04,98.60662747971175
2019-02-05,99.41262321880572
2019-02-06,99.1465127477843
2019-02-07,98.25154175306058
2019-02-08,97.99047962469162
2019-02-11,98.24937576603091
2019-02-12,99.15940415438833
2019-02-13,99.81198138634798
2019-02-14,98.58846304357446
2019-02-15,99.67519947304424
2019-02-19,100.05640282803893
2019-02-20,100.00864624954939
2019-02-21,100.07777744822556
2019-02-22,100.63223758953004
2019-02-25,101.36395718978737
2019-02-26,101.58126639223063
2019-02-27,101.73080400562564
2019-02-28,101.24824602439199
2019-03-01,101.33229392449033
2019-03-04,101.31307147578478
2019-03-05,100.81618475124122
2019-03-06,99.73387879931883
2019-03-07,99.72590209175345
2019-03-08,99.67274678224106
2019-03-11,101.41687792839525
2019-03-12,101.64721711138733
2019-03-13,102.28726059638447
2019-03-14,102.61000897644843
2019-03-15,102.74929238269249
2019-03-18,103.50241231216684
2019-03-19,103.50201978831925
2019-03-20,103.15427495305077
2019-03-21,104.08272702874719
2019-03-22,102.66094063293014
2019-03-25,102.25013245372237
2019-03-26,103.23945034465136
2019-03-27,102.8529328586111
2019-03-28,102.91180251963924
2019-03-29,103.57013372286411
2019-04-01,104.41131797165396
2019-04-02,104.41156026936795
2019-04-03,104.33972193875233
2019-04-04,104.53632803174334
2019-04-05,104.92786413805274
2019-04-08,104.85419726624633
2019-04-09,104.16176830518219
2019-04-10,104.36334176191664
2019-04-11,104.608786841886
2019-04-12,105.05587953230844
2019-04-15,105.10363480149651
2019-04-16,105.7499095020166
2019-04-17,106.41030516523301
2019-04-18,106.75634162931841
2019-04-22,106.97190999284614
2019-04-23,107.4936964586714
2019-04-24,106.76138548351665
2019-04-25,106.65874680225123
2019-04-26,107.38261193951078
2019-04-29,107.61110148779038
2019-04-30,108.57954914838785
2019-05-01,108.09033734403445
2019-05-02,107.76054200803888
2019-05-03,108.78789101228782
2019-05-06,108.250623721775
2019-05-07,106.65950440631245
2019-05-08,106.47866450808637
2019-05-09,105.95803007921015
2019-05-10,106.8519796225991
2019-05-13,104.80249096869348
2019-05-14,105.97602794371657
2019-05-15,106.46377177028167
2019-05-16,107.2699205398734
2019-05-17,106.78126558394324
2019-05-20,106.3177825472383
2019-05-21,106.60850505786306
2019-05-22,106.59649074767411
2019-05-23,105.50588225637613
2019-05-24,105.5668445527884
2019-05-28,104.48774812758386
2019-05-29,103.64841797184451
2019-05-30,104.0422164855988
2019-05-31,102.53641919061374
2019-06-03,102.93368645682743
2019-06-04,105.12548763938233
2019-06-05,106.03609266670946
2019-06-06,107.19415847919409
2019-06-07,108.29727816501247
2019-06-10,108.74656422867274
2019-06-11,109.14923942820973
2019-06-12,109.33648167960233
2019-06-13,109.60276096180615
2019-06-14,109.51014869614708
2019-06-17,109.29175364435025
2019-06-18,110.35695940164393
2019-06-19,110.33356461023226
2019-06-20,111.5526285554079
2019-06-21,111.4041041537261
2019-06-24,111.38554996398203
2019-06-25,110.54408528608285
2019-06-26,110.42091702300883
2019-06-27,110.55254323158356
2019-06-28,111.0302641987775
2019-07-01,111.91675444814099
2019-07-02,112.40792488168061
2019-07-03,113.22842049127983
2019-07-05,112.9465809273802
2019-07-08,112.52933843029727
2019-07-09,112.49079991246096
2019-07-10,112.98963712753418
2019-07-11,112.9855716508575
2019-07-12,113.27204519682446
2019-07-15,113.19422916320705
2019-07-16,112.87169577028756
2019-07-17,111.96459069781835
2019-07-18,112.12976641993558
2019-07-19,111.35758151463853
2019-07-22,111.5504364502917
2019-07-23,112.90458449548146
2019-07-24,113.32687478063251
2019-07-25,112.95709350566894
2019-07-26,113.79835004632764
2019-07-29,114.0585929424233
2019-07-30,114.30590833141142
2019-07-31,113.18842272743528
2019-08-01,111.77576480785719
2019-08-02,111.36814925827252
2019-08-05,108.33598942780816
2019-08-06,109.42947346053583
2019-08-07,109.54567042269342
2019-08-08,111.24369006720468
2019-08-09,110.19495421808892
2019-08-12,109.27644974517
2019-08-13,111.27883840213204
2019-08-14,108.4419181639442
2019-08-15,108.21143045473003
2019-08-16,110.71577585775708
2019-08-19,111.68320724143761
2019-08-20,110.27984095612119
2019-08-21,110.5790243360694
2019-08-22,110.75985713998621
2019-08-23,108.06008280825296
2019-08-26,109.26427994482478
2019-08-27,109.06194601501039
2019-08-28,109.50165667448431
2019-08-29,110.62018405686071
2019-08-30,110.82262989204189
2019-09-03,110.76808056423687
2019-09-04,112.46454699248939
2019-09-05,113.12126901796529
2019-09-06,113.08952840936189
2019-09-09,113.7086273809949
2019-09-10,114.40092624640778
2019-09-11,115.7561867333811
2019-09-12,115.93679995873669
2019-09-13,115.92459429006239
2019-09-16,115.25631600063934
2019-09-17,115.47316690703508
2019-09-18,115.78949995433521
2019-09-19,116.0432137152274
2019-09-20,115.85553956284905
2019-09-23,115.97115070228712
2019-09-24,115.06283154204601
2019-09-25,115.62448811774534
2019-09-26,115.20915648271286
2019-09-27,115.1947346856966
2019-09-30,115.53243204829937
2019-10-01,114.33111348680649
2019-10-02,112.50776128916611
2019-10-03,113.33214653248501
2019-10-04,114.88009640388478
2019-10-07,114.26671327680455
2019-10-08,112.78877623847521
2019-10-09,113.56787950765718
2019-10-10,114.3480179500485
2019-10-11,115.64284508112449
2019-10-14,115.28490301794025
2019-10-15,116.162969146097
2019-10-16,115.9954231008258
2019-10-17,116.39558314943788
2019-10-18,115.79753259148556
2019-10-21,116.402878486766
2019-10-22,117.03161009709927
2019-10-23,117.66869007567719
2019-10-24,117.19102271509246
2019-10-25,117.35954105880377
2019-10-28,118.37686043129315
2019-10-29,117.58231875914879
2019-10-30,119.60836423617602
2019-10-31,119.52006898184005
2019-11-01,120.92780253128264
2019-11-04,121.42169389659213
2019-11-05,121.76459515158848
2019-11-06,121.9184418034652
2019-11-07,122.68237060142799
2019-11-08,122.95623384319447
2019-11-11,122.50295932282408
2019-11-12,122.25784610801676
2019-11-13,122.57823263231542
2019-11-14,122.42191499606434
2019-11-15,123.56419387759128
2019-11-18,123.95237714382466
2019-11-19,123.26954855096977
2019-11-20,122.81433789491953
2019-11-21,123.2265518763439
2019-11-22,123.43082632117606
2019-11-25,123.66532010744784
2019-11-26,123.78619876321544
2019-11-27,123.99471352304053
2019-11-29,123.65254362384837
2019-12-02,123.40092044911373
2019-12-03,122.7466704671465
2019-12-04,123.83031460357853
2019-12-05,124.00148831472285
2019-12-06,125.33470440100723
2019-12-09,124.87368147509335
2019-12-10,124.66014426926212
2019-12-11,124.91089035358404
2019-12-12,126.41768202141358
2019-12-13,126.46169156647693
2019-12-16,126.94117341939851
2019-12-17,127.01912340021585
2019-12-18,126.47097867847758
2019-12-19,127.00065004906958
2019-12-20,127.55620330273403
2019-12-23,127.78759301123272
2019-12-24,127.77521497002856
2019-12-26,128.46510051239986
2019-12-27,128.58481766283776
2019-12-30,128.0032625625706
2019-12-31,128.3905630195363
2020-01-02,129.8794765996483
2020-01-03,129.00282275102285
2020-01-06,129.39500093269456
2020-01-07,128.62361309653997
2020-01-08,128.89629658741543
2020-01-09,130.03111146367098
2020-01-10,129.33519972328514
2020-01-13,130.57520806094743
2020-01-14,130.303750603952
2020-01-15,130.10598001186585
2020-01-16,130.74321005411178
2020-01-17,131.1318551770607
2020-01-21,130.6611276873488
2020-01-22,130.4974371161894
2020-01-23,130.84994600321104
2020-01-24,129.95714563114143
2020-01-27,128.77375078883875
2020-01-28,130.12081957883981
2020-01-29,131.2053998536129
2020-01-30,132.3611235183676
2020-01-31,129.85400278483505
2020-02-03,129.6969696771779
2020-02-04,131.5016801785624
2020-02-05,133.28280534303985
2020-02-06,133.82127425397255
2020-02-07,133.2133013464161
2020-02-10,133.58027169578887
2020-02-11,133.0092587335524
2020-02-12,133.63964105912976
2020-02-13,133.56121506344545
2020-02-14,133.70426269504975
2020-02-18,133.04928829328733
2020-02-19,133.3617194767234
2020-02-20,132.9496613539358
2020-02-21,131.93030713454812
2020-02-24,127.96898961368716
2020-02-25,124.74652700810014
2020-02-26,124.04459492320733
2020-02-27,117.97991901868156
2020-02-28,117.49748553407211
2020-03-02,124.05770750693759
2020-03-03,120.52721766545237
2020-03-04,125.16542492979718
2020-03-05,120.98638542898081
2020-03-06,118.24620727158805
2020-03-09,109.47392034008837
2020-03-10,114.95284556501758
2020-03-11,109.37735431319533
2020-03-12,99.25522852376498
2020-03-13,108.95881575518524
2020-03-16,98.25496309457455
2020-03-17,105.15355932824552
2020-03-18,100.87983672238707
2020-03-19,98.77837568496236
2020-03-20,93.69968682100475
2020-03-23,90.121768328242
2020-03-24,97.51062784617827
2020-03-25,98.96189785453402
2020-03-26,104.59986607100639
2020-03-27,101.20198339370968
2020-03-30,105.39622182327865
2020-03-31,103.71362649703443
2020-04-01,99.76088235914523
2020-04-02,102.94984375819033
2020-04-03,101.56449164721467
2020-04-06,107.55521015592201
2020-04-07,106.57704821074248
2020-04-08,109.60704114173208
2020-04-09,110.62759803727741
2020-04-13,109.76295523012548
2020-04-14,112.43148168623105
2020-04-15,109.8942693313798
2020-04-16,109.47956655485399
2020-04-17,113.65591878070366
2020-04-20,110.64852624635598
2020-04-21,108.46381369774679
2020-04-22,109.74679760612752
2020-04-23,109.93842673315568
2020-04-24,110.39221886981812
2020-04-27,111.57200958108106
2020-04-28,111.84357335265942
2020-04-29,113.19619642450397
2020-04-30,112.68033718304314
2020-05-01,110.22046063271955
2020-05-04,110.21521628464357
2020-05-05,110.77386099446225
2020-05-06,109.16576394583696
2020-05-07,109.55319956757897
2020-05-08,112.11865320347846
2020-05-11,111.54757796970642
2020-05-12,109.70069232677812
2020-05-13,107.50927062859965
2020-05-14,108.12674743914026
2020-05-15,107.83596369738332
2020-05-18,112.31797440050401
2020-05-19,110.49097944807318
2020-05-20,112.52646778370332
2020-05-21,111.68059558545897
2020-05-22,111.50384239535795
2020-05-26,113.6370843970139
2020-05-27,115.88593067197132
2020-05-28,114.88428746738347
2020-05-29,114.43638923336542
2020-06-01,115.3414115790423
2020-06-02,116.47729953633691
2020-06-03,118.66325449873146
2020-06-04,118.81264179113822
2020-06-05,122.02027919040242
2020-06-08,124.04970236624284
2020-06-09,122.72599635104623
2020-06-10,121.66607307960581
2020-06-11,114.78702250776433
2020-06-12,116.09395152559851
2020-06-15,116.69443952867243
2020-06-16,118.80608514696357
2020-06-17,117.41071011012356
2020-06-18,117.73562833614973
2020-06-19,116.94359253564552
2020-06-22,117.25901484378149
2020-06-23,117.65952783780784
2020-06-24,114.4433373883226
2020-06-25,115.83859905370953
2020-06-26,112.738108621351
2020-06-29,114.84174161521366
2020-06-30,116.10912913602726
2020-07-01,115.56116491067806
2020-07-02,116.09570556328356
2020-07-06,117.79258533875672
2020-07-07,117.35185864164876
2020-07-08,118.03893718047136
2020-07-09,116.76268582355729
2020-07-10,118.90070009435401
2020-07-13,118.69689646883657
2020-07-14,120.53760106257032
2020-07-15,121.52713506307056
2020-07-16,121.13589596430614
2020-07-17,120.82252156046522
2020-07-20,120.48318598583346
2020-07-21,121.84085495066925
2020-07-22,122.16351300995585
2020-07-23,120.89945053417118
2020-07-24,120.06900657423705
2020-07-27,120.09066792391572
2020-07-28,120.27786226480775
2020-07-29,120.35681424223829
2020-07-30,119.16393075527928
2020-07-31,119.83853033212864
2020-08-03,120.78963856734164
2020-08-04,121.72672800141288
2020-08-05,122.55399835885613
2020-08-06,122.8715796258239
2020-08-07,123.1034502064929
2020-08-10,124.25353286156201
2020-08-11,123.95304867073328
2020-08-12,125.30914204489005
2020-08-13,124.71472077051837
2020-08-14,124.97735553402778
2020-08-17,124.43367959937078
2020-08-18,124.4486605291098
2020-08-19,123.61408420391164
2020-08-20,123.60742250043486
2020-08-21,124.38739214130976
2020-08-24,126.34854496415646
2020-08-25,125.89244624999843
2020-08-26,125.75068162859374
2020-08-27,126.8288510049634
2020-08-28,128.47531988288168
2020-08-31,127.26870753617213
2020-09-01,127.78386466736133
2020-09-02,129.45268799937858
2020-09-03,126.23575605136098
2020-09-04,126.33955133231458
2020-09-08,122.57327076384242
2020-09-09,124.23197049233941
2020-09-10,121.83952604444573
2020-09-11,122.10386017936338
2020-09-14,123.27211610214614
2020-09-15,123.00112072467209
2020-09-16,124.06986888217847
2020-09-17,123.9379298147633
2020-09-18,122.81020770619834
2020-09-21,121.04605183779307
2020-09-22,121.14193384581685
2020-09-23,118.42378743754782
2020-09-24,118.8939573720794
2020-09-25,120.1402170751236
2020-09-28,121.7113873504177
2020-09-29,120.67473228469119
2020-09-30,122.13207830762627
2020-10-01,122.15575350296344
2020-10-02,121.4732561751705
2020-10-05,123.05890125763975
2020-10-06,121.39134405389082
2020-10-07,122.79912379164792
2020-10-08,125.0390333661689
2020-10-09,126.04107452146846
2020-10-12,127.59002823662172
2020-10-13,126.24075740743191
2020-10-14,125.85061675441244
2020-10-15,126.02853610271531
2020-10-16,126.56617967146808
2020-10-19,124.4573756735737
2020-10-20,125.16224789360086
2020-10-21,124.71744382795964
2020-10-22,127.20276543103073
2020-10-23,126.7925176369289
2020-10-26,124.66575818609851
2020-10-27,124.01589938718604
2020-10-28,120.81942518489318
2020-10-29,121.9351146224442
2020-10-30,121.15839861876412
2020-11-02,122.77733942388636
2020-11-03,124.60158148102597
2020-11-04,124.98592478773408
2020-11-05,127.14531515505156
2020-11-06,127.47212238059454
2020-11-09,132.13189429994932
2020-11-10,133.50327526076794
2020-11-11,133.98476831011808
2020-11-12,132.86280036264623
2020-11-13,134.96063962912646
2020-11-16,136.96090966641384
2020-11-17,136.4044142313611
2020-11-18,134.64308940872905
2020-11-19,135.01561930427823
2020-11-20,134.23819166031979
2020-11-23,135.53119059050593
2020-11-24,138.39294469024443
2020-11-25,137.90534025894547
2020-11-27,137.5891677443842
2020-11-30,136.31445965647978
2020-12-01,137.6479480824017
2020-12-02,138.69070087083782
2020-12-03,138.94198451999992
2020-12-04,140.3971262046165
2020-12-07,139.87133607325794
2020-12-08,141.66429299328212
2020-12-09,141.92893101104605
2020-12-10,141.57524787352972
2020-12-11,141.70632678368113
2020-12-14,139.82674032985244
2020-12-15,141.77406369755872
2020-12-16,141.7613612858409
2020-12-17,141.89861544212943
2020-12-18,141.39549710234766
2020-12-21,141.3286110835057
2020-12-22,140.5430755952269
2020-12-23,141.2358241649363
2020-12-24,141.3487378742938
2020-12-28,142.57806321985842
2020-12-29,141.9900754013035
2020-12-30,142.22142832182513
2020-12-31,142.8419081113018
2021-01-04,141.52712497733862
2021-01-05,142.81967167603517
2021-01-06,143.98382050774583
2021-01-07,145.14868743161324
2021-01-08,145.81720314324394
2021-01-11,145.71773406954338
2021-01-12,146.3800052661097
2021-01-13,146.42546445400657
2021-01-14,146.87934296741096
2021-01-15,144.6732197155591
2021-01-19,145.16823531012898
2021-01-20,146.16504402917758
2021-01-21,145.66592788742835
2021-01-22,145.81200970683125
2021-01-25,146.57712979605336
2021-01-26,147.89730550027406
2021-01-27,145.70384721923648
2021-01-28,146.02737678273272
2021-01-29,142.49083715241773
2021-02-01,143.440955181087
2021-02-02,144.95223220070943
2021-02-03,145.65709988534928
2021-02-04,147.4600681580689
2021-02-05,148.51500115365081
2021-02-08,149.75733551692852
2021-02-09,149.41679288421014
2021-02-10,149.0178329448813
2021-02-11,148.97319732141608
2021-02-12,149.9795515752447
2021-02-16,150.76527397715896
2021-02-17,151.25519551597083
2021-02-18,149.79158085215198
2021-02-19,149.72314715139845
2021-02-22,150.34326922335094
2021-02-23,150.32164657923877
2021-02-24,151.81183387859647
2021-02-25,149.244286504745
2021-02-26,146.75303309542602
2021-03-01,150.0898897423854
2021-03-02,149.20661560248752
2021-03-03,148.96390956554288
2021-03-04,148.82866599582985
2021-03-05,151.5097791773973
2021-03-08,152.0073032100043
2021-03-09,152.13499993967196
2021-03-10,152.9110040531315
2021-03-11,151.6942488911267
2021-03-12,152.74465804175006
2021-03-15,153.84116314217238
2021-03-16,153.70658698439593
2021-03-17,154.16855883562422
2021-03-18,151.94709082098782
2021-03-19,151.5182814179762
2021-03-22,152.19923740020832
2021-03-23,151.8827542052721
2021-03-24,151.7599672812194
2021-03-25,152.60473267864504
2021-03-26,154.8386298433641
2021-03-29,155.29615892600629
2021-03-30,154.73565246686815
2021-03-31,154.2161095322093
2021-04-01,155.25680543055446
2021-04-05,157.06058704371293
2021-04-06,157.1265289855842
2021-04-07,157.78679867991823
2021-04-08,158.04206801153114
2021-04-09,158.5597137714609
2021-04-12,158.3164786437167
2021-04-13,157.83617656003153
2021-04-14,157.96571981250707
2021-04-15,158.77711391548257
2021-04-16,159.1003116256074
2021-04-19,159.00829179377095
2021-04-20,158.23821855348234
2021-04-21,159.31408138794086
2021-04-22,158.5940453067957
2021-04-23,159.6871359897491
2021-04-26,158.68528101435786
2021-04-27,158.7171095263329
2021-04-28,158.36712501403503
2021-04-29,159.71690303995877
2021-04-30,158.69480058608428
2021-05-03,160.4687302433293
2021-05-04,159.77129404727748
2021-05-05,160.2722662201304
2021-05-06,161.89531855496372
2021-05-07,162.39894046147091
2021-05-10,162.64001174245234
2021-05-11,160.63372655895375
2021-05-12,158.52831428182313
2021-05-13,160.4235364042351
2021-05-14,162.37211002320615
2021-05-17,161.78258847512154
2021-05-18,159.71926176489512
2021-05-19,159.01123785370788
2021-05-20,160.289101133872
2021-05-21,160.48561313736792
2021-05-24,161.25235246329999
2021-05-25,160.63106072368527
2021-05-26,161.0744976288682
2021-05-27,161.8009463848711
2021-05-28,161.20273705036132
2021-06-01,161.17590927990855
2021-06-02,161.65501635584536
2021-06-03,161.56482023954112
2021-06-04,162.38460785935982
2021-06-07,162.01514193783913
2021-06-08,161.6328493933973
2021-06-09,161.57596925934746
2021-06-10,161.91324087959558
2021-06-11,161.95832609242825
2021-06-14,161.76297198271564
2021-06-15,161.87448418616808
2021-06-16,160.91498464650704
2021-06-17,160.0129638675985
2021-06-18,157.43738223030627
2021-06-21,159.9713743280842
2021-06-22,160.47350549076094
2021-06-23,160.0951864080931
2021-06-24,160.95910813207402
2021-06-25,161.58238558598848
2021-06-28,161.19591205899133
2021-06-29,161.2845114111168
2021-06-30,162.76297279655995
2021-07-01,163.17687659807692
2021-07-02,164.27887022163722
2021-07-06,162.91882797980418
2021-07-07,163.50208953152375
2021-07-08,162.57023547501922
2021-07-09,164.40204210355222
2021-07-12,164.4341960187462
2021-07-13,164.24566067537813
2021-07-14,164.919226475726
2021-07-15,164.6773022247177
2021-07-16,163.38460208345654
2021-07-19,160.24235470641042
2021-07-20,162.43803537262414
2021-07-21,163.9927649382666
2021-07-22,163.59653031550818
2021-07-23,164.73889035325618
2021-07-26,165.6703951921168
2021-07-27,165.4933139817276
2021-07-28,164.8545256139826
2021-07-29,165.8501942799336
2021-07-30,165.06245649995654
2021-08-02,164.39708510238563
2021-08-03,166.1892448477136
2021-08-04,164.68906945572036
2021-08-05,165.71993799678663
2021-08-06,166.38192301146083
2021-08-09,166.1004391023436
2021-08-10,167.3608149499257
2021-08-11,167.87761450627457
2021-08-12,168.57554385647242
2021-08-13,168.61736919752605
2021-08-16,168.82376270722702
2021-08-17,168.1439747469764
2021-08-18,166.05113497813113
2021-08-19,165.8277380431712
2021-08-20,166.77596924066802
2021-08-23,167.65960988664142
2021-08-24,167.47234022830256
2021-08-25,167.74697646667644
2021-08-26,166.43072964590863
2021-08-27,167.43644247135975
2021-08-30,168.06838375687394
2021-08-31,167.7078384160486
2021-09-01,167.4130527400609
2021-09-02,168.92234864798885
2021-09-03,168.62669667562486
2021-09-07,167.52145845195784
2021-09-08,167.4544838879763
2021-09-09,166.5410401618934
2021-09-10,165.09676889984982
2021-09-13,166.6291222148796
2021-09-14,165.1280652876881
2021-09-15,166.7275298032676
2021-09-16,166.18321290180265
2021-09-17,164.83427990485833
2021-09-20,162.3420888223847
2021-09-21,161.9020247660182
2021-09-22,163.46738312163413
2021-09-23,165.721151936724
2021-09-24,166.04724875582554
2021-09-27,166.36042411166648
2021-09-28,164.74128729462961
2021-09-29,165.41766078239755
2021-09-30,163.0924698309187
2021-10-01,164.8690289782788
2021-10-04,163.83918601870445
2021-10-05,164.9353381586506
2021-10-06,165.47759271560332
2021-10-07,166.88335376493234
2021-10-08,166.95985753859526
2021-10-11,165.85040805276904
2021-10-12,164.50348451322031
2021-10-13,164.08478465419083
2021-10-14,166.11238376707752
2021-10-15,167.32366337592651
2021-10-18,166.99450645843675
2021-10-19,168.633907964654
2021-10-20,169.739962849294
2021-10-21,168.79943227157167
2021-10-22,169.35826179499105
2021-10-25,170.01405184028445
2021-10-26,171.14826564686092
2021-10-27,170.092970958171
2021-10-28,171.7227031696403
2021-10-29,171.7864440219923
2021-11-01,172.12545100173455
2021-11-02,172.69267331653555
2021-11-03,172.70014266481508
2021-11-04,172.48984799930435
2021-11-05,173.3745793030502
2021-11-08,172.95898540665874
2021-11-09,173.44895316384276
2021-11-10,172.5704854326241
2021-11-11,172.186329758167
2021-11-12,172.65539926289594
2021-11-15,172.34320035714322
2021-11-16,171.37602923048794
2021-11-17,170.97742653402682
2021-11-18,170.7357386150387
2021-11-19,169.64164660453778
2021-11-22,170.9889307086081
2021-11-23,172.54266927449166
2021-11-24,172.20372552267068
2021-11-26,168.2291640076231
2021-11-29,169.07706657117063
2021-11-30,165.56039828538144
2021-12-01,164.5664729894582
2021-12-02,166.22947251800483
2021-12-03,166.10266321813083
2021-12-06,168.68807320882883
2021-12-07,170.34268407032576
2021-12-08,170.7231500710057
2021-12-09,170.80242116242252
2021-12-10,172.52815370406378
2021-12-13,171.76667884610998
2021-12-14,171.29932293250516
2021-12-15,172.1425142799531
2021-12-16,172.86214108440393
2021-12-17,170.0758211473587
2021-12-20,169.20928830428699
2021-12-21,171.37077076892876
2021-12-22,172.75441282058097
2021-12-23,173.29127388960467
2021-12-27,175.12346012150445
2021-12-28,175.59601975078442
2021-12-29,175.53851311948299
2021-12-30,175.19080773037345
2021-12-31,175.180357290553
2022-01-03,177.4963462627502
2022-01-04,179.0167496105643
2022-01-05,178.737536915035
2022-01-06,178.58915079591986
2022-01-07,180.1690989249383
2022-01-10,179.51927932636355
2022-01-11,180.53719691936723
2022-01-12,180.7942875236173
2022-01-13,179.982934556203
2022-01-14,180.1504847335313
2022-01-18,178.07274978262643
2022-01-19,177.80778817257752
2022-01-20,176.3666006262331
2022-01-21,174.43635178655563
2022-01-24,173.9565116889486
2022-01-25,172.93686541556673
2022-01-26,171.2989333175489
2022-01-27,171.722498836864
2022-01-28,175.61302708478047
2022-01-31,177.6667446304085
2022-02-01,178.65137158214816
2022-02-02,179.6566756199189
2022-02-03,178.6776393356694
2022-02-04,178.75387510393597
2022-02-07,178.52953627579575
2022-02-08,178.976433290891
2022-02-09,179.55403539052878
2022-02-10,177.50710802947415
2022-02-11,175.8016034425286
2022-02-14,175.05516024886174
2022-02-15,177.1265030529363
2022-02-16,177.00013555897434
2022-02-17,176.1811571536052
2022-02-18,174.608612362872
2022-02-22,173.51812144278807
2022-02-23,171.29715842157808
2022-02-24,170.38548913592786
2022-02-25,175.296949762768
2022-02-28,173.75657105474755
2022-03-01,171.82952750845658
2022-03-02,174.10901861439726
2022-03-03,174.2947365841632
2022-03-04,173.79061323237448
2022-03-07,171.20897187378324
2022-03-08,168.9146775355342
2022-03-09,171.24787082135057
2022-03-10,170.56692292429562
2022-03-11,169.24600047516986
2022-03-14,168.9496020576343
2022-03-15,171.1336863302067
2022-03-16,172.95988979337238
2022-03-17,174.44126041237428
2022-03-18,174.92480185705494
2022-03-21,175.70244216924115
2022-03-22,176.76890427737604
2022-03-23,175.81811147270537
2022-03-24,177.2234163126786
2022-03-25,178.7874422532526
2022-03-28,178.941291410936
2022-03-29,180.49943044118635
2022-03-30,181.01916518082956
2022-03-31,178.00455696995368
2022-04-01,179.3394483675773
2022-04-04,179.85216512171576
2022-04-05,178.59496236534542
2022-04-06,178.94447802490618
2022-04-07,179.48141839303705
2022-04-08,180.46398078008346
2022-04-11,179.31530994495762
2022-04-12,179.53981858477047
2022-04-13,180.78175287351544
2022-04-14,179.81042761183284
2022-04-18,179.46022946848757
2022-04-19,181.75152247994777
2022-04-20,182.79163193202965
2022-04-21,182.8414589390109
2022-04-22,178.87070337707442
2022-04-25,179.75562719053806
2022-04-26,174.97145578278685
2022-04-27,175.06065045785726
2022-04-28,178.2349724819398
2022-04-29,173.22422064577833
2022-05-02,173.72027524306307
2022-05-03,174.81903275227296
2022-05-04,179.60133325555518
2022-05-05,175.71459073857693
2022-05-06,175.69502592007166
2022-05-09,171.43290115270105
2022-05-10,171.12293397379804
2022-05-11,169.34210175401785
2022-05-12,169.1954661822341
2022-05-13,171.7490145946397
2022-05-16,172.52817600221604
2022-05-17,172.77865306462343
2022-05-18,166.11689447877612
2022-05-19,164.28072359946268
2022-05-20,164.89885497066126
2022-05-23,169.48864186666322
2022-05-24,170.57041887238753
2022-05-25,170.81956133488708
2022-05-26,172.93553796107676
2022-05-27,175.76500647188632
2022-05-31,174.7367613065739
2022-06-01,173.59661090165645
2022-06-02,174.95730171631897
2022-06-03,172.79408008796034
2022-06-06,172.58331914984103
2022-06-07,174.6320022712922
2022-06-08,173.50362869414357
2022-06-09,169.95938313079057
2022-06-10,166.30247570997693
2022-06-13,161.19029042663726
2022-06-14,159.86034802315672
2022-06-15,161.00384570083608
2022-06-16,157.88814230803334
2022-06-17,157.4182708485654
2022-06-21,161.76171234862423
2022-06-22,161.3559671900358
2022-06-23,162.90589047481296
2022-06-24,166.5283066428451
2022-06-27,166.26664427191022
2022-06-28,164.1375689101478
2022-06-29,163.8503491978658
2022-06-30,162.73096030729474
2022-07-01,164.94539990339572
2022-07-05,164.03623017939748
2022-07-06,164.1352555017355
2022-07-07,165.93981481746616
2022-07-08,165.8952889477503
2022-07-11,164.76697725064693
2022-07-12,163.75153555794031
2022-07-13,163.21202503848977
2022-07-14,162.63974465632717
2022-07-15,165.13391101625544
2022-07-18,164.1186474929243
2022-07-19,166.902081462841
2022-07-20,166.99552256273995
2022-07-21,166.31374296522628
2022-07-22,165.61146168808764
2022-07-25,166.450396416827
2022-07-26,165.25071892328336
2022-07-27,168.32496767494615
2022-07-28,170.6176882118901
2022-07-29,171.98826694943713
2022-08-01,172.09455571006956
2022-08-02,170.29855133744087
2022-08-03,171.45792918061397
2022-08-04,169.2306213889795
2022-08-05,170.1524691272627
2022-08-08,169.70188607716602
2022-08-09,170.47788397422326
2022-08-10,172.77152695699425
2022-08-11,173.31498849338587
2022-08-12,175.2959854028641
2022-08-15,175.90376575906305
2022-08-16,177.65762016537806
2022-08-17,177.2630821459443
2022-08-18,177.29937658916367
2022-08-19,175.9477515975361
2022-08-22,173.0850676839429
2022-08-23,173.23196965206944
2022-08-24,173.48234688019778
2022-08-25,175.1763557018384
2022-08-26,170.53105687647403
2022-08-29,170.397384471618
2022-08-30,168.72810278508527
2022-08-31,167.08795067421823
2022-09-01,167.73413807277467
2022-09-02,165.99390195442848
2022-09-06,164.90597042725582
2022-09-07,167.01675688634086
2022-09-08,167.54393076132172
2022-09-09,169.3187518436352
2022-09-12,171.47862894083949
2022-09-13,165.2586565823401
2022-09-14,165.98243411986735
2022-09-15,164.2204747162827
2022-09-16,163.3062548232456
2022-09-19,164.1322830560128
2022-09-20,163.17698121980874
2022-09-21,160.8716125407067
2022-09-22,160.82006564634264
2022-09-23,158.18765397119196
2022-09-26,157.03300816279537
2022-09-27,156.39662176040164
2022-09-28,158.04839696752038
2022-09-29,155.2320013649786
2022-09-30,152.73351937400545
2022-10-03,156.73384097410894
2022-10-04,160.79383528441667
2022-10-05,160.64212098477824
2022-10-06,158.75301817934573
2022-10-07,155.12252123656532
2022-10-10,154.42106263215277
2022-10-11,153.80855042146956
2022-10-12,154.10163269811252
2022-10-13,158.6725177156163
2022-10-14,156.7044765251217
2022-10-17,160.04167621048006
2022-10-18,162.11046467351483
2022-10-19,161.88485990505583
2022-10-20,162.51810183964233
2022-10-21,166.68157590991342
2022-10-24,169.06594724159854
2022-10-25,170.30021581461958
2022-10-26,170.5840230723261
2022-10-27,169.8920977340327
2022-10-28,174.7518405036046
2022-10-31,173.39786205131512
2022-11-01,173.28649174804463
2022-11-02,170.53586347885062
2022-11-03,169.49745305651442
2022-11-04,171.9526269025395
2022-11-07,174.02308545711563
2022-11-08,174.7492358201579
2022-11-09,171.64007663325805
2022-11-10,178.19183174737825
2022-11-11,179.4128319938799
2022-11-14,178.20005056465317
2022-11-15,179.79133057914075
2022-11-16,179.32743890529
2022-11-17,179.65504921423064
2022-11-18,180.49960848464625
2022-11-21,180.55795653684712
2022-11-22,182.6724068302097
2022-11-23,183.5738586433908
2022-11-25,183.41666270137824
2022-11-28,180.8453912776193
2022-11-29,180.60475706256491
2022-11-30,184.30702028529964
2022-12-01,183.97775927504605
2022-12-02,184.14980376530855
2022-12-05,181.26520505131995
2022-12-06,180.03502006730983
2022-12-07,179.90242715273882
2022-12-08,180.44513677027967
2022-12-09,178.68351566479888
2022-12-12,181.75763526429137
2022-12-13,182.19107962283923
2022-12-14,181.22820405104565
2022-12-15,177.32823491019388
2022-12-16,175.60540181812223
2022-12-19,174.70719644357717
2022-12-20,176.0115843019165
2022-12-21,178.48866761134758
2022-12-22,176.54193501275287
2022-12-23,177.39038582488004
2022-12-27,177.9572779217798
2022-12-28,175.8189282021756
2022-12-29,178.01492583095316
2022-12-30,177.88668474223698
2023-01-03,177.49782362991155
2023-01-04,178.8154948237661
2023-01-05,178.2154446445444
2023-01-06,181.44633720398838
2023-01-09,180.12431684598084
2023-01-10,181.61321707353912
2023-01-11,183.3679094360732
2023-01-12,183.5344435165488
2023-01-13,184.86938214670548
2023-01-17,184.45027687169983
2023-01-18,180.70683309797428
2023-01-19,178.97555656787821
2023-01-20,181.10852491807145
2023-01-23,182.3027327286634
2023-01-24,183.2868191707252
2023-01-25,184.45585986683622
2023-01-26,185.65649368620046
2023-01-27,185.9562269278056
2023-01-30,183.61300787538107
2023-01-31,185.5492963482188
2023-02-01,186.4468091094768
2023-02-02,187.28386115399255
2023-02-03,186.42453420710763
2023-02-06,185.57869181525584
2023-02-07,186.93703177047504
2023-02-08,185.75414647770245
2023-02-09,184.4272537230084
2023-02-10,186.04158906199953
2023-02-13,188.50733566647386
2023-02-14,187.88062622073903
2023-02-15,188.17537885552477
2023-02-16,186.22186184113647
2023-02-17,186.42175431854443
2023-02-21,184.50180561122772
2023-02-22,184.18271912390472
2023-02-23,184.4096868793209
2023-02-24,183.5375509883124
2023-02-27,183.55393459788291
2023-02-28,183.06491787244363
2023-03-01,181.7446943819889
2023-03-02,183.00944520168736
2023-03-03,185.07013529749824
2023-03-06,186.09732987839885
2023-03-07,183.68183654842605
2023-03-08,183.17901933057362
2023-03-09,181.7112550453224
2023-03-10,181.44912047930086
2023-03-13,181.54757984512463
2023-03-14,183.90667521342988
2023-03-15,182.7243521514355
2023-03-16,184.68044194956985
2023-03-17,183.15310813632564
2023-03-20,184.76329375334828
2023-03-21,186.64485539347828
2023-03-22,184.22966123364228
2023-03-23,185.03916972159615
2023-03-24,186.24970459398688
2023-03-27,187.77091999077962
2023-03-28,187.54579387967956
2023-03-29,189.55955913719703
2023-03-30,190.38264248665558
2023-03-31,192.35193506408947
2023-04-03,194.55907201642725
2023-04-04,193.96871992234657
2023-04-05,195.50261013851357
2023-04-06,195.90646013251094
2023-04-10,195.15705457692013
2023-04-11,194.69123053615405
2023-04-12,194.69814198647427
2023-04-13,196.70497335229837
2023-04-14,197.8575803178571
2023-04-17,198.36088201505675
2023-04-18,199.0069375860219
2023-04-19,199.30615583836456
2023-04-20,197.3010285882655
2023-04-21,198.39940461438093
2023-04-24,198.1972990275887
2023-04-25,196.49126056611192
2023-04-26,195.8818394519592
2023-04-27,198.79311832830393
2023-04-28,199.9500767677048
2023-05-01,200.03195495865072
2023-05-02,198.36445707536808
2023-05-03,196.96382390000701
2023-05-04,195.43449752733886
2023-05-05,198.383065958179
2023-05-08,198.45194373075154
2023-05-09,197.46970021039587
2023-05-10,197.60505632817032
2023-05-11,197.12022355105572
2023-05-12,196.84276458133377
2023-05-15,197.21593070334126
2023-05-16,195.5381584166545
2023-05-17,197.2594620955278
2023-05-18,197.87302809448673
2023-05-19,197.62354547115748
2023-05-22,196.2150285887651
2023-05-23,194.45696442874373
2023-05-24,193.689193665092
2023-05-25,192.65057992072
2023-05-26,194.0456861379649
2023-05-30,193.67138501954287
2023-05-31,192.91824315902994
2023-06-01,194.9706929627548
2023-06-02,196.77867032441443
2023-06-05,196.38630076415185
2023-06-06,196.66593484008922
2023-06-07,197.27711902955997
2023-06-08,198.37659781244005
2023-06-09,198.4385251250012
2023-06-12,198.71377520268683
2023-06-13,199.20415466307517
2023-06-14,199.4109091426313
2023-06-15,201.93627321655654
2023-06-16,201.64203890937438
2023-06-20,199.54253355201845
2023-06-21,199.57706142940526
2023-06-22,200.2821795382714
2023-06-23,198.86260335682294
2023-06-26,198.85896127205086
2023-06-27,199.96068882942507
2023-06-28,200.44660138017758
2023-06-29,201.52297224462544
2023-06-30,204.0005817267196
2023-07-03,203.90801259331388
2023-07-05,203.60184610165135
2023-07-06,201.91607124241412
2023-07-07,200.50707737824916
2023-07-10,200.4471595950935
2023-07-11,200.8862800178308
2023-07-12,201.59541765321782
2023-07-13,201.90707461797382
2023-07-14,201.02970717055211
2023-07-17,200.54265041419464
2023-07-18,201.04754404365252
2023-07-19,203.11056945113353
2023-07-20,205.41177470283844
2023-07-21,205.68789151485794
2023-07-24,207.1331571959459
2023-07-25,208.66674675522964
2023-07-26,208.0816458317046
2023-07-27,206.53481314021036
2023-07-28,207.68113196776687
2023-07-31,207.3918033354548
2023-08-01,206.61818313537205
2023-08-02,205.3550602678887
2023-08-03,205.37504958926766
2023-08-04,203.6241213744346
2023-08-07,204.9293349585442
2023-08-08,204.7719960551935
2023-08-09,204.3442402340119
2023-08-10,204.2842311838703
2023-08-11,205.6009738054598
2023-08-14,205.60028378694787
2023-08-15,203.26986426490345
2023-08-16,202.32537456481734
2023-08-17,201.03109281448295
2023-08-18,201.90346327090904
2023-08-21,201.41313672187803
2023-08-22,200.90238348045636
2023-08-23,201.9875999957245
2023-08-24,200.1748639350167
2023-08-25,201.6906181869004
2023-08-28,202.62044063179368
2023-08-29,204.84874262267988
2023-08-30,205.23288253462118
2023-08-31,204.85237502671418
2023-09-01,204.90803381545314
2023-09-05,203.9497196643353
2023-09-06,203.2278542281753
2023-09-07,202.56798796844794
2023-09-08,202.93040091520385
2023-09-11,204.5213342457503
2023-09-12,204.28681922612762
2023-09-13,204.36101037193117
2023-09-14,206.89431238104697
2023-09-15,205.39303240481212
2023-09-18,206.06257911211867
2023-09-19,206.04204460306096
2023-09-20,205.33673807280005
2023-09-21,203.07442094116007
2023-09-22,202.1418384312901
2023-09-25,202.39751177344004
2023-09-26,200.44871751907442
2023-09-27,200.24870737146068
2023-09-28,200.79727453297903
2023-09-29,199.54789233683258
2023-10-02,198.6151083669615
2023-10-03,197.51579112831206
2023-10-04,197.77023878608034
2023-10-05,196.51531419572936
2023-10-06,197.68248225872856
2023-10-09,198.66335724328607
2023-10-10,199.90784262938743
2023-10-11,199.1689088668504
2023-10-12,198.19383501642415
2023-10-13,198.63968512580277
2023-10-16,199.59265417605104
2023-10-17,200.1057010818501
2023-10-18,199.190804454459
2023-10-19,200.1912386681817
2023-10-20,198.8375514645407
2023-10-23,197.91550694859217
2023-10-24,200.98324608947962
2023-10-25,200.64013721870774
2023-10-26,198.04641708983883
2023-10-27,195.32451355430192
2023-10-30,198.5510614779013
2023-10-31,199.3013091266325
2023-11-01,200.21866681193976
2023-11-02,202.8330501870116
2023-11-03,203.11144258131233
2023-11-06,204.0588802243092
2023-11-07,204.3886654799142
2023-11-08,204.28768135582362
2023-11-09,203.32273621973465
2023-11-10,205.58656368006766
2023-11-13,205.79033336477852
2023-11-14,207.13080802838041
2023-11-15,207.63061127582458
2023-11-16,207.482233653841
2023-11-17,207.69062903498622
2023-11-20,208.68509005459282
2023-11-21,208.77008673799358
2023-11-22,209.13007690097686
2023-11-24,209.74246596193572
2023-11-27,209.486830707547
2023-11-28,210.06869645465562
2023-11-29,209.1345802517948
2023-11-30,211.25754182162308
2023-12-01,211.95251629893252
2023-12-04,211.14667921257285
2023-12-05,211.3040714030684
2023-12-06,209.52967440381792
2023-12-07,209.6380822038468
2023-12-08,209.8452853120819
2023-12-11,209.46588780269886
2023-12-12,209.92299039521262
2023-12-13,211.41570797357193
2023-12-14,211.21172199866274
2023-12-15,211.20110463699552
2023-12-18,212.23131754725463
2023-12-19,213.67886192177824
2023-12-20,210.5355273046525
2023-12-21,212.1858343273467
2023-12-22,212.791809840185
2023-12-26,213.3112114478647
2023-12-27,213.76622074269025
2023-12-28,213.86946000072766
2023-12-29,213.88002877290776
2024-01-02,215.20356531892148
2024-01-03,214.82191050243782
2024-01-04,214.14731245716112
2024-01-05,214.61690123498124
2024-01-08,215.91323950083208
2024-01-09,215.66428788259546
2024-01-10,216.53730601684714
2024-01-11,215.49896475599098
2024-01-12,216.6148986299616
2024-01-16,215.02557032410323
2024-01-17,214.28487035574003
2024-01-18,215.82649107549307
2024-01-19,217.14542627894113
2024-01-22,217.69989456640667
2024-01-23,219.07267029756468
2024-01-24,218.0832053362495
2024-01-25,220.685715198039
2024-01-26,221.23224900476836
2024-01-29,221.7106298246247
2024-01-30,223.12914817675318
2024-01-31,221.14230530946756
2024-02-01,223.7241020834247
2024-02-02,223.5843260513798
2024-02-05,223.04297380183752
2024-02-06,223.8293436336888
2024-02-07,224.11744442852597
2024-02-08,223.37152167568513
2024-02-09,223.1949884751033
2024-02-12,223.79922668301384
2024-02-13,222.17635180930156
2024-02-14,222.86665751067972
2024-02-15,224.96083833333645
2024-02-16,224.67381452918235
2024-02-20,225.77715371868564
2024-02-21,226.94445578009783
2024-02-22,228.30109886448594
2024-02-23,228.75525710786295
2024-02-26,228.35875252734752
2024-02-27,228.45786285707098
2024-02-28,229.13894652064332
2024-02-29,229.072333808642
2024-03-01,229.520007108036
2024-03-04,228.9534402364511
2024-03-05,228.35057682394518
2024-03-06,228.9570643366021
2024-03-07,230.0634099356569
2024-03-08,230.7930853126425
2024-03-11,232.00310302702198
2024-03-12,233.33685853373603
2024-03-13,233.86437223696913
2024-03-14,233.51243258282355
2024-03-15,233.04218150480406
2024-03-18,234.16089609338528
2024-03-19,235.37454553049423
2024-03-20,236.6460464411214
2024-03-21,236.59100766805602
2024-03-22,235.6204594835021
2024-03-25,234.73088643592243
2024-03-26,234.6981181249988
2024-03-27,238.17803651824357
2024-03-28,237.5282805308049
2024-04-01,236.81154624182932
2024-04-02,235.81574006875894
2024-04-03,236.32750866568014
2024-04-04,235.64730990798225
2024-04-05,238.25271902672822
2024-04-08,237.54807131200195
2024-04-09,237.75917539255255
2024-04-10,237.18378994025545
2024-04-11,237.52106572805184
2024-04-12,234.43055790635827
2024-04-15,232.98692212148035
2024-04-16,231.89518326885337
2024-04-17,231.6385816843898
2024-04-18,231.46568811302663
2024-04-19,232.32163423079044
2024-04-22,234.1103948876592
2024-04-23,237.1200607765451
2024-04-24,238.2402687063643
2024-04-25,237.7812714985818
2024-04-26,237.57714440183128
2024-04-29,239.24932628171575
2024-04-30,236.4149831210201
2024-05-01,236.88053399363815
2024-05-02,238.12610350362937
2024-05-03,240.24394179675733
2024-05-06,241.51517485756088
2024-05-07,242.07833644123028
2024-05-08,242.63441858678485
2024-05-09,244.0355169708006
2024-05-10,243.74661803783658
2024-05-13,243.81537148881586
2024-05-14,244.3588382960583
2024-05-15,246.23686021621828
2024-05-16,247.88435095120235
2024-05-17,248.61234529790997
2024-05-20,247.06968757793769
2024-05-21,248.35163916788736
2024-05-22,248.2665787249948
2024-05-23,246.1152635426907
2024-05-24,247.20704626505
2024-05-28,246.27127591117272
2024-05-29,244.56701776190855
2024-05-30,245.279953711135
2024-05-31,248.7548000707482
2024-06-03,247.57285437239636
2024-06-04,248.56576325324252
2024-06-05,248.93360502618958
2024-06-06,249.15836528497567
2024-06-07,248.84139707653065
2024-06-10,248.7778782571522
2024-06-11,249.48715617700526
2024-06-12,248.8102424138342
2024-06-13,248.6919467988199
2024-06-14,248.54731598623755
2024-06-17,250.91123607242596
2024-06-18,252.00341364353915
2024-06-20,252.47809362271954
2024-06-21,252.66791907080338
2024-06-24,254.42798239955482
2024-06-25,253.45286116150388
2024-06-26,254.63175523257368
2024-06-27,254.55816626138764
2024-06-28,254.1383329767929
2024-07-01,255.10231670565233
2024-07-02,256.3727521921893
2024-07-03,256.83984144255066
2024-07-05,258.0594948021152
2024-07-08,258.0465767470311
2024-07-09,257.836533740256
2024-07-10,260.4968143358249
2024-07-11,258.8645012531489
2024-07-12,258.53128742265864
2024-07-15,259.4432948593642
2024-07-16,261.9506693779823
2024-07-17,263.2624923237121
2024-07-18,261.8659970865584
2024-07-19,261.0493902395826
2024-07-22,260.68107745385026
2024-07-23,261.10787088894506
2024-07-24,260.67588403056504
2024-07-25,261.1710422434545
2024-07-26,263.4584484520803
2024-07-29,262.63063263890416
2024-07-30,262.57269805837143
2024-07-31,261.9918066467025
2024-08-01,262.95154655982265
2024-08-02,261.134310260481
2024-08-05,255.49828805319893
2024-08-06,256.8053502616367
2024-08-07,257.581867693401
2024-08-08,260.73488986489247
2024-08-09,262.21109045127685
2024-08-12,261.8107326295894
2024-08-13,262.71341898856707
2024-08-14,264.13020074591236
2024-08-15,266.4439765387632
2024-08-16,267.3119145303572
2024-08-19,268.3459880585929
2024-08-20,268.3303965582415
2024-08-21,268.8734496702842
2024-08-22,268.4693791502909
2024-08-23,270.3128332543404
2024-08-26,271.65768382581916
2024-08-27,271.50499386077837
2024-08-28,271.5611640063828
2024-08-29,273.24167857874585
2024-08-30,275.008223178402
2024-09-03,272.5957895850063
2024-09-04,272.5205864729003
2024-09-05,270.8729432408817
2024-09-06,269.2498077719321
2024-09-09,272.96853564247874
2024-09-10,272.36429475617865
2024-09-11,271.60513247870784
2024-09-12,273.12813200004814
2024-09-13,275.2688315461194
2024-09-16,277.7012602788537
2024-09-17,276.7828933009871
2024-09-18,276.9762021862602
2024-09-19,277.78473618696444
2024-09-20,278.9031816685422
2024-09-23,279.5020121209919
2024-09-24,279.35782963731214
2024-09-25,278.3775473653355
2024-09-26,277.15961332545106
2024-09-27,278.4158793081953
2024-09-30,280.616215798972
2024-10-01,279.2227494546372
2024-10-02,278.6741696325895
2024-10-03,277.30762323791515
2024-10-04,279.0125815774395
2024-10-07,276.17793792457564
2024-10-08,277.0839918482109
2024-10-09,279.1945795466697
2024-10-10,277.9816391400051
2024-10-11,280.6351285562292
2024-10-14,281.9979360933439
2024-10-15,282.66728854345695
2024-10-16,282.7542924553515
2024-10-17,282.58992714316554
2024-10-18,283.7067567328778
2024-10-21,282.38273559407696
2024-10-22,280.9789579478463
2024-10-23,282.3249104414444
2024-10-24,280.94321084835315
2024-10-25,279.29785800729985
2024-10-28,279.7553547506087
2024-10-29,277.8809647814558
2024-10-30,277.40545025420346
2024-10-31,274.7766451836042
2024-11-01,273.84185123724484
2024-11-04,273.6517783711282
2024-11-05,275.6931032730524
2024-11-06,279.3970288369662
2024-11-07,278.8500317517921
2024-11-08,280.94723964049933
2024-11-11,279.5471422971065
2024-11-12,279.1188664250203
2024-11-13,280.46205730894417
2024-11-14,279.5048854763896
2024-11-15,279.11841391381046
2024-11-18,280.5575380998091
2024-11-19,280.6543890679768
2024-11-20,281.32026395817775
2024-11-21,283.7596145951717
2024-11-22,286.50284534271793
2024-11-25,286.7260519699158
2024-11-26,288.75919219218133
2024-11-27,288.2076933434494
2024-11-29,288.8791955805692
2024-12-02,288.27404396509644
2024-12-03,288.8818298577937
2024-12-04,287.67977864546054
2024-12-05,287.786467584658
2024-12-06,287.78702616718874
2024-12-09,285.5377935849697
2024-12-10,286.0159114117916
2024-12-11,284.8770616836351
2024-12-12,284.27827027105036
2024-12-13,284.14838241691524
2024-12-16,282.5250322516228
2024-12-17,283.6216384850979
2024-12-18,277.81340276945696
2024-12-19,278.5859656476722
2024-12-20,280.24356767532913
2024-12-23,280.1820106964949
2024-12-24,282.97706951511276
2024-12-26,283.29441871490565
2024-12-27,281.1711547074681
2024-12-30,278.1257245225669
2024-12-31,278.5899488811613
2025-01-02,277.3175253857485
2025-01-03,278.549655594893
2025-01-06,277.76890546323915
2025-01-07,277.5539182961542
2025-01-08,277.43884602529255
2025-01-10,274.89729010865204
2025-01-13,275.8618852738323
2025-01-14,277.4252590153615
2025-01-15,280.4327920983788
2025-01-16,280.30344753807793
2025-01-17,282.8012915940031
2025-01-21,283.58383049154264
2025-01-22,284.041717099811
2025-01-23,287.26539821517565
2025-01-24,286.46662753457764
2025-01-27,292.58008780450393
2025-01-28,292.5837462646243
2025-01-29,293.44890158106585
2025-01-30,294.0002106388494
2025-01-31,291.5347904296478
2025-02-03,291.7736768367039
2025-02-04,293.36888346722907
2025-02-05,295.3439918620047
2025-02-06,296.1031748503506
2025-02-07,294.4662218358113
2025-02-10,296.08936383114553
2025-02-11,300.13101403430096
2025-02-12,300.7060187002768
2025-02-13,303.2623350770451
2025-02-14,301.60302626568324
2025-02-18,303.55676302297536
2025-02-19,305.48866037611157
2025-02-20,302.9895810450086
2025-02-21,301.83823521534083
2025-02-24,301.15901379127206
2025-02-25,302.2909305685922
2025-02-26,300.4286340494511
2025-02-27,300.5220951586869
2025-02-28,305.08072814316864
2025-03-03,302.9940372549739
2025-03-04,296.8918538701153
2025-03-05,298.36050779802787
2025-03-06,297.5848579680214
2025-03-07,297.6281679479406
2025-03-10,293.653745925012
2025-03-11,289.16697190357496
2025-03-12,286.3770425975012
2025-03-13,284.3448729700403
2025-03-14,288.75481837021965
2025-03-17,291.91930332004677
2025-03-18,290.00005580861244
2025-03-19,292.71174192664483
2025-03-20,292.1403691920594
2025-03-21,293.20382610719287
2025-03-24,295.72875451700503
2025-03-25,295.614983015609
2025-03-26,296.5346927689591
2025-03-27,297.9181896189739
2025-03-28,294.3282385803972
2025-03-31,297.61273804515326
2025-04-01,297.0956727569169
2025-04-02,296.7274788101743
2025-04-03,289.6375977891401
2025-04-04,271.76447733287023
2025-04-07,269.6824422538555
2025-04-08,266.596390530515
2025-04-09,283.7370017992952
2025-04-10,279.1987953427521
2025-04-11,285.3959901026591
2025-04-14,288.8611115303727
2025-04-15,287.92443450328886
2025-04-16,283.3922089578692
2025-04-17,287.0922585111752
2025-04-21,282.5725616524598
2025-04-22,289.8361751488334
2025-04-23,291.46980030459395
2025-04-24,293.51989148186857
2025-04-25,292.9611675153929
2025-04-28,294.14506144866573
2025-04-29,295.26134905619296
2025-04-30,295.96077789150405
2025-05-01,297.60122966840663
2025-05-02,299.52438966864236
2025-05-05,297.5571423514148
2025-05-06,297.73633947696396
2025-05-07,298.43322212243464
2025-05-08,298.4782546261278
2025-05-09,298.563171772523
2025-05-12,302.35431874076124
2025-05-13,300.7711464568752
2025-05-14,301.0155677183039
2025-05-15,305.7365760805928
2025-05-16,307.72189285627115
2025-05-19,308.12304555603794
2025-05-20,307.3738072669743
2025-05-21,304.31003735164353
2025-05-22,302.7711256816534
2025-05-23,302.72405080196745
2025-05-27,307.0704318361449
2025-05-28,306.0034113483517
2025-05-29,306.7764408516015
2025-05-30,308.8991412706997
2025-06-02,309.7231205447878
2025-06-03,309.9891512532456
2025-06-04,308.3673771669793
2025-06-05,307.33277751491124
2025-06-06,310.54225737683385
2025-06-09,309.83319973899376
2025-06-10,310.7501035958734
2025-06-11,310.2027491896525
2025-06-12,310.27634688170053
2025-06-13,308.4648386261479
2025-06-16,309.00613858119374
2025-06-17,306.94096309207185
2025-06-18,307.2102004601726
2025-06-20,309.0041294632085
2025-06-23,312.4366234490734
2025-06-24,312.4086767968619
2025-06-25,312.0629718924228
2025-06-26,312.9215142422874
2025-06-27,314.1344240080995
2025-06-30,316.3529143774379
2025-07-01,317.39742198382135
2025-07-02,316.9527519527571
2025-07-03,319.32669786912146
2025-07-07,318.25617137071913
2025-07-08,316.2561599234074
2025-07-09,316.59903799281767
2025-07-10,317.56705822960447
2025-07-11,316.54317731200933
2025-07-14,316.6153637495153
2025-07-15,315.732901915533
2025-07-16,317.7588306595526
2025-07-17,318.38383471289984
2025-07-18,317.70919023678175
2025-07-21,318.84568692967923
2025-07-22,319.85037360328135
2025-07-23,321.67524197229744
2025-07-24,323.4281589982289
2025-07-25,324.2419369343822
2025-07-28,322.7754993851719
2025-07-29,323.49951490613944
2025-07-30,322.2257978942151
2025-07-31,321.1660690290698
2025-08-01,319.84396763314777
2025-08-04,322.44800461977377
2025-08-05,321.01559922913833
2025-08-06,323.94936004129676
2025-08-07,325.3719466250465
2025-08-08,328.169940358069
2025-08-11,328.42660787443117
2025-08-12,330.3559174455557
2025-08-13,328.60187251737267
2025-08-14,328.7288248045616
2025-08-15,328.4156843472988
2025-08-18,328.5172118084805
2025-08-19,329.4037829242618
2025-08-20,330.52313830820725
2025-08-21,329.2573419599132
2025-08-22,329.43864152757214
2025-08-25,327.6144740400374
2025-08-26,328.55593874428814
2025-08-27,330.3089480163832
2025-08-28,330.6105094244075
2025-08-29,332.1993599509995
2025-09-02,332.1611298035087
2025-09-03,333.16742705475554
2025-09-04,336.032485275602
2025-09-05,332.65010904747356
2025-09-08,331.54261001637116
2025-09-09,332.57530178770634
2025-09-10,331.8133427263787
2025-09-11,334.31465526403014
2025-09-12,335.49054398351944
2025-09-15,336.73088363491735
2025-09-16,337.66241045484463
2025-09-17,339.46154845307865
2025-09-18,337.727907894309
2025-09-19,339.2077717761294
2025-09-22,338.8535116200253
2025-09-23,339.76614184837945
2025-09-24,338.59349810554914
2025-09-25,338.9356320392378
2025-09-26,339.89944944715205
2025-09-29,339.4149887069754
2025-09-30,341.10852486386347
2025-10-01,339.6513577427838
2025-10-02,337.53456836384333
2025-10-03,339.34801369388515
2025-10-06,338.33780679618343
2025-10-07,339.79115170865157
2025-10-08,339.06962318677176
2025-10-09,337.6464241130324
2025-10-10,333.85380769577654
2025-10-13,335.4654206858582
2025-10-14,338.217446933487
2025-10-15,338.5696520180111
2025-10-16,337.3754657158583
2025-10-17,340.17908264690027
2025-10-20,342.3985369551025
2025-10-21,343.03637597526085
2025-10-22,341.7120505329669
2025-10-23,341.4321619454882
2025-10-24,342.61097153738405
2025-10-27,345.475575114951
2025-10-28,344.8685927384051
2025-10-29,343.33602060732335
2025-10-30,342.33737410493336
2025-10-31,341.43285352757863
2025-11-03,339.1734729121138
2025-11-04,339.099122203453
2025-11-05,338.2232905673825
2025-11-06,338.8012706196837
2025-11-07,341.01315500101487
2025-11-10,342.82036471496144
2025-11-11,346.9803707587387
2025-11-12,347.3553225641433
2025-11-13,344.98416838597433
2025-11-14,345.1174705123889
2025-11-17,342.91750265096084
2025-11-18,342.0669716457594
2025-11-19,341.93456924004175
2025-11-20,342.2555763476666
2025-11-21,343.66408932937514
2025-11-24,343.2974778606178
2025-11-25,345.69282756462644
2025-11-26,348.2110080350093
2025-11-28,350.72641277496956
2025-12-01,348.7155732259541
2025-12-02,347.8733776479367
2025-12-03,348.4670510441221
2025-12-04,348.17167081340773
2025-12-05,346.0181630055544
2025-12-08,344.4887515890388
2025-12-09,343.26960656456026
2025-12-10,344.3001347722746
2025-12-11,346.80836743091396
2025-12-12,350.0750443726689
2025-12-15,350.1238541477549
2025-12-16,346.8077319379173
2025-12-17,347.8702221771367
2025-12-18,347.72701925809275
2025-12-19,348.1787838986624
2025-12-22,349.1855807840747
2025-12-23,349.66887462578916
2025-12-24,351.65296425853103
2025-12-26,351.1739580626041
2025-12-29,351.3043335551322
2025-12-30,350.9512693627117
2025-12-31,349.40348570942496
2026-01-02,350.3213355233343
2026-01-05,350.6511343261786
2026-01-06,349.6867186297581
2026-01-07,346.6383844997617
2026-01-08,348.6086016462475
2026-01-09,350.56649448596477
2026-01-12,352.5458469462897
2026-01-13,353.02618045360754
2026-01-14,353.60919537132713
2026-01-15,352.3549299345563
2026-01-16,352.98075037926077
2026-01-20,349.85436854202345
2026-01-21,350.77878913551814
2026-01-22,349.6457984265334
2026-01-23,351.32391884933594
2026-01-26,352.8658976655606
2026-01-27,354.55013446881463
2026-01-28,355.6104502786641
2026-01-29,357.06610515161395
2026-01-30,361.2503385079016
2026-02-02,364.6220624112837
2026-02-03,369.28649509241296
2026-02-04,373.028014475813
2026-02-05,370.9615841639877
2026-02-06,377.6666772896578
2026-02-09,376.60507532240916
2026-02-10,375.59774817018194
2026-02-11,378.38746675844817
2026-02-12,376.96401359110837
2026-02-13,375.316260944296
2026-02-17,376.32659749454416
2026-02-18,376.18720211709194
2026-02-19,376.1095407990499
2026-02-20,376.80406631964735
2026-02-23,378.1371723296289
2026-02-24,380.1744379653017
2026-02-25,380.34647989364714
2026-02-26,379.1425333705212
2026-02-27,381.42900324703567
2026-03-02,380.83935120787197
2026-03-03,379.2537311328407
2026-03-04,378.4553499382473
2026-03-05,372.94788104636905
2026-03-06,371.29876503024786
2026-03-09,371.2860041434918
2026-03-10,371.7718133939954
2026-03-11,370.14997665377945
2026-03-12,366.96686493003807
2026-03-13,366.3051538751465
2026-03-16,368.94463367819816
2026-03-17,368.18713054709843
2026-03-18,363.0058719386342
2026-03-19,361.19719521249027
2026-03-20,359.3000383287481
2026-03-23,362.44991488586317
2026-03-24,362.74835323797487
2026-03-25,364.7916121725721
2026-03-26,362.0821082798123
2026-03-27,361.5868983606346
2026-03-30,361.35695076857314
2026-03-31,366.47569040793843
2026-04-01,365.20043614950134
2026-04-02,364.32493220982366
2026-04-06,366.6771553376499
2026-04-07,363.21644400102275
2026-04-08,368.7717983214022
2026-04-09,370.20026136071795
2026-04-10,366.79844323305565
2026-04-13,366.06504601328504
2026-04-14,366.8911435884715
2026-04-15,367.44845166736303
2026-04-16,367.8287914877646
2026-04-17,370.56607993128483
2026-04-20,369.9543789273741
2026-04-21,365.6076498762512
2026-04-22,366.61696093119957
2026-04-23,369.84699369943695
2026-04-24,369.22272870438053
2026-04-27,366.49812142393876
2026-04-28,371.24529685771705
2026-04-29,369.96626327100626
2026-04-30,372.09185072373725
2026-05-01,372.4148023945574
2026-05-04,368.7432029889762
2026-05-05,371.4144407745282
2026-05-06,374.03536598709746
2026-05-07,371.08105172760105
2026-05-08,369.5336956651436
2026-05-11,368.8961372741012
2026-05-12,371.7406785482434
2026-05-13,371.63952999312966
2026-05-14,372.21607458493526
2026-05-15,371.5726765548263
2026-05-18,374.88212587264496
2026-05-19,375.551824132791
2026-05-20,376.610174106959
2026-05-21,375.3010285523029
2026-05-22,376.5781081924023
2026-05-26,374.33748073727463
2026-05-27,374.97960964941194
2026-05-28,375.41176749633826
2026-05-29,374.3747565746529
2026-06-01,373.27481772185996
2026-06-02,372.1723911674993
2026-06-03,370.448094941476
2026-06-04,372.3784107222242
2026-06-05,374.51237314741064
2026-06-08,372.43789433071413
2026-06-09,373.37974578380624
2026-06-10,374.2813018954727
