date,b0_capweight
2016-01-04,100.0
2016-01-05,100.218512215525
2016-01-06,98.96784787991355
2016-01-07,96.63947263140626
2016-01-08,95.59411991402897
2016-01-11,95.69134462478024
2016-01-12,96.43920915725953
2016-01-13,94.00584881110088
2016-01-14,95.59678004503162
2016-01-15,93.5032819464333
2016-01-19,93.54455183658736
2016-01-20,92.47608421066155
2016-01-21,92.9984682007885
2016-01-22,94.90236333861804
2016-01-25,93.41115007213835
2016-01-26,94.74057422276695
2016-01-27,93.70932944232355
2016-01-28,94.29756981090848
2016-01-29,96.65482576396042
2016-02-01,96.6230436306756
2016-02-02,94.76544400317258
2016-02-03,95.25436019512823
2016-02-04,95.44865558572032
2016-02-05,93.6358128069992
2016-02-08,92.23469759948098
2016-02-09,92.20637160430692
2016-02-10,92.27076252002325
2016-02-11,91.15204717191402
2016-02-12,92.99160079041303
2016-02-16,94.60032164441638
2016-02-17,96.21283396006736
2016-02-18,95.71967133826728
2016-02-19,95.75736477288032
2016-02-22,97.191631927286
2016-02-23,95.98219304132797
2016-02-24,96.41541255654462
2016-02-25,97.5485512493182
2016-02-26,97.4318164623685
2016-02-29,96.64925833282587
2016-03-01,98.95105627696172
2016-03-02,99.33988183581741
2016-03-03,99.68220773428574
2016-03-04,99.99175402250434
2016-03-07,100.05326422404389
2016-03-08,99.02169637861063
2016-03-09,99.53442500273697
2016-03-10,99.5510843252467
2016-03-11,101.19197733006446
2016-03-14,101.0955971955775
2016-03-15,100.925201999609
2016-03-16,101.48559798097419
2016-03-17,102.12356302726707
2016-03-18,102.55748235218344
2016-03-21,102.68016222490056
2016-03-22,102.60456785543637
2016-03-23,101.98819219102107
2016-03-24,101.95577042217072
2016-03-28,102.02558477985657
2016-03-29,102.94830815272395
2016-03-30,103.40361132363584
2016-03-31,103.18575650121261
2016-04-01,103.86272309823843
2016-04-04,103.52987966277597
2016-04-05,102.4850843890902
2016-04-06,103.58960334295288
2016-04-07,102.35023173643071
2016-04-08,102.62200891106434
2016-04-11,102.33830074729468
2016-04-12,103.3281523809065
2016-04-13,104.37453391763327
2016-04-14,104.39324804232382
2016-04-15,104.30452730383162
2016-04-18,104.99116354203971
2016-04-19,105.3040594199062
2016-04-20,105.3701462109246
2016-04-21,104.80671858702262
2016-04-22,104.77867686266946
2016-04-25,104.62683491580373
2016-04-26,104.7861207791684
2016-04-27,104.94323573649633
2016-04-28,104.01196384932331
2016-04-29,103.50438327192852
2016-05-02,104.33614388142195
2016-05-03,103.45805078827449
2016-05-04,102.90037504621301
2016-05-05,102.89426318221487
2016-05-06,103.25378508909758
2016-05-09,103.3607277075299
2016-05-10,104.65058895809176
2016-05-11,103.66305065679467
2016-05-12,103.64163363986917
2016-05-13,102.76944523948147
2016-05-16,103.78569967873746
2016-05-17,102.82571546964334
2016-05-18,102.83865429309944
2016-05-19,102.51435473076441
2016-05-20,103.15233004608652
2016-05-23,102.93736238922705
2016-05-24,104.35659926381578
2016-05-25,105.06370458991888
2016-05-26,105.0658763471261
2016-05-27,105.53160592385221
2016-05-31,105.41738675466956
2016-06-01,105.55992383046262
2016-06-02,105.86048378061216
2016-06-03,105.55291240979008
2016-06-06,106.06083176649813
2016-06-07,106.18194007651839
2016-06-08,106.56607765765497
2016-06-09,106.38445112336858
2016-06-10,105.41393451667605
2016-06-13,104.58663011817008
2016-06-14,104.41071698429705
2016-06-15,104.23434239960959
2016-06-16,104.5736556419255
2016-06-17,104.21903669951567
2016-06-20,104.83240685631506
2016-06-21,105.12908020312375
2016-06-22,104.96136826390287
2016-06-23,106.36433451160106
2016-06-24,102.532721133461
2016-06-27,100.65124417874522
2016-06-28,102.4754705905322
2016-06-29,104.26325196806471
2016-06-30,105.6617656119174
2016-07-01,105.88434731427554
2016-07-05,105.19004733942903
2016-07-06,105.78820933026948
2016-07-07,105.71180373082522
2016-07-08,107.31386976340562
2016-07-11,107.6815442052541
2016-07-12,108.41031797564341
2016-07-13,108.45327603985079
2016-07-14,109.01532807143495
2016-07-15,108.91373941545322
2016-07-18,109.19094695756876
2016-07-19,109.04418213935638
2016-07-20,109.51164965492545
2016-07-21,109.10372180635876
2016-07-22,109.59618578224442
2016-07-25,109.27878408954838
2016-07-26,109.29099354956902
2016-07-27,109.14473870640353
2016-07-28,109.34028915621994
2016-07-29,109.52653746351363
2016-08-01,109.39200728548539
2016-08-02,108.70839995121182
2016-08-03,109.06305769423068
2016-08-04,109.12253342320437
2016-08-05,110.06119529891087
2016-08-08,109.96615293193676
2016-08-09,110.016709521528
2016-08-10,109.77253787994498
2016-08-11,110.29815643995987
2016-08-12,110.22499256906619
2016-08-15,110.509988614144
2016-08-16,109.9214170592853
2016-08-17,110.17306274226492
2016-08-18,110.42124401857001
2016-08-19,110.26000063180733
2016-08-22,110.21376422165527
2016-08-23,110.41302563412314
2016-08-24,109.8625697556484
2016-08-25,109.7052893748707
2016-08-26,109.52131760300952
2016-08-29,110.111275087028
2016-08-30,109.89177228817617
2016-08-31,109.66894581679689
2016-09-01,109.67817298906905
2016-09-02,110.13535202515246
2016-09-06,110.48495980314726
2016-09-07,110.48451704882224
2016-09-08,110.2452414532603
2016-09-09,107.56091626392542
2016-09-12,109.1570388998416
2016-09-13,107.58329138539163
2016-09-14,107.51450227491131
2016-09-15,108.60256752704434
2016-09-16,108.18720531839814
2016-09-19,108.19548014990193
2016-09-20,108.22888667614133
2016-09-21,109.38287161704069
2016-09-22,110.09604741109567
2016-09-23,109.47739835441396
2016-09-26,108.54475418863973
2016-09-27,109.26763564766229
2016-09-28,109.85366261781286
2016-09-29,108.83514211114628
2016-09-30,109.70233670462696
2016-10-03,109.35993877206006
2016-10-04,108.82605271647571
2016-10-05,109.32122159857505
2016-10-06,109.3552839048613
2016-10-07,108.99711396035403
2016-10-10,109.50466332996679
2016-10-11,108.14977661772637
2016-10-12,108.29100536804123
2016-10-13,107.96860763116766
2016-10-14,107.99787319876206
2016-10-17,107.67506148471989
2016-10-18,108.33938391220137
2016-10-19,108.59058930472818
2016-10-20,108.45016193681099
2016-10-21,108.4576613754796
2016-10-24,108.98872258229284
2016-10-25,108.57625821493758
2016-10-26,108.3895309458013
2016-10-27,108.07033604373727
2016-10-28,107.76589149544891
2016-10-31,107.77401782438127
2016-11-01,107.02060410572201
2016-11-02,106.31722830823033
2016-11-03,105.86982011832396
2016-11-04,105.68580364610172
2016-11-07,108.03387055599667
2016-11-08,108.50434543759062
2016-11-09,109.67655293174955
2016-11-10,109.79450427452753
2016-11-11,109.64675446602996
2016-11-14,109.54916832281795
2016-11-15,110.45132140543069
2016-11-16,110.36536179431698
2016-11-17,110.87248514281848
2016-11-18,110.60529361261675
2016-11-21,111.46365351844354
2016-11-22,111.71092955895114
2016-11-23,111.76622126803062
2016-11-25,112.21646337341878
2016-11-28,111.67960090687095
2016-11-29,111.86325432817866
2016-11-30,111.48865284061536
2016-12-01,111.0806022784214
2016-12-02,111.12890314797485
2016-12-05,111.80773958289399
2016-12-06,112.1909734461209
2016-12-07,113.70697090095679
2016-12-08,113.95169037944457
2016-12-09,114.62873700367885
2016-12-12,114.51096591559102
2016-12-13,115.28701401981161
2016-12-14,114.37263525843132
2016-12-15,114.79551489607681
2016-12-16,114.58612182194868
2016-12-19,114.8078488706474
2016-12-20,115.24492348661614
2016-12-21,114.96509870630675
2016-12-22,114.73628901958094
2016-12-23,114.8824688498172
2016-12-27,115.14050190237276
2016-12-28,114.21267701281424
2016-12-29,114.17918112535033
2016-12-30,113.65036300538874
2017-01-03,114.6236535001169
2017-01-04,115.32484247108077
2017-01-05,115.24947567906024
2017-01-06,115.68837890148806
2017-01-09,115.28784622007018
2017-01-10,115.28180277144806
2017-01-11,115.64033671672478
2017-01-12,115.40806967743563
2017-01-13,115.61462541220507
2017-01-17,115.30790200691924
2017-01-18,115.53012391150602
2017-01-19,115.11192887590579
2017-01-20,115.5019543840201
2017-01-23,115.19601796264146
2017-01-24,115.96453115565102
2017-01-25,116.88750398091273
2017-01-26,116.7980715484457
2017-01-27,116.67083490298701
2017-01-30,116.00711152809204
2017-01-31,115.9095369708132
2017-02-01,115.94809245091922
2017-02-02,116.02081223211644
2017-02-03,116.8632395934502
2017-02-06,116.61890474755268
2017-02-07,116.67473113276994
2017-02-08,116.78897674128235
2017-02-09,117.48823333789299
2017-02-10,117.91482657179239
2017-02-13,118.54998101429105
2017-02-14,119.0555651510002
2017-02-15,119.64991251142769
2017-02-16,119.54823641916674
2017-02-17,119.78910285382725
2017-02-21,120.51582183777178
2017-02-22,120.40788160481954
2017-02-23,120.454858672794
2017-02-24,120.6639069823487
2017-02-27,120.79685379001643
2017-02-28,120.48017038153421
2017-03-01,122.1426353521144
2017-03-02,121.4507322380496
2017-03-03,121.50275786152007
2017-03-06,121.11284165602078
2017-03-07,120.77085147003011
2017-03-08,120.5454199641742
2017-03-09,120.64868393368963
2017-03-10,121.03920470729749
2017-03-13,121.12556764455296
2017-03-14,120.73378961752162
2017-03-15,121.73974401549698
2017-03-16,121.57592568575683
2017-03-17,121.4066322311209
2017-03-20,121.15109736938874
2017-03-21,119.66880751996642
2017-03-22,119.88398970949359
2017-03-23,119.77022789400039
2017-03-24,119.66680964899211
2017-03-27,119.53974583246281
2017-03-28,120.4166322399647
2017-03-29,120.58453960188649
2017-03-30,120.94273885858429
2017-03-31,120.67362974693756
2017-04-03,120.48404025410169
2017-04-04,120.56670006616815
2017-04-05,120.20831076080114
2017-04-06,120.46054537632222
2017-04-07,120.36530590053133
2017-04-10,120.46197105776842
2017-04-11,120.30302223113657
2017-04-12,119.85928961117399
2017-04-13,119.03924280896386
2017-04-17,120.07568256860266
2017-04-18,119.74181643887603
2017-04-19,119.55973010210728
2017-04-20,120.48253754718927
2017-04-21,120.10121105584761
2017-04-24,121.4077562573495
2017-04-25,122.14407467329542
2017-04-26,122.09361853831798
2017-04-27,122.17593659874198
2017-04-28,121.96789235701793
2017-05-01,122.17535827148355
2017-05-02,122.31883485465319
2017-05-03,122.17856009276407
2017-05-04,122.26408241777298
2017-05-05,122.76537608215298
2017-05-08,122.76636796768642
2017-05-09,122.64335952259457
2017-05-10,122.83940556878666
2017-05-11,122.59992754971603
2017-05-12,122.40161372741889
2017-05-15,122.99022342455676
2017-05-16,122.9050726005895
2017-05-17,120.75544997551243
2017-05-18,121.21088359530654
2017-05-19,122.04862597343978
2017-05-22,122.67415341267962
2017-05-23,122.90016147860945
2017-05-24,123.20283651663297
2017-05-25,123.7431243684691
2017-05-26,123.79686618507948
2017-05-30,123.64030330214449
2017-05-31,123.60725977365169
2017-06-01,124.56407640652229
2017-06-02,125.02820148561013
2017-06-05,124.89526763790997
2017-06-06,124.52717887663131
2017-06-07,124.75178620473478
2017-06-08,124.78490921251057
2017-06-09,124.66020967343938
2017-06-12,124.53874201059347
2017-06-13,125.15228236010556
2017-06-14,125.03984814655408
2017-06-15,124.7671203798386
2017-06-16,124.76227274566229
2017-06-19,125.81234899648253
2017-06-20,124.9814418187881
2017-06-21,124.94879094834324
2017-06-22,124.88959178817531
2017-06-23,125.09795245019265
2017-06-26,125.14079762249338
2017-06-27,124.13407993489287
2017-06-28,125.26294537426236
2017-06-29,124.16590414538719
2017-06-30,124.3573207167281
2017-07-03,124.62392061084117
2017-07-05,124.85980227181201
2017-07-06,123.74038083953576
2017-07-07,124.53653868312963
2017-07-10,124.64372724142918
2017-07-11,124.55878869592597
2017-07-12,125.48674469404669
2017-07-13,125.72941269286444
2017-07-14,126.3213888108965
2017-07-17,126.32468849648905
2017-07-18,126.40137665807917
2017-07-19,127.08460696320233
2017-07-20,127.09590650004374
2017-07-21,127.05659867443993
2017-07-24,126.92640502900328
2017-07-25,127.32071245513535
2017-07-26,127.3535055947156
2017-07-27,127.27632253625976
2017-07-28,127.1110489259841
2017-07-31,127.01370147922246
2017-08-01,127.3237432012374
2017-08-02,127.39211226540195
2017-08-03,127.14012726559865
2017-08-04,127.37808916455421
2017-08-07,127.58787085330215
2017-08-08,127.29609454197211
2017-08-09,127.26582818119302
2017-08-10,125.4671569852411
2017-08-11,125.6407008986481
2017-08-14,126.91035176546306
2017-08-15,126.87310858368105
2017-08-16,127.0950151326701
2017-08-17,125.13627117629309
2017-08-18,124.91114680642684
2017-08-21,125.05329847197815
2017-08-22,126.29976850807874
2017-08-23,125.87601364262535
2017-08-24,125.59570084857397
2017-08-25,125.81109151791107
2017-08-28,125.84983097915351
2017-08-29,125.97754101558208
2017-08-30,126.59784842255591
2017-08-31,127.32041183919056
2017-09-01,127.57745934304282
2017-09-05,126.6360900971841
2017-09-06,127.02564878122864
2017-09-07,127.03151083138324
2017-09-08,126.84286863668787
2017-09-11,128.20377102744055
2017-09-12,128.6366734362975
2017-09-13,128.73806412113993
2017-09-14,128.6120821497735
2017-09-15,128.83821236018778
2017-09-18,129.00631955632534
2017-09-19,129.15180180863126
2017-09-20,129.2350633721031
2017-09-21,128.82919836983373
2017-09-22,128.89284942084237
2017-09-25,128.57420542052378
2017-09-26,128.6192435421925
2017-09-27,129.16677330707557
2017-09-28,129.34100611549667
2017-09-29,129.8193299916897
2017-10-02,130.29954853694164
2017-10-03,130.588904242881
2017-10-04,130.7625664154414
2017-10-05,131.53915548445545
2017-10-06,131.440584389545
2017-10-09,131.19739980327492
2017-10-10,131.52510034293113
2017-10-11,131.77688117523442
2017-10-12,131.56863744356886
2017-10-13,131.6923804664167
2017-10-16,131.92239936948795
2017-10-17,132.0244828726705
2017-10-18,132.1207563404906
2017-10-19,132.15012949966393
2017-10-20,132.81449636173184
2017-10-23,132.271075360169
2017-10-24,132.46462982913818
2017-10-25,131.88442713684867
2017-10-26,131.9816815916926
2017-10-27,133.08518829265793
2017-10-30,132.6870252159729
2017-10-31,132.81766417326403
2017-11-01,133.04312006603737
2017-11-02,133.09007580490865
2017-11-03,133.52022760905083
2017-11-06,133.70277163873237
2017-11-07,133.68972693212416
2017-11-08,133.8900113808359
2017-11-09,133.42578230541858
2017-11-10,133.36525943503443
2017-11-13,133.49899004400189
2017-11-14,133.2325936751493
2017-11-15,132.52478852541384
2017-11-16,133.72516633985444
2017-11-17,133.3727201880334
2017-11-20,133.53735102780152
2017-11-21,134.4071056922077
2017-11-22,134.3300106722662
2017-11-24,134.61913903503748
2017-11-27,134.60661588597142
2017-11-28,135.9209682664597
2017-11-29,135.8734435682813
2017-11-30,137.03061084123186
2017-12-01,136.7609746476047
2017-12-04,136.60978126856173
2017-12-05,136.14391320898767
2017-12-06,136.16943343542567
2017-12-07,136.61817963126305
2017-12-08,137.36618923163638
2017-12-11,137.79843484603256
2017-12-12,138.0037169536791
2017-12-13,137.96218170434716
2017-12-14,137.43377428598478
2017-12-15,138.6499915093235
2017-12-18,139.40741516597325
2017-12-19,138.96576539825136
2017-12-20,138.85070661427102
2017-12-21,139.09915387182076
2017-12-22,139.04019629072474
2017-12-26,138.9126474250363
2017-12-27,139.0487698134839
2017-12-28,139.3225495913166
2017-12-29,138.60470267950848
2018-01-02,139.7507612744971
2018-01-03,140.6793716582161
2018-01-04,141.27029412314775
2018-01-05,142.26529163419966
2018-01-08,142.5339840814559
2018-01-09,142.74894378838948
2018-01-10,142.57516856246644
2018-01-11,143.54805702083544
2018-01-12,144.4901575867155
2018-01-16,144.01538411795605
2018-01-17,145.3669726910839
2018-01-18,145.16220599780965
2018-01-19,145.80308042130062
2018-01-22,146.9787912136474
2018-01-23,147.34056163769824
2018-01-24,147.25947221845507
2018-01-25,147.36885707015693
2018-01-26,149.08985558617948
2018-01-29,148.07385402851762
2018-01-30,146.5449231200661
2018-01-31,146.63036542288603
2018-02-01,146.55255691833702
2018-02-02,143.4672432190448
2018-02-05,137.5830317867848
2018-02-06,140.00718775667326
2018-02-07,139.32025586812966
2018-02-08,134.1138492146502
2018-02-09,136.15501440066615
2018-02-12,138.03981965315478
2018-02-13,138.40689010275395
2018-02-14,140.3317104635468
2018-02-15,142.02824774419315
2018-02-16,142.08667435450485
2018-02-20,141.18854912271254
2018-02-21,140.41224720863912
2018-02-22,140.58674907335137
2018-02-23,142.8168135057178
2018-02-26,144.49343437769198
2018-02-27,142.65035730039457
2018-02-28,141.10640879372426
2018-03-01,139.19884255522194
2018-03-02,139.91548315622174
2018-03-05,141.4638302760872
2018-03-06,141.8482865738988
2018-03-07,141.80341446798838
2018-03-08,142.47787554083163
2018-03-09,144.96165368049762
2018-03-12,144.7809047006931
2018-03-13,143.8694151765943
2018-03-14,143.09042162619355
2018-03-15,142.9901833488107
2018-03-16,143.2436798928236
2018-03-19,141.19962150890566
2018-03-20,141.3672145785133
2018-03-21,141.1343845342597
2018-03-22,137.58580623942788
2018-03-23,134.70242410606204
2018-03-26,138.34731605673872
2018-03-27,135.93534779875884
2018-03-28,135.58629583658876
2018-03-29,137.54225171457918
2018-04-02,134.42188545138498
2018-04-03,136.1069993808857
2018-04-04,137.69174542431094
2018-04-05,138.69522748994657
2018-04-06,135.6458499009836
2018-04-09,136.12112267511475
2018-04-10,138.40921521759657
2018-04-11,137.63692624271746
2018-04-12,138.78857497396928
2018-04-13,138.37591070116554
2018-04-16,139.50089383277728
2018-04-17,140.99909876868733
2018-04-18,141.11194994212926
2018-04-19,140.4030594239641
2018-04-20,139.2163775587767
2018-04-23,139.20917807738775
2018-04-24,137.30805925095302
2018-04-25,137.56861636553893
2018-04-26,139.063716820468
2018-04-27,139.19493974020864
2018-04-30,138.07869783780336
2018-05-01,138.43001699667298
2018-05-02,137.4050106689918
2018-05-03,137.10456402307196
2018-05-04,138.88575076448498
2018-05-07,139.35118956449415
2018-05-08,139.31048965928136
2018-05-09,140.63737436548342
2018-05-10,141.97021160418262
2018-05-11,142.27736451050785
2018-05-14,142.4206483329954
2018-05-15,141.47689523672466
2018-05-16,142.09210931510967
2018-05-17,141.99644955921713
2018-05-18,141.61950327749545
2018-05-21,142.6666694137444
2018-05-22,142.22880533858446
2018-05-23,142.70428890142648
2018-05-24,142.42457995711274
2018-05-25,142.11418294431158
2018-05-29,140.4712083059735
2018-05-30,142.31372845499718
2018-05-31,141.37414512599395
2018-06-01,142.911068449836
2018-06-04,143.57453306316202
2018-06-05,143.66903754823585
2018-06-06,144.89570002754482
2018-06-07,144.81634652371142
2018-06-08,145.2757282995977
2018-06-11,145.44413522333215
2018-06-12,145.70398031761138
2018-06-13,145.14179934669943
2018-06-14,145.53193497915288
2018-06-15,145.3964864912986
2018-06-18,145.13041112976674
2018-06-19,144.55785645830085
2018-06-20,144.78605243972686
2018-06-21,143.88909624392488
2018-06-22,144.17715332469623
2018-06-25,142.21464285571665
2018-06-26,142.5422889916253
2018-06-27,141.30393386657275
2018-06-28,142.1776031637946
2018-06-29,142.31229594033744
2018-07-02,142.74821064658298
2018-07-03,142.0229198507246
2018-07-05,143.2854744696341
2018-07-06,144.47981103000478
2018-07-09,145.86806727166314
2018-07-10,146.38329967040315
2018-07-11,145.36728440687511
2018-07-12,146.64981070024737
2018-07-13,146.825208068293
2018-07-16,146.70947974585505
2018-07-17,147.31863183426952
2018-07-18,147.6917736749222
2018-07-19,147.0973486437711
2018-07-20,146.96955342749482
2018-07-23,147.22374821035015
2018-07-24,147.9514893067505
2018-07-25,149.2796792616421
2018-07-26,148.83489575097158
2018-07-27,147.92163621705862
2018-07-30,147.0698022604093
2018-07-31,147.778472574482
2018-08-01,147.61703699768054
2018-08-02,148.36886341054077
2018-08-03,149.10722438274942
2018-08-06,149.6771550090753
2018-08-07,150.11462047243643
2018-08-08,150.08395928590113
2018-08-09,149.90800420144208
2018-08-10,148.89230578106196
2018-08-13,148.28607095501545
2018-08-14,149.25815199867188
2018-08-15,148.1169596385955
2018-08-16,149.3773341106636
2018-08-17,149.85747434937747
2018-08-20,150.23214123966875
2018-08-21,150.55943123074874
2018-08-22,150.51980601413513
2018-08-23,150.24989858448495
2018-08-24,151.18186138487752
2018-08-27,152.3887644387559
2018-08-28,152.41814023906596
2018-08-29,153.3029221968406
2018-08-30,152.62873612699937
2018-08-31,152.62363931938046
2018-09-04,152.38150264884555
2018-09-05,151.92488988554769
2018-09-06,151.39400675081765
2018-09-07,151.077077911483
2018-09-10,151.37756848550717
2018-09-11,151.98030367894424
2018-09-12,152.00621237411684
2018-09-13,152.82642173955267
2018-09-14,152.88424833892648
2018-09-17,151.9944367816295
2018-09-18,152.83009452135238
2018-09-19,153.03705834343774
2018-09-20,154.26707592758902
2018-09-21,154.16658773503133
2018-09-24,153.65516848006044
2018-09-25,153.50906070599447
2018-09-26,153.01672983953625
2018-09-27,153.47593275597953
2018-09-28,153.45059746803122
2018-10-01,153.9773527406191
2018-10-02,153.87834763938258
2018-10-03,153.99069954568208
2018-10-04,152.75461041457356
2018-10-05,151.8955324903869
2018-10-08,151.83163091151374
2018-10-09,151.65761857737445
2018-10-10,146.62544500041602
2018-10-11,143.6854369156747
2018-10-12,145.8168947678154
2018-10-15,144.9509338348459
2018-10-16,148.1159434313551
2018-10-17,148.1104153710631
2018-10-18,145.92466266073876
2018-10-19,145.87662680830442
2018-10-22,145.27742983882308
2018-10-23,144.47751032028566
2018-10-24,139.9096177443936
2018-10-25,142.66303659479
2018-10-26,140.14068115248958
2018-10-29,139.10868942907092
2018-10-30,141.32914655011135
2018-10-31,143.03312812490825
2018-11-01,144.58198955941424
2018-11-02,143.68374747072784
2018-11-05,144.47962469857754
2018-11-06,145.38580638192198
2018-11-07,148.4904874188488
2018-11-08,148.19785895140706
2018-11-09,146.8641614470098
2018-11-12,143.92679946044186
2018-11-13,143.7432718422206
2018-11-14,142.66859751845797
2018-11-15,144.1810607803264
2018-11-16,144.47647951917523
2018-11-19,141.95369290774457
2018-11-20,139.39278774995896
2018-11-21,139.88350734039875
2018-11-23,138.95096938401352
2018-11-26,141.19025098159202
2018-11-27,141.63839222624986
2018-11-28,144.9824511532937
2018-11-29,144.6952901077306
2018-11-30,145.88050298889965
2018-12-03,147.51396271170788
2018-12-04,142.71987129402794
2018-12-06,142.55792223919434
2018-12-07,139.25049640981794
2018-12-10,139.50329282215694
2018-12-11,139.4309226862261
2018-12-12,140.19315198998007
2018-12-13,140.15696246803248
2018-12-14,137.5283308836846
2018-12-17,134.7017410680231
2018-12-18,134.77455007229563
2018-12-19,132.6822653184993
2018-12-20,130.5807287586262
2018-12-21,127.8423464909757
2018-12-24,124.43925781077127
2018-12-26,130.68520363925788
2018-12-27,131.7923879949543
2018-12-28,131.66351593030305
2018-12-31,132.79014022231985
2019-01-02,132.98983542658812
2019-01-03,129.72233939119454
2019-01-04,134.18116652523284
2019-01-07,135.13211254484517
2019-01-08,136.45502740239587
2019-01-09,137.04400241292774
2019-01-10,137.64811099405551
2019-01-11,137.60705448138637
2019-01-14,136.93048739685736
2019-01-15,138.41553105170098
2019-01-16,138.73290302770297
2019-01-17,139.78943481995128
2019-01-18,141.65135928971253
2019-01-22,139.68486739538312
2019-01-23,139.99589530236392
2019-01-24,140.22611784763194
2019-01-25,141.38105575909836
2019-01-28,140.28526127629667
2019-01-29,140.09152850711237
2019-01-30,142.32163088779365
2019-01-31,143.65354928531062
2019-02-01,143.7672273775389
2019-02-04,144.75124511358746
2019-02-05,145.47017837471043
2019-02-06,145.1352905570754
2019-02-07,143.79930271653967
2019-02-08,143.9287116629704
2019-02-11,144.04306024681975
2019-02-12,145.91815770399805
2019-02-13,146.3718212983643
2019-02-14,146.0171377872495
2019-02-15,147.57838859105343
2019-02-19,147.84552622729197
2019-02-20,148.12569085803142
2019-02-21,147.60686547502965
2019-02-22,148.48017034378444
2019-02-25,148.69352410646928
2019-02-26,148.57747213618993
2019-02-27,148.52123950481175
2019-02-28,148.18532049997722
2019-03-01,149.21891490403704
2019-03-04,148.663404804128
2019-03-05,148.5201177431203
2019-03-06,147.55403097206974
2019-03-07,146.3795988877551
2019-03-08,146.08662188596352
2019-03-11,148.22019620318616
2019-03-12,148.64614986489562
2019-03-13,149.69439842730543
2019-03-14,149.61311693806996
2019-03-15,150.34830616171948
2019-03-18,150.91867627985363
2019-03-19,150.91625821462802
2019-03-20,150.47072995407098
2019-03-21,152.0744718388455
2019-03-22,149.194571819317
2019-03-25,149.10772066843762
2019-03-26,150.18176517540113
2019-03-27,149.48033672629873
2019-03-28,150.05293810984134
2019-03-29,151.06561962389287
2019-04-01,152.84191700275673
2019-04-02,152.81415664962694
2019-04-03,153.12744842473475
2019-04-04,153.49647889207597
2019-04-05,154.21459612091627
2019-04-08,154.35648324866622
2019-04-09,153.47862450446627
2019-04-10,154.02985206397165
2019-04-11,154.05749697703862
2019-04-12,155.04839409470975
2019-04-15,154.97350718938665
2019-04-16,155.04710331729203
2019-04-17,154.63055273685023
2019-04-18,154.87977760323423
2019-04-22,155.02141213701796
2019-04-23,156.4025636616252
2019-04-24,156.0666302813523
2019-04-25,156.05239286937882
2019-04-26,156.82052407215912
2019-04-29,157.0090964001459
2019-04-30,157.17966415841065
2019-05-01,155.98959840137795
2019-05-02,155.65506137331673
2019-05-03,157.20063349721306
2019-05-06,156.50668380455596
2019-05-07,153.92923951551725
2019-05-08,153.68644473890447
2019-05-09,153.27250502227483
2019-05-10,153.88497111457355
2019-05-13,150.13419966130746
2019-05-14,151.36144226918594
2019-05-15,152.31525614352518
2019-05-16,153.7149319345228
2019-05-17,152.79958870531954
2019-05-20,151.7489932067833
2019-05-21,153.05412597057384
2019-05-22,152.61076895002702
2019-05-23,150.7615754534417
2019-05-24,150.982252914706
2019-05-28,149.75590142006294
2019-05-29,148.73155143797015
2019-05-30,149.03766753762008
2019-05-31,147.0465945984651
2019-06-03,146.57708180030951
2019-06-04,149.70977032671178
2019-06-05,150.9573743156311
2019-06-06,151.93047938183614
2019-06-07,153.58765753858577
2019-06-10,154.35521097510346
2019-06-11,154.31048935478557
2019-06-12,154.00862310714405
2019-06-13,154.69221566964652
2019-06-14,154.48364276575668
2019-06-17,154.6532379935192
2019-06-18,156.12892737427018
2019-06-19,156.6000925658876
2019-06-20,158.1063426785874
2019-06-21,157.9264172805323
2019-06-24,157.64729222858503
2019-06-25,156.15012608586588
2019-06-26,155.94547913505195
2019-06-27,156.58698113437163
2019-06-28,157.51009323578862
2019-07-01,158.71063270696158
2019-07-02,159.21904730020103
2019-07-03,160.48343699639673
2019-07-05,160.2312203997651
2019-07-08,159.48413055195803
2019-07-09,159.74615831964044
2019-07-10,160.4793447647468
2019-07-11,160.83741812220782
2019-07-12,161.59423859576657
2019-07-15,161.63931765901646
2019-07-16,161.11600220194305
2019-07-17,160.05487589747116
2019-07-18,160.6307555224176
2019-07-19,159.63426600892961
2019-07-22,160.0591469651183
2019-07-23,161.15315452514977
2019-07-24,161.9019577029174
2019-07-25,161.0742806259583
2019-07-26,162.2965839392733
2019-07-29,162.01381560133004
2019-07-30,161.61650695989164
2019-07-31,159.86264293668629
2019-08-01,158.4424590852711
2019-08-02,157.28326874525507
2019-08-05,152.57765398961175
2019-08-06,154.56662360149315
2019-08-07,154.68257975044594
2019-08-08,157.62841607313126
2019-08-09,156.55300016997782
2019-08-12,154.66070737980857
2019-08-13,156.9871921209074
2019-08-14,152.4062455733799
2019-08-15,152.82221906709077
2019-08-16,155.06155647737228
2019-08-19,156.9779258882923
2019-08-20,155.70500813136022
2019-08-21,156.9847495268076
2019-08-22,156.91277520505932
2019-08-23,152.81700371551779
2019-08-26,154.51191296936042
2019-08-27,153.98738704746282
2019-08-28,155.03638121612806
2019-08-29,157.0682380348277
2019-08-30,157.20095743450094
2019-09-03,156.10358860347392
2019-09-04,157.84249294139215
2019-09-05,160.0211540163892
2019-09-06,160.15838609430728
2019-09-09,160.31674668217275
2019-09-10,160.41418441692358
2019-09-11,161.56908251543385
2019-09-12,162.0510420913147
2019-09-13,162.02133660507022
2019-09-16,161.5021067072577
2019-09-17,161.90462314712883
2019-09-18,161.95283844341373
2019-09-19,161.97134051850097
2019-09-20,161.17941708446804
2019-09-23,161.16329641986195
2019-09-24,159.7672999193887
2019-09-25,160.79107239199982
2019-09-26,160.34230341848286
2019-09-27,159.54956848408168
2019-09-30,160.35842321763482
2019-10-01,158.41178914350982
2019-10-02,155.5672596830771
2019-10-03,156.845717747433
2019-10-04,159.07598120943862
2019-10-07,158.36230379532444
2019-10-08,155.91950947611625
2019-10-09,157.39609247131946
2019-10-10,158.40484912383812
2019-10-11,160.17061893109337
2019-10-14,159.9482034931451
2019-10-15,161.5232163177811
2019-10-16,161.2383320556377
2019-10-17,161.68563241473856
2019-10-18,161.0500902219739
2019-10-21,162.17121289409724
2019-10-22,161.57280143154188
2019-10-23,162.04520909608647
2019-10-24,162.36380657874008
2019-10-25,163.00361887771334
2019-10-28,163.89890973056384
2019-10-29,163.75676210425868
2019-10-30,164.31705673571756
2019-10-31,163.84169193272893
2019-11-01,165.43007999470606
2019-11-04,166.02702711080295
2019-11-05,165.84444301571418
2019-11-06,166.00945919909884
2019-11-07,166.5147905267209
2019-11-08,166.94369545612025
2019-11-11,166.61460806892734
2019-11-12,166.8849902395159
2019-11-13,167.01958756949142
2019-11-14,167.20065659829552
2019-11-15,168.4733561277645
2019-11-18,168.57856761899387
2019-11-19,168.50633335667285
2019-11-20,167.90282198133883
2019-11-21,167.63565466878583
2019-11-22,168.0052324912874
2019-11-25,169.26756663685106
2019-11-26,169.68691647111407
2019-11-27,170.42156929635254
2019-11-29,169.7780863460042
2019-12-02,168.33776612871387
2019-12-03,167.24287070128065
2019-12-04,168.30042215607972
2019-12-05,168.59148995946538
2019-12-06,170.12406988246863
2019-12-09,169.59365925386263
2019-12-10,169.42665301943626
2019-12-11,169.9133290392359
2019-12-12,171.3402831822457
2019-12-13,171.38423740906478
2019-12-16,172.58029855314385
2019-12-17,172.64810178766365
2019-12-18,172.59724985253268
2019-12-19,173.39296133380236
2019-12-20,174.2424232620679
2019-12-23,174.3724959275395
2019-12-24,174.34305269022337
2019-12-26,175.2853585078205
2019-12-27,175.29798683063652
2019-12-30,174.3133423518793
2019-12-31,174.82470078748293
2020-01-02,176.3353951027287
2020-01-03,175.11514815994536
2020-01-06,175.7512333884076
2020-01-07,175.26935719804663
2020-01-08,176.12248247213614
2020-01-09,177.3423660820719
2020-01-10,176.83570630681373
2020-01-13,178.0650066764881
2020-01-14,177.82349588071537
2020-01-15,178.16033337363456
2020-01-16,179.65104149643432
2020-01-17,180.32520564365154
2020-01-21,179.83108535946263
2020-01-22,179.88716856302912
2020-01-23,180.08398395786517
2020-01-24,178.43522246330141
2020-01-27,175.62458423266102
2020-01-28,177.3751569374344
2020-01-29,177.21544807967226
2020-01-30,177.79368796833015
2020-01-31,174.70998473974504
2020-02-03,175.97585599547594
2020-02-04,178.59339455885973
2020-02-05,180.5709563731296
2020-02-06,181.19902150252037
2020-02-07,180.29783114915645
2020-02-10,181.6530339074012
2020-02-11,182.01084137610226
2020-02-12,183.20333517098095
2020-02-13,182.98205830893187
2020-02-14,183.34553342394793
2020-02-18,182.85818206172996
2020-02-19,183.71953688941895
2020-02-20,183.03692139449487
2020-02-21,181.13608053964626
2020-02-24,175.07914770555925
2020-02-25,169.78055837566083
2020-02-26,169.09055008825754
2020-02-27,161.7112667729048
2020-02-28,160.46593120940773
2020-03-02,167.82391127506733
2020-03-03,163.0691662139364
2020-03-04,169.86028384892566
2020-03-05,164.0157218843267
2020-03-06,161.1884748803991
2020-03-09,148.67402108035137
2020-03-10,156.21542127343318
2020-03-11,148.39217609023967
2020-03-12,133.9925300472195
2020-03-13,146.73748798609157
2020-03-16,128.97132806165692
2020-03-17,136.26651992538572
2020-03-18,128.56176072276372
2020-03-19,130.0973414574707
2020-03-20,124.79770241904178
2020-03-23,121.08547847582835
2020-03-24,133.31860343437975
2020-03-25,135.57152829791707
2020-03-26,144.02524535396446
2020-03-27,138.94078808848295
2020-03-30,143.24923852108782
2020-03-31,140.9957057267017
2020-04-01,134.83929641833444
2020-04-02,137.86521192527744
2020-04-03,135.77800653217116
2020-04-06,145.45171212471948
2020-04-07,145.2782826133795
2020-04-08,150.22032704677628
2020-04-09,152.36846388565587
2020-04-13,151.00722801354365
2020-04-14,155.68357833801028
2020-04-15,152.30846789897677
2020-04-16,153.1286318445288
2020-04-17,157.37832987346002
2020-04-20,154.55000750135613
2020-04-21,149.8411151996963
2020-04-22,153.2715133513484
2020-04-23,153.2044805937286
2020-04-24,155.29200138053167
2020-04-27,157.57387489036176
2020-04-28,156.81092219360528
2020-04-29,160.96315807621855
2020-04-30,159.55733120179323
2020-05-01,155.12206104546252
2020-05-04,155.78797341764442
2020-05-05,157.16107096021915
2020-05-06,156.07388346710005
2020-05-07,157.96459287129247
2020-05-08,160.7047013707055
2020-05-11,160.68945027338046
2020-05-12,157.41074526857912
2020-05-13,154.65288422471613
2020-05-14,156.52029493864953
2020-05-15,157.1321201457751
2020-05-18,162.2916775178482
2020-05-19,160.58295005195887
2020-05-20,163.3337193635825
2020-05-21,162.07480177296617
2020-05-22,162.44567879793348
2020-05-26,164.59013201063286
2020-05-27,167.04352586898523
2020-05-28,166.77385945992074
2020-05-29,167.5923903916623
2020-06-01,168.2782126798272
2020-06-02,169.64701438071194
2020-06-03,171.94047935971554
2020-06-04,171.3689176779406
2020-06-05,175.7364289446651
2020-06-08,177.8019306176394
2020-06-09,176.60729391127123
2020-06-10,175.81105165519733
2020-06-11,165.66984455051022
2020-06-12,167.8139053837546
2020-06-15,169.16354609750786
2020-06-16,172.36855507220002
2020-06-17,171.72560043971754
2020-06-18,171.82893719954393
2020-06-19,170.93899480383604
2020-06-22,172.005090145297
2020-06-23,172.7422263679354
2020-06-24,168.32190273537685
2020-06-25,170.12503657823785
2020-06-26,166.00756814588655
2020-06-29,168.49134174959195
2020-06-30,171.06104063972055
2020-07-01,171.9792142235805
2020-07-02,172.79691428814226
2020-07-06,175.57248236171043
2020-07-07,173.74429598256495
2020-07-08,175.07893490583857
2020-07-09,174.11224904543923
2020-07-10,176.01519064807843
2020-07-13,174.42512666369393
2020-07-14,176.79201653771764
2020-07-15,178.44369924556588
2020-07-16,177.82779704643656
2020-07-17,178.3229902527786
2020-07-20,179.86835827668196
2020-07-21,180.24337136731492
2020-07-22,181.23589078969616
2020-07-23,179.02529986206926
2020-07-24,177.92911469220385
2020-07-27,179.23233029751805
2020-07-28,178.11024123125554
2020-07-29,180.2699765658563
2020-07-30,179.62363867815995
2020-07-31,181.03526427834046
2020-08-03,182.27823059263488
2020-08-04,182.9720590464516
2020-08-05,184.1585712895297
2020-08-06,185.39976421714698
2020-08-07,185.63438857348874
2020-08-10,186.14370270440727
2020-08-11,184.62779404650786
2020-08-12,187.25770413024475
2020-08-13,186.97719045351243
2020-08-14,186.9377187291024
2020-08-17,187.49412367124944
2020-08-18,188.0451548845471
2020-08-19,187.2318109558649
2020-08-20,187.80591232861585
2020-08-21,188.40077161870332
2020-08-24,190.32527209921798
2020-08-25,191.04831935973388
2020-08-26,192.9663923338313
2020-08-27,193.37346468202017
2020-08-28,194.72549131410383
2020-08-31,194.30623470985776
2020-09-01,195.83855288559423
2020-09-02,198.8796293900225
2020-09-03,191.97381658973734
2020-09-04,190.38216734632607
2020-09-08,185.05417146010933
2020-09-09,188.85743594795443
2020-09-10,185.52892190873774
2020-09-11,185.54737904786705
2020-09-14,187.9334990068598
2020-09-15,188.9855974037977
2020-09-16,188.00042055887212
2020-09-17,186.34087490729033
2020-09-18,184.19533128235764
2020-09-21,182.2881365719353
2020-09-22,184.3482892000795
2020-09-23,179.91772294437433
2020-09-24,180.50861270335332
2020-09-25,183.44173181044397
2020-09-28,186.41329592719427
2020-09-29,185.54354944809958
2020-09-30,187.07595219219746
2020-10-01,188.14641240482572
2020-10-02,186.32375500157914
2020-10-05,189.66504763902367
2020-10-06,186.99103442080693
2020-10-07,190.21183718161095
2020-10-08,191.7830390428619
2020-10-09,193.5252884341296
2020-10-12,196.773973646015
2020-10-13,195.5659419326462
2020-10-14,194.25441816443785
2020-10-15,193.93413507505753
2020-10-16,193.92722789251036
2020-10-19,190.7463483145291
2020-10-20,191.68208382717992
2020-10-21,191.3045463352087
2020-10-22,192.29401014055844
2020-10-23,192.97005040613556
2020-10-26,189.43532012786383
2020-10-27,188.91446231195678
2020-10-28,182.23368978924833
2020-10-29,184.42705185645286
2020-10-30,182.2418056729652
2020-11-02,184.422131595901
2020-11-03,187.6539747057339
2020-11-04,192.0226863354191
2020-11-05,195.77931543146067
2020-11-06,195.79183025010101
2020-11-09,198.24617769462736
2020-11-10,197.99344349732198
2020-11-11,199.72716965366058
2020-11-12,197.83235413975345
2020-11-13,200.4977405582759
2020-11-16,202.70865264356263
2020-11-17,201.77613363804107
2020-11-18,199.51149287673795
2020-11-19,200.32057004013998
2020-11-20,198.95596623485238
2020-11-23,199.92939874379172
2020-11-24,202.9784475658451
2020-11-25,202.8221913002948
2020-11-27,203.39120231596092
2020-11-30,202.6845622404959
2020-12-01,204.9916092851539
2020-12-02,205.3407927099373
2020-12-03,205.22260724276182
2020-12-04,206.9875862337057
2020-12-07,206.6278403863855
2020-12-08,207.17215835414652
2020-12-09,205.50843538507118
2020-12-10,205.2219437158769
2020-12-11,204.99264980690117
2020-12-14,204.19250511981377
2020-12-15,206.784197777137
2020-12-16,207.16670783264922
2020-12-17,208.3773443685172
2020-12-18,207.69393556285996
2020-12-21,207.1247589458623
2020-12-22,206.69357408950057
2020-12-23,206.84667978587777
2020-12-24,207.53696858455177
2020-12-28,209.43746281649422
2020-12-29,208.99020394466498
2020-12-30,209.10943511388365
2020-12-31,210.43254812403575
2021-01-04,207.3773387143653
2021-01-05,208.8184962694842
2021-01-06,209.89297481694103
2021-01-07,213.05047310836977
2021-01-08,214.3006012998264
2021-01-11,212.8103838293606
2021-01-12,212.79568469044045
2021-01-13,213.33200930750687
2021-01-14,212.369994486054
2021-01-15,210.99433338543173
2021-01-19,212.68443018979724
2021-01-20,215.84262587437962
2021-01-21,215.9942539386268
2021-01-22,215.3675372397243
2021-01-25,216.15719815261863
2021-01-26,215.92266445780564
2021-01-27,210.3472397984512
2021-01-28,212.49520827904757
2021-01-29,208.42200309913554
2021-02-01,211.78139547278445
2021-02-02,214.81629902176755
2021-02-03,214.98011714742228
2021-02-04,217.39539911103697
2021-02-05,218.2872242472331
2021-02-08,219.77468979522712
2021-02-09,219.58646632007896
2021-02-10,219.46289111980036
2021-02-11,219.83633049769156
2021-02-12,220.8005943097021
2021-02-16,220.61321378526256
2021-02-17,220.64511175705343
2021-02-18,219.7195446461167
2021-02-19,219.11111203574674
2021-02-22,217.46217720241253
2021-02-23,217.75107117039997
2021-02-24,220.02781319077505
2021-02-25,214.77907937989946
2021-02-26,213.83480295016074
2021-03-01,218.92718245730427
2021-03-02,217.1866806717671
2021-03-03,214.23452298374684
2021-03-04,211.4120112885758
2021-03-05,215.44993480346156
2021-03-08,214.07284082702247
2021-03-09,217.73526825266887
2021-03-10,218.96290084235247
2021-03-11,221.32926702460026
2021-03-12,221.4869699238906
2021-03-15,223.01065953664215
2021-03-16,222.82558956757472
2021-03-17,223.40532266298948
2021-03-18,220.04306886541784
2021-03-19,220.0023388553097
2021-03-22,221.77631648948872
2021-03-23,220.34111490029724
2021-03-24,219.06993070577636
2021-03-25,220.1205779729035
2021-03-26,223.6648593625301
2021-03-29,223.69380941966736
2021-03-30,222.92543867309254
2021-03-31,223.91512737304984
2021-04-01,226.55647640724433
2021-04-05,229.95427194484154
2021-04-06,229.75345807477925
2021-04-07,230.0584866319979
2021-04-08,231.10900244863012
2021-04-09,232.8641724387701
2021-04-12,232.8817613260864
2021-04-13,233.6330818720952
2021-04-14,232.74417077086758
2021-04-15,235.28379214431348
2021-04-16,236.14227559863428
2021-04-19,234.9059090228372
2021-04-20,233.30755701124343
2021-04-21,235.52752531787723
2021-04-22,233.36654951957104
2021-04-23,235.9090638730822
2021-04-26,236.32378348837636
2021-04-27,236.29683700909374
2021-04-28,236.15131521727753
2021-04-29,237.8493462650726
2021-04-30,236.19997652524154
2021-05-03,236.81091709740932
2021-05-04,235.18886538616422
2021-05-05,235.33071155478694
2021-05-06,237.29611268881385
2021-05-07,239.0433954325478
2021-05-10,236.3778075588701
2021-05-11,234.43327602695584
2021-05-12,229.36395209237273
2021-05-13,232.14624681118224
2021-05-14,235.7488527719422
2021-05-17,235.12757420470618
2021-05-18,233.19441635374602
2021-05-19,232.5811351023298
2021-05-20,235.10635354215503
2021-05-21,234.85665891318646
2021-05-24,237.31738378008188
2021-05-25,236.8637452519995
2021-05-26,237.3448339139733
2021-05-27,237.65510440670255
2021-05-28,237.79771134630946
2021-06-01,237.6796685750174
2021-06-02,238.00968140858907
2021-06-03,237.04879508640903
2021-06-04,239.2096118075361
2021-06-07,239.04407917570512
2021-06-08,239.09885827921653
2021-06-09,238.65853238998733
2021-06-10,239.79710074437148
2021-06-11,240.3178718172486
2021-06-14,240.85071259253834
2021-06-15,240.32240179866622
2021-06-16,239.02512823608308
2021-06-17,239.03708497873686
2021-06-18,235.89680813684407
2021-06-21,239.23727047646727
2021-06-22,240.4639059181881
2021-06-23,240.25003322196392
2021-06-24,241.65438859268318
2021-06-25,242.53605068146993
2021-06-28,243.07659743987367
2021-06-29,243.1422336154743
2021-06-30,243.53152034755723
2021-07-01,244.7809482524434
2021-07-02,246.6874195322905
2021-07-06,246.23853723283534
2021-07-07,247.02659415781437
2021-07-08,244.94971856580446
2021-07-09,247.7524831272281
2021-07-12,248.654517518456
2021-07-13,247.7609049384541
2021-07-14,248.02765252133503
2021-07-15,247.18690494635356
2021-07-16,245.26795150799416
2021-07-19,241.40051420332398
2021-07-20,245.11599838329226
2021-07-21,247.1804410013419
2021-07-22,247.64263731597075
2021-07-23,250.09241491500248
2021-07-26,250.79124638263613
2021-07-27,249.59738498221273
2021-07-28,249.72517967392474
2021-07-29,250.76917979076995
2021-07-30,249.38619022908162
2021-08-02,248.91914884783816
2021-08-03,250.8585155191034
2021-08-04,249.58021204732657
2021-08-05,251.21072061262595
2021-08-06,251.68182719466907
2021-08-09,251.3479413457421
2021-08-10,251.6993341593485
2021-08-11,252.46669945516282
2021-08-12,253.2095159206172
2021-08-13,253.58246096178956
2021-08-16,254.21997356216858
2021-08-17,252.30679060106362
2021-08-18,249.67015988972406
2021-08-19,249.9007539112524
2021-08-20,251.88713723500217
2021-08-23,254.14617604642368
2021-08-24,254.68294462329794
2021-08-25,255.2477909857994
2021-08-26,253.73067609039362
2021-08-27,256.08891526854654
2021-08-30,257.1997188389312
2021-08-31,256.95257714382575
2021-09-01,257.09057487358467
2021-09-02,257.7612280540163
2021-09-03,257.6800991793807
2021-09-07,256.8658552511019
2021-09-08,256.5574171206337
2021-09-09,255.39801646668744
2021-09-10,253.44616188981934
2021-09-13,254.01261699515072
2021-09-14,252.5851088006648
2021-09-15,254.6908718945392
2021-09-16,254.32267252553825
2021-09-17,252.0121556679363
2021-09-20,247.77000668422687
2021-09-21,247.55922411616572
2021-09-22,249.8646454631917
2021-09-23,252.9056793942564
2021-09-24,253.29753825260508
2021-09-27,252.59792964381575
2021-09-28,247.48438836827782
2021-09-29,247.90411110012582
2021-09-30,245.02024746695423
2021-10-01,247.7958749059106
2021-10-04,244.5409492079036
2021-10-05,247.16968182842822
2021-10-06,248.189675792986
2021-10-07,250.30472374091684
2021-10-08,249.81070841819243
2021-10-11,248.09357813911427
2021-10-12,247.5054742744354
2021-10-13,248.24950591679755
2021-10-14,252.47295310903226
2021-10-15,254.36313425550102
2021-10-18,255.28709486416992
2021-10-19,257.1741144614889
2021-10-20,258.1006911732114
2021-10-21,258.8499095508211
2021-10-22,258.4845005391156
2021-10-25,259.71365309287336
2021-10-26,260.16953261224637
2021-10-27,258.81996969038374
2021-10-28,261.30421415906693
2021-10-29,261.7334392251224
2021-11-01,262.19452460811357
2021-11-02,263.1549567952792
2021-11-03,264.9020496156629
2021-11-04,265.8427853747706
2021-11-05,266.97796178915047
2021-11-08,267.1903574904643
2021-11-09,266.3205665060585
2021-11-10,264.3038465354692
2021-11-11,264.28140732899897
2021-11-12,266.25911261884295
2021-11-15,266.34676937406255
2021-11-16,267.19624950691025
2021-11-17,266.5195792516906
2021-11-18,267.27279839994054
2021-11-19,266.7380795414163
2021-11-22,266.03212098152216
2021-11-23,266.56253483482357
2021-11-24,267.143761905594
2021-11-26,261.2265571899123
2021-11-29,264.3928847360158
2021-11-30,259.285038592481
2021-12-01,256.11965724632495
2021-12-02,259.7708107194801
2021-12-03,257.551325758971
2021-12-06,260.5302057006551
2021-12-07,266.0302401560643
2021-12-08,266.8824418669011
2021-12-09,264.9180841603146
2021-12-10,267.4771697335465
2021-12-13,265.00305306099375
2021-12-14,263.1452811540465
2021-12-15,267.5307652005834
2021-12-16,265.07412727945183
2021-12-17,262.39562441592665
2021-12-20,259.29904084615947
2021-12-21,264.0948846631084
2021-12-22,266.8860378459951
2021-12-23,268.6605851725537
2021-12-27,272.3427187689285
2021-12-28,272.0781036040015
2021-12-29,272.3957582632488
2021-12-30,271.6077941237832
2021-12-31,270.84651634015853
2022-01-03,272.7284259992379
2022-01-04,272.54668876368714
2022-01-05,267.23568260148664
2022-01-06,266.9506740208162
2022-01-07,265.80367957437636
2022-01-10,265.45851272984225
2022-01-11,267.89895412383504
2022-01-12,268.6855055344559
2022-01-13,264.7443533318772
2022-01-14,264.9459294087194
2022-01-18,260.01683742013256
2022-01-19,257.5394905341763
2022-01-20,254.69794496377668
2022-01-21,249.76309955040148
2022-01-24,250.54218217379244
2022-01-25,247.1988778139383
2022-01-26,246.86548629922527
2022-01-27,245.44185000799135
2022-01-28,251.68716826114883
2022-01-31,256.89461123055855
2022-02-01,258.7122623801439
2022-02-02,261.18129996504257
2022-02-03,254.76249780202775
2022-02-04,256.33161470611145
2022-02-07,255.28158399848735
2022-02-08,257.35975956060935
2022-02-09,261.1951562639164
2022-02-10,256.49278632318766
2022-02-11,251.58213472627207
2022-02-14,250.69593881791033
2022-02-15,254.6631197727447
2022-02-16,254.86093532655752
2022-02-17,249.51239652505583
2022-02-18,247.73255683257904
2022-02-22,245.19315313664833
2022-02-23,240.57766659747026
2022-02-24,244.48392212458737
2022-02-25,249.91277858895398
2022-02-28,249.38616441588758
2022-03-01,245.5568622291276
2022-03-02,250.08962790178896
2022-03-03,248.76404225737843
2022-03-04,246.70847264806528
2022-03-07,239.179400163804
2022-03-08,237.58425187404785
2022-03-09,244.01658296543908
2022-03-10,243.06389543925465
2022-03-11,239.85563007773632
2022-03-14,238.07176991741858
2022-03-15,243.3753644423048
2022-03-16,249.0598971955523
2022-03-17,252.1762600049728
2022-03-18,255.19887391906522
2022-03-21,255.0797840915412
2022-03-22,258.1157448221166
2022-03-23,254.95576759009347
2022-03-24,258.62498036619166
2022-03-25,259.90417729235867
2022-03-28,261.8418137917007
2022-03-29,265.11620655602945
2022-03-30,263.46009501217424
2022-03-31,259.3343857269049
2022-04-01,260.26730736467437
2022-04-04,262.4544878431283
2022-04-05,259.1956809044362
2022-04-06,256.59095093105844
2022-04-07,257.64585443959277
2022-04-08,256.87208219047335
2022-04-11,252.4605831259724
2022-04-12,251.62858312625318
2022-04-13,254.64206687551726
2022-04-14,251.4582856931018
2022-04-18,251.46632246793854
2022-04-19,255.61699671440644
2022-04-20,255.24828071342026
2022-04-21,251.45623300127556
2022-04-22,244.4821290891625
2022-04-25,245.9836198514799
2022-04-26,238.76686062864417
2022-04-27,239.19712140310241
2022-04-28,245.44689110493061
2022-04-29,236.36635518403668
2022-05-02,237.93342670071715
2022-05-03,239.03337371728458
2022-05-04,246.24365304778692
2022-05-05,237.18456975294973
2022-05-06,235.68739933580682
2022-05-09,227.9154476892823
2022-05-10,228.66230488567646
2022-05-11,224.56263866999905
2022-05-12,224.32638061766463
2022-05-13,230.1572006601826
2022-05-16,228.90719180761337
2022-05-17,233.68903225435815
2022-05-18,223.98142754347654
2022-05-19,222.73754405073942
2022-05-20,222.61226112255684
2022-05-23,226.80400517581523
2022-05-24,224.39410589794934
2022-05-25,226.76504034265912
2022-05-26,231.6998570504593
2022-05-27,237.83851858111728
2022-05-31,236.67660174730253
2022-06-01,234.91692664585977
2022-06-02,239.34331106902656
2022-06-03,235.39695783437068
2022-06-06,236.17615934519486
2022-06-07,238.36807642337342
2022-06-08,235.84080376449305
2022-06-09,230.2212355273795
2022-06-10,223.5449841692838
2022-06-13,214.82948814495424
2022-06-14,214.20531073399118
2022-06-15,217.44012009769148
2022-06-16,210.35713278706743
2022-06-17,210.9237542277706
2022-06-21,216.1063324765511
2022-06-22,215.7782306985547
2022-06-23,217.7853280918943
2022-06-24,224.55837383421738
2022-06-27,223.91062086684582
2022-06-28,219.40589871352742
2022-06-29,219.22670569270196
2022-06-30,217.27800792192377
2022-07-01,219.60750470578213
2022-07-05,220.11831271240146
2022-07-06,220.89338304866823
2022-07-07,224.2469558431172
2022-07-08,224.0816454446146
2022-07-11,221.49914785137815
2022-07-12,219.50808000134893
2022-07-13,218.5637709057819
2022-07-14,217.9011457913794
2022-07-15,222.08313486426044
2022-07-18,220.25328639433758
2022-07-19,226.33634348350603
2022-07-20,227.6149824528378
2022-07-21,229.8888541074595
2022-07-22,227.80534076309542
2022-07-25,228.15261584972552
2022-07-26,225.47988327902235
2022-07-27,231.41812998622606
2022-07-28,234.26120159750005
2022-07-29,237.592098624181
2022-08-01,236.90531650150035
2022-08-02,235.3281975424547
2022-08-03,238.90466592082498
2022-08-04,238.63321664797368
2022-08-05,238.35680425410482
2022-08-08,238.12779627733684
2022-08-09,237.26949343002028
2022-08-10,242.17558897562185
2022-08-11,242.08973868724902
2022-08-12,246.26723657229942
2022-08-15,247.28490719403632
2022-08-16,247.83968635124597
2022-08-17,246.12854753136088
2022-08-18,246.70434497619016
2022-08-19,243.6631601887986
2022-08-22,238.5558031878392
2022-08-23,237.97840131915243
2022-08-24,238.65674969391287
2022-08-25,242.00163880616358
2022-08-26,233.9373468456226
2022-08-29,232.3946454187334
2022-08-30,229.94415561842519
2022-08-31,228.21900435119719
2022-09-01,228.99775735759437
2022-09-02,226.54440140503613
2022-09-06,225.65184752667037
2022-09-07,229.80288627449693
2022-09-08,231.30965245240566
2022-09-09,234.90801704819614
2022-09-12,237.41613250069886
2022-09-13,227.14993666206578
2022-09-14,227.99645212757778
2022-09-15,225.42674156999487
2022-09-16,223.79964976947787
2022-09-19,225.37470940360123
2022-09-20,222.8606335781102
2022-09-21,219.06525270965884
2022-09-22,217.22491551452046
2022-09-23,213.4543300915449
2022-09-26,211.26816987901873
2022-09-27,210.8327358883925
2022-09-28,215.02964029298587
2022-09-29,210.51248221531347
2022-09-30,207.34712965904373
2022-10-03,212.6249026631589
2022-10-04,219.1251508706682
2022-10-05,218.6460232452458
2022-10-06,216.44264805778872
2022-10-07,210.36548144227564
2022-10-10,208.8732463573747
2022-10-11,207.502823782265
2022-10-12,206.8322378234131
2022-10-13,212.15127500327625
2022-10-14,207.09897106032977
2022-10-17,212.70347139128438
2022-10-18,215.17767723466912
2022-10-19,213.72974568839456
2022-10-20,211.99123534729594
2022-10-21,216.97413086169718
2022-10-24,219.4934206851996
2022-10-25,223.2053823476267
2022-10-26,221.5631687323586
2022-10-27,219.99264469955747
2022-10-28,225.4196413294993
2022-10-31,223.68207609802613
2022-11-01,222.71385053404123
2022-11-02,217.11818299965935
2022-11-03,214.74562941809054
2022-11-04,217.6887146204456
2022-11-07,219.74861261312864
2022-11-08,220.90955510399806
2022-11-09,216.27508587715786
2022-11-10,228.4208621786285
2022-11-11,230.5533930489614
2022-11-14,228.54878273565038
2022-11-15,230.61714626390017
2022-11-16,228.8893708901309
2022-11-17,228.25794376941397
2022-11-18,229.33156398381
2022-11-21,228.34177142898665
2022-11-22,231.41227938651105
2022-11-23,232.92263675965373
2022-11-25,232.8709457122075
2022-11-28,229.38914508509706
2022-11-29,228.97368099203428
2022-11-30,236.19012940780055
2022-12-01,236.0546732240961
2022-12-02,235.8138176367801
2022-12-05,231.55442023800384
2022-12-06,228.1996475317129
2022-12-07,227.72145717076353
2022-12-08,229.4189275850531
2022-12-09,227.76407806020984
2022-12-12,230.9702959894253
2022-12-13,232.59817881997685
2022-12-14,231.21447906795075
2022-12-15,225.50196293711565
2022-12-16,223.01119668354386
2022-12-19,221.00150100193008
2022-12-20,221.18230110521188
2022-12-21,224.4912270367994
2022-12-22,221.13640509137358
2022-12-23,222.43087536195418
2022-12-27,221.32588981187473
2022-12-28,218.7162946007445
2022-12-29,222.74213204624675
2022-12-30,222.2433886696095
2023-01-03,221.22509079389954
2023-01-04,222.9838577204111
2023-01-05,220.39951893093732
2023-01-06,225.45902665614759
2023-01-09,225.54173547928036
2023-01-10,227.06438450561453
2023-01-11,230.14141271351903
2023-01-12,230.90628744388056
2023-01-13,231.8490945801856
2023-01-17,231.51412162315432
2023-01-18,227.92810281363637
2023-01-19,226.2452076513183
2023-01-20,230.55521625776356
2023-01-23,233.33798375345054
2023-01-24,233.21788235781253
2023-01-25,233.16120161373294
2023-01-26,235.7939815553869
2023-01-27,236.54054677521356
2023-01-30,233.56355166221977
2023-01-31,237.02522061593007
2023-02-01,239.50329079108877
2023-02-02,243.00046451204992
2023-02-03,240.63161832690534
2023-02-06,239.18805962026096
2023-02-07,242.19635623788696
2023-02-08,239.532463052229
2023-02-09,237.4743474786746
2023-02-10,238.14493964323484
2023-02-13,240.89484182698672
2023-02-14,240.83293892456342
2023-02-15,241.5896452066061
2023-02-16,238.34920440192641
2023-02-17,237.80315797562238
2023-02-21,233.12223174368108
2023-02-22,232.7750959357168
2023-02-23,233.90772474493056
2023-02-24,231.47865504590072
2023-02-27,232.17086915096152
2023-02-28,231.50949500378763
2023-03-01,230.4057165971538
2023-03-02,232.12195494085387
2023-03-03,235.92617788409262
2023-03-06,236.12369648259147
2023-03-07,232.52564826745507
2023-03-08,232.83676441512583
2023-03-09,228.54503038915152
2023-03-10,225.272891245863
2023-03-13,224.90224973010814
2023-03-14,228.7727520814364
2023-03-15,227.12963401490885
2023-03-16,231.02688660335107
2023-03-17,228.3751414539694
2023-03-20,230.56275817849456
2023-03-21,233.75881146606758
2023-03-22,229.8403007635891
2023-03-23,230.3801622049422
2023-03-24,231.65232790394253
2023-03-27,232.27829137170355
2023-03-28,231.83821754126754
2023-03-29,235.13655353886227
2023-03-30,236.43103406792576
2023-03-31,239.8951925480772
2023-04-03,240.75149163345952
2023-04-04,239.4140447552053
2023-04-05,238.79260630525505
2023-04-06,239.73314579054383
2023-04-10,239.97807220803898
2023-04-11,239.96431321551427
2023-04-12,238.95025621495557
2023-04-13,242.22765222376802
2023-04-14,241.77645842055247
2023-04-17,242.61181093078628
2023-04-18,242.80293972547517
2023-04-19,242.7537295371377
2023-04-20,241.2975552030205
2023-04-21,241.56293084394176
2023-04-24,241.72119960722532
2023-04-25,237.88899811998542
2023-04-26,236.99409503421867
2023-04-27,241.72401901563887
2023-04-28,243.74447308707684
2023-05-01,243.64190463078015
2023-05-02,240.78906548552771
2023-05-03,239.1002712215317
2023-05-04,237.42244293628178
2023-05-05,241.91282102548433
2023-05-08,242.0579971667415
2023-05-09,240.95923057633374
2023-05-10,242.01885536879135
2023-05-11,241.70348434394793
2023-05-12,241.3663368136179
2023-05-15,242.15124033079329
2023-05-16,240.52175629095024
2023-05-17,243.5158876924376
2023-05-18,245.81207881079607
2023-05-19,245.49643437944624
2023-05-22,245.61206635151146
2023-05-23,242.91580569040215
2023-05-24,241.09542901448506
2023-05-25,242.91973844596095
2023-05-26,245.9911826496078
2023-05-30,245.96563036878084
2023-05-31,244.6984266922965
2023-06-01,247.15990638928685
2023-06-02,250.73787211532846
2023-06-05,250.27648720035626
2023-06-06,250.8947418712526
2023-06-07,249.86179778165902
2023-06-08,251.50301896645294
2023-06-09,251.81057013822488
2023-06-12,254.20763288001928
2023-06-13,255.9095997907068
2023-06-14,256.24591457988464
2023-06-15,259.449911385902
2023-06-16,258.48237540029083
2023-06-20,257.2407347071204
2023-06-21,255.97620187396015
2023-06-22,257.01200403697266
2023-06-23,255.0871394019077
2023-06-26,253.94951924059959
2023-06-27,256.7989599035085
2023-06-28,256.7253350456497
2023-06-29,257.88587385928287
2023-06-30,261.0302464431492
2023-07-03,261.3997007999571
2023-07-05,260.94861560077817
2023-07-06,258.91510079023084
2023-07-07,258.1956470361671
2023-07-10,258.79443033838095
2023-07-11,260.51231921450955
2023-07-12,262.44817053847356
2023-07-13,264.7020897648705
2023-07-14,264.53151418008866
2023-07-17,265.4986135775995
2023-07-18,267.32098709881694
2023-07-19,267.9664867370804
2023-07-20,266.2748202533135
2023-07-21,266.38713216010547
2023-07-24,267.4667790906608
2023-07-25,268.17370428862694
2023-07-26,268.20737092857473
2023-07-27,266.5204262138995
2023-07-28,269.21413356234734
2023-07-31,269.65071877416517
2023-08-01,268.92932948470286
2023-08-02,265.23349933872055
2023-08-03,264.6174810846465
2023-08-04,263.27939743675785
2023-08-07,265.65696075334
2023-08-08,264.60329694922007
2023-08-09,262.7314502545387
2023-08-10,262.84148108521254
2023-08-11,262.5592186245941
2023-08-14,264.1394554894616
2023-08-15,261.106260841769
2023-08-16,259.1410276373827
2023-08-17,257.12834636196754
2023-08-18,257.07778267142726
2023-08-21,258.9512433642358
2023-08-22,258.2782935388679
2023-08-23,261.1681174045511
2023-08-24,257.5976205488361
2023-08-25,259.41877572698326
2023-08-28,261.07450235205124
2023-08-29,264.9737035902274
2023-08-30,266.03001808921675
2023-08-31,265.6608305246718
2023-09-01,266.1104607996767
2023-09-05,265.05881947161834
2023-09-06,263.23044368881835
2023-09-07,262.48015352454155
2023-09-08,262.87740851418863
2023-09-11,264.75179336958126
2023-09-12,263.13962028791127
2023-09-13,263.52015922284573
2023-09-14,265.79614547403895
2023-09-15,262.6366908942796
2023-09-18,262.8246499610473
2023-09-19,262.2869083365742
2023-09-20,259.81956010106046
2023-09-21,255.48235871245012
2023-09-22,254.89903798841863
2023-09-25,255.92193027586663
2023-09-26,252.17238963562463
2023-09-27,252.21386790388016
2023-09-28,253.75021151497808
2023-09-29,253.14470600808693
2023-10-02,253.22231427695263
2023-10-03,249.78963604909285
2023-10-04,251.89420603332564
2023-10-05,251.60607964572085
2023-10-06,254.5782166998893
2023-10-09,256.15034151501385
2023-10-10,257.54824809878716
2023-10-11,258.6466463046801
2023-10-12,256.99386993455795
2023-10-13,255.71877770713434
2023-10-16,258.4563883926311
2023-10-17,258.45449976650536
2023-10-18,254.92727982415929
2023-10-19,252.84279443276594
2023-10-20,249.61948389169734
2023-10-23,249.272329971046
2023-10-24,251.13371284030887
2023-10-25,247.44175199618294
2023-10-26,244.5520073632531
2023-10-27,243.4889729594924
2023-10-30,246.3579506868266
2023-10-31,248.02444152507493
2023-11-01,250.63642429599832
2023-11-02,255.3871576351243
2023-11-03,257.74034515540455
2023-11-06,258.22314961709367
2023-11-07,258.9773989113202
2023-11-08,259.2446593961536
2023-11-09,257.1886291041373
2023-11-10,261.1490956073082
2023-11-13,261.0068624044487
2023-11-14,265.9902572570603
2023-11-15,266.4856000120601
2023-11-16,266.70654697133665
2023-11-17,267.10514538404266
2023-11-20,269.0367405966648
2023-11-21,268.5615741364472
2023-11-22,269.709165080609
2023-11-24,269.91103290426076
2023-11-27,269.3533932665112
2023-11-28,269.6417558390833
2023-11-29,269.3551712750037
2023-11-30,270.47410293020965
2023-12-01,272.0639082350431
2023-12-04,270.57920295707834
2023-12-05,270.4899032575658
2023-12-06,269.41283317214834
2023-12-07,271.657475609875
2023-12-08,272.7580797716102
2023-12-11,273.7790452741348
2023-12-12,274.92439327617944
2023-12-13,278.64234614230816
2023-12-14,279.2790350483724
2023-12-15,279.33681839112273
2023-12-18,280.7351543276667
2023-12-19,282.4072591068655
2023-12-20,278.3679064474721
2023-12-21,281.2094409610375
2023-12-22,281.66803284937504
2023-12-26,282.7960349146161
2023-12-27,283.2165539945091
2023-12-28,283.36797622623175
2023-12-29,282.6220643549502
2024-01-02,281.15800214724186
2024-01-03,279.03943508125457
2024-01-04,278.0468743940193
2024-01-05,278.50337724785527
2024-01-08,282.4489038721214
2024-01-09,282.0453994863248
2024-01-10,283.63480257328627
2024-01-11,283.4111051725796
2024-01-12,283.6653532778345
2024-01-16,282.4979362031764
2024-01-17,280.9357950101145
2024-01-18,283.3959337886333
2024-01-19,286.69873061821846
2024-01-22,287.3167935071574
2024-01-23,288.2555994965685
2024-01-24,288.4010291978562
2024-01-25,289.72821592241235
2024-01-26,289.71622025175424
2024-01-29,291.8666585104134
2024-01-30,291.70126701878127
2024-01-31,287.0835933739527
2024-02-01,290.7214696885808
2024-02-02,293.9665752805745
2024-02-05,293.0455145333245
2024-02-06,293.79642389526697
2024-02-07,296.16600984258343
2024-02-08,296.35983655203984
2024-02-09,298.0357669163098
2024-02-12,297.81998810564943
2024-02-13,293.791355818137
2024-02-14,296.5340728130852
2024-02-15,298.40929736032
2024-02-16,296.9977486127553
2024-02-20,295.39727453204154
2024-02-21,295.86081085721275
2024-02-22,301.90236244503006
2024-02-23,302.04453139137723
2024-02-26,300.8446484177186
2024-02-27,301.40683710607976
2024-02-28,300.97002627246184
2024-02-29,302.5071406414757
2024-03-01,304.9115861875833
2024-03-04,304.4552324857824
2024-03-05,301.3619715221299
2024-03-06,302.80591277355944
2024-03-07,305.8883425888578
2024-03-08,304.12398169392634
2024-03-11,303.850834686696
2024-03-12,307.2865800740782
2024-03-13,306.7233551614916
2024-03-14,305.99525786678146
2024-03-15,304.0124240633194
2024-03-18,306.0903204359585
2024-03-19,307.8275057014243
2024-03-20,310.65303773612334
2024-03-21,311.4980153759022
2024-03-22,310.99888076020306
2024-03-25,309.97347755038777
2024-03-26,309.20518160222514
2024-03-27,311.9961386479833
2024-03-28,312.2906671590107
2024-04-01,311.64516804976745
2024-04-02,309.3589853039671
2024-04-03,309.77694088379724
2024-04-04,306.13405231942704
2024-04-05,309.44652471451866
2024-04-08,309.4033862094207
2024-04-09,309.96605861534306
2024-04-10,306.98602408513733
2024-04-11,309.2628573895248
2024-04-12,304.9117246393723
2024-04-15,301.27208233631814
2024-04-16,300.57786598029355
2024-04-17,298.9291382264266
2024-04-18,298.23045603684113
2024-04-19,295.81080457454294
2024-04-22,298.32001605485243
2024-04-23,301.85758702311495
2024-04-24,302.1132688680509
2024-04-25,300.7189790140869
2024-04-26,303.6446642872733
2024-04-29,304.7828359826159
2024-04-30,300.0591722813988
2024-05-01,299.0786267616604
2024-05-02,301.82944385647147
2024-05-03,305.5435601583443
2024-05-06,308.7158533938649
2024-05-07,309.235405904332
2024-05-08,309.1765293016531
2024-05-09,310.77002490140046
2024-05-10,311.291656853483
2024-05-13,311.23753825330493
2024-05-14,312.779607121873
2024-05-15,316.37384055096203
2024-05-16,315.95866940221174
2024-05-17,316.4033979551044
2024-05-20,316.64329735760936
2024-05-21,317.4639986573535
2024-05-22,316.5879530340533
2024-05-23,314.12573774763865
2024-05-24,316.230987844854
2024-05-28,316.03151748587777
2024-05-29,313.70182685533126
2024-05-30,312.13306955991834
2024-05-31,314.83191030256256
2024-06-03,315.2582305023117
2024-06-04,315.7633032525651
2024-06-05,319.40431318505904
2024-06-06,319.4305295025542
2024-06-07,319.1389330220219
2024-06-10,319.96020383183213
2024-06-11,320.8245767205277
2024-06-12,323.44781191708967
2024-06-13,324.0380852125319
2024-06-14,323.88487544135376
2024-06-17,326.40797359620666
2024-06-18,327.1089231198512
2024-06-20,326.660308139628
2024-06-21,326.41599486145003
2024-06-24,325.78904113944816
2024-06-25,326.8827736758948
2024-06-26,327.4148992479364
2024-06-27,327.7482415349524
2024-06-28,326.42738969723854
2024-07-01,327.1905188174217
2024-07-02,329.262515539274
2024-07-03,330.7398069984529
2024-07-05,332.674236535368
2024-07-08,332.90430901406006
2024-07-09,333.07730165095904
2024-07-10,336.3990886187682
2024-07-11,334.08334934379627
2024-07-12,335.85119917548457
2024-07-15,336.76619655914277
2024-07-16,339.0670397866777
2024-07-17,334.76579988300017
2024-07-18,332.12860784110615
2024-07-19,329.93754547307964
2024-07-22,333.48854725555066
2024-07-23,333.0243290111541
2024-07-24,325.60024950944967
2024-07-25,323.8220677681613
2024-07-26,327.4134786739091
2024-07-29,327.78273799177293
2024-07-30,326.19033089356316
2024-07-31,331.634709335719
2024-08-01,327.2711970972783
2024-08-02,321.06021442421286
2024-08-05,311.42335739764854
2024-08-06,314.65187366943974
2024-08-07,312.1598250443039
2024-08-08,319.5620635450263
2024-08-09,321.1475556813782
2024-08-12,321.21867820275037
2024-08-13,326.7019879648955
2024-08-14,327.8822834581389
2024-08-15,333.47976478534076
2024-08-16,334.2305500013083
2024-08-19,337.46779965002366
2024-08-20,336.87058160697336
2024-08-21,338.2924669748353
2024-08-22,335.3178597245822
2024-08-23,339.1534755634086
2024-08-26,338.1256470090741
2024-08-27,338.5850622893004
2024-08-28,336.56214814421486
2024-08-29,336.72904128147474
2024-08-30,340.2965565288534
2024-09-03,333.17649591335066
2024-09-04,332.6005138623973
2024-09-05,331.7820434929162
2024-09-06,325.8604479655598
2024-09-09,329.69196414011606
2024-09-10,331.3513290246027
2024-09-11,335.1171711924743
2024-09-12,337.69627482681983
2024-09-13,339.6375091640884
2024-09-16,340.1781108420695
2024-09-17,340.3653367815834
2024-09-18,339.4340453576396
2024-09-19,345.3135220230372
2024-09-20,344.67531414896916
2024-09-23,345.64757965293677
2024-09-24,346.53238031731166
2024-09-25,345.83604887845183
2024-09-26,347.3258337881184
2024-09-27,347.0439738165195
2024-09-30,348.53120219779504
2024-10-01,345.42546687423084
2024-10-02,345.4299812974385
2024-10-03,344.78991468385266
2024-10-04,348.0235534528376
2024-10-07,344.56725405635007
2024-10-08,347.8942791509392
2024-10-09,350.37755560393333
2024-10-10,349.6384255823844
2024-10-11,351.7352923956609
2024-10-14,354.3569898909329
2024-10-15,352.0250626941395
2024-10-16,353.5920251682855
2024-10-17,353.4886813388922
2024-10-18,354.87879979452924
2024-10-21,354.04911067245047
2024-10-22,353.92820536652766
2024-10-23,350.7921530840843
2024-10-24,351.9086563856167
2024-10-25,351.791982357875
2024-10-28,352.7678566023563
2024-10-29,353.31772451542196
2024-10-30,352.2678494633585
2024-10-31,345.89042154296027
2024-11-01,347.39340877128063
2024-11-04,346.3942691324931
2024-11-05,350.64935367331867
2024-11-06,359.55077600466944
2024-11-07,362.33449777786564
2024-11-08,363.83222601179057
2024-11-11,364.1642337236496
2024-11-12,363.1777181280351
2024-11-13,363.2820913063925
2024-11-14,361.10142792073486
2024-11-15,356.3511345068217
2024-11-18,357.8167485002231
2024-11-19,359.2497402413477
2024-11-20,359.39424780653485
2024-11-21,361.2958011083826
2024-11-22,362.58304509633325
2024-11-25,363.9127298427401
2024-11-26,366.1515638534327
2024-11-27,364.8048600556619
2024-11-29,366.8919442853318
2024-12-02,367.8871614279189
2024-12-03,368.08359241323194
2024-12-04,370.24452590840144
2024-12-05,369.5230059911228
2024-12-06,370.4569677363549
2024-12-09,368.2677793305749
2024-12-10,367.2365112642925
2024-12-11,370.0693863416217
2024-12-12,368.06175361194437
2024-12-13,367.92337968358123
2024-12-16,368.8073920426641
2024-12-17,367.3179241360885
2024-12-18,357.00550202108184
2024-12-19,356.6465144637381
2024-12-20,360.6027744788077
2024-12-23,363.1800903923231
2024-12-24,366.88856786604146
2024-12-26,366.8016516655039
2024-12-27,363.06386307045085
2024-12-30,359.2939564432109
2024-12-31,358.06124519426237
2025-01-02,357.25734661615104
2025-01-03,361.7868595382746
2025-01-06,363.7206378502255
2025-01-07,359.83485125293106
2025-01-08,360.45499712501794
2025-01-10,354.99539982484623
2025-01-13,355.5346989889156
2025-01-14,355.856931771777
2025-01-15,362.46020121636406
2025-01-16,361.7139948721947
2025-01-17,365.3026725996699
2025-01-21,368.4946862459988
2025-01-22,370.75552681333085
2025-01-23,372.68962796626533
2025-01-24,371.85468281579244
2025-01-27,367.1311451930745
2025-01-28,370.8552361612149
2025-01-29,369.18125813388
2025-01-30,371.3959702321969
2025-01-31,369.59443328472526
2025-02-03,366.88647708153354
2025-02-04,369.59398316010953
2025-02-05,370.9008033622347
2025-02-06,372.2447432953397
2025-02-07,368.6262327816859
2025-02-10,371.0533098472144
2025-02-11,371.0487023590062
2025-02-12,370.05843039478975
2025-02-13,373.98855193146215
2025-02-14,373.9826058335843
2025-02-18,374.84638662802297
2025-02-19,375.85467116910786
2025-02-20,373.9990858013571
2025-02-21,367.53342630665054
2025-02-24,365.7638295461816
2025-02-25,364.0069970278562
2025-02-26,364.07287918706993
2025-02-27,358.37520633969774
2025-02-28,364.1151387067531
2025-03-03,357.8474742419874
2025-03-04,353.38864260944433
2025-03-05,357.4057540115723
2025-03-06,350.8681881946182
2025-03-07,352.69781928917143
2025-03-10,342.91123337519855
2025-03-11,340.6084187566726
2025-03-12,342.57966954734746
2025-03-13,337.7030073318685
2025-03-14,344.97019127659075
2025-03-17,347.2379582142036
2025-03-18,343.40380415152816
2025-03-19,347.25613665465556
2025-03-20,346.537485642438
2025-03-21,346.9764528918721
2025-03-24,353.39503392421665
2025-03-25,353.967306857845
2025-03-26,350.02554703068955
2025-03-27,348.8454575844527
2025-03-28,341.80945349593037
2025-03-31,343.6959294732627
2025-04-01,345.0618414103744
2025-04-02,347.4662482065591
2025-04-03,330.7588488331439
2025-04-04,310.9766904789793
2025-04-07,310.4248248794964
2025-04-08,305.42493916807837
2025-04-09,334.9403704785522
2025-04-10,323.4468523860742
2025-04-11,329.24511311049844
2025-04-14,332.00425408079553
2025-04-15,331.4143913859236
2025-04-16,324.0650350094546
2025-04-17,324.9277544919196
2025-04-21,317.23983794373044
2025-04-22,325.31644857590106
2025-04-23,330.8685760780811
2025-04-24,337.5605105547109
2025-04-25,339.88107813920067
2025-04-28,340.1975039450996
2025-04-29,342.17756864950616
2025-04-30,342.6531065374049
2025-05-01,344.7606667387088
2025-05-02,349.92173387546325
2025-05-05,347.66811919248386
2025-05-06,344.93961216963686
2025-05-07,346.3507947675037
2025-05-08,348.28825568076894
2025-05-09,348.031328773956
2025-05-12,359.30631412500867
2025-05-13,361.56482634480864
2025-05-14,361.7013152547945
2025-05-15,363.4237304689743
2025-05-16,366.2840690115731
2025-05-19,366.70215753294775
2025-05-20,365.27982599944585
2025-05-21,359.450699345552
2025-05-22,359.1946607795296
2025-05-23,356.90114878467404
2025-05-27,364.0273370624663
2025-05-28,362.03593510182867
2025-05-29,363.3527307338397
2025-05-30,363.69160353155746
2025-06-02,365.0961615084589
2025-06-03,366.9531223293596
2025-06-04,366.939116747334
2025-06-05,365.0628603552116
2025-06-06,369.0198524975467
2025-06-09,369.3126419483484
2025-06-10,371.4701653367485
2025-06-11,370.3226116498436
2025-06-12,371.7659730282651
2025-06-13,367.84530042861894
2025-06-16,371.0488317919078
2025-06-17,367.85282416107776
2025-06-18,367.5983553957157
2025-06-20,366.8704154087233
2025-06-23,370.4112797730878
2025-06-24,374.27281315902746
2025-06-25,373.8707162708782
2025-06-26,376.6362158744596
2025-06-27,378.6951444588267
2025-06-30,380.6980359734461
2025-07-01,380.29699664514476
2025-07-02,382.15767407387233
2025-07-03,385.4634479330837
2025-07-07,382.4580592899937
2025-07-08,382.0973466200252
2025-07-09,384.389691562929
2025-07-10,385.42907149427873
2025-07-11,384.13391590256646
2025-07-14,384.81148025501676
2025-07-15,383.2034431124495
2025-07-16,384.4741070315913
2025-07-17,386.44132896312675
2025-07-18,386.5020876712193
2025-07-21,387.12873521192785
2025-07-22,387.4428643534508
2025-07-23,390.4330105233993
2025-07-24,390.71461868930453
2025-07-25,392.3162198040948
2025-07-28,392.31888992040643
2025-07-29,391.1486473188089
2025-07-30,390.5422311597704
2025-07-31,389.34984489975506
2025-08-01,383.05205762062536
2025-08-04,388.7036121231214
2025-08-05,386.94625112273155
2025-08-06,389.95199395534945
2025-08-07,389.4119899195997
2025-08-08,392.359804789703
2025-08-11,391.5199116173153
2025-08-12,395.96853060903504
2025-08-13,397.19754022810474
2025-08-14,397.4483943248006
2025-08-15,396.5057181570197
2025-08-18,396.52497893905513
2025-08-19,394.14656789275347
2025-08-20,393.26007424035566
2025-08-21,391.6369511947672
2025-08-22,397.6298462357453
2025-08-25,395.9311631480708
2025-08-26,397.59916883561414
2025-08-27,398.549932196775
2025-08-28,399.8852594676747
2025-08-29,397.2703633041337
2025-09-02,394.60642317131953
2025-09-03,396.53794172651436
2025-09-04,399.955598215152
2025-09-05,398.70130113794426
2025-09-08,399.6758651848379
2025-09-09,400.91808594928233
2025-09-10,402.7964666903818
2025-09-11,406.21221418234296
2025-09-12,405.8921152032749
2025-09-15,407.8200529954943
2025-09-16,407.38124530997624
2025-09-17,407.0847172652416
2025-09-18,409.01547075847475
2025-09-19,410.904103100674
2025-09-22,412.6747834000759
2025-09-23,410.25448917159866
2025-09-24,409.1264968110399
2025-09-25,406.9068532411076
2025-09-26,409.23674998027514
2025-09-29,410.32119381329727
2025-09-30,411.90421343715275
2025-10-01,413.3498539221551
2025-10-02,413.5388734483028
2025-10-03,413.5399688189333
2025-10-06,415.1705623082325
2025-10-07,413.59772786200017
2025-10-08,415.91769880626873
2025-10-09,414.80051448960575
2025-10-10,403.8594405356695
2025-10-13,410.2238984865496
2025-10-14,409.8455650475817
2025-10-15,411.55612746670266
2025-10-16,408.94092637589966
2025-10-17,411.09393567865754
2025-10-20,415.2893727990281
2025-10-21,415.30544072122876
2025-10-22,413.24378778572475
2025-10-23,415.66890025341746
2025-10-24,418.8630825598854
2025-10-27,423.8962972300302
2025-10-28,424.637555572702
2025-10-29,424.21500226409387
2025-10-30,419.9467083556551
2025-10-31,421.23307406696205
2025-11-03,421.98488537899686
2025-11-04,417.0961725217084
2025-11-05,418.75291207978245
2025-11-06,413.9741730867533
2025-11-07,414.4755251074667
2025-11-10,420.99578726566585
2025-11-11,421.80493212260933
2025-11-12,421.89031529432606
2025-11-13,414.71245587891855
2025-11-14,414.6918012384565
2025-11-17,410.98149058332933
2025-11-18,407.4938906472335
2025-11-19,409.1710138899931
2025-11-20,402.7870375866421
2025-11-21,406.5196332917284
2025-11-24,413.1576396604523
2025-11-25,416.8270136377006
2025-11-26,419.9723000833424
2025-11-28,422.28678718113997
2025-12-01,420.278818790934
2025-12-02,421.42552525524786
2025-12-03,422.84761759300477
2025-12-04,423.6263340388931
2025-12-05,424.55435016155894
2025-12-08,423.12475759516417
2025-12-09,422.8189963359331
2025-12-10,425.4360010748886
2025-12-11,426.099024264428
2025-12-12,421.6960146476132
2025-12-15,421.02291568221045
2025-12-16,420.3126468652109
2025-12-17,415.1845978064239
2025-12-18,418.6534594524628
2025-12-19,422.6046061902435
2025-12-22,425.3535209258986
2025-12-23,427.28729815631425
2025-12-24,428.630440923261
2025-12-26,428.5590774761738
2025-12-29,427.0736584059207
2025-12-30,426.555588806455
2025-12-31,423.44608174918756
2026-01-02,424.27569195996364
2026-01-05,426.995821519629
2026-01-06,429.57063952777503
2026-01-07,428.2032120387758
2026-01-08,428.3757452252922
2026-01-09,431.1704495101492
2026-01-12,431.96508663605846
2026-01-13,431.1131605538917
2026-01-14,428.67819496947624
2026-01-15,429.57237059123935
2026-01-16,429.1960867818948
2026-01-20,420.2406461638867
2026-01-21,424.7900694784983
2026-01-22,427.4221733066126
2026-01-23,427.7000383201296
2026-01-26,430.0153043697845
2026-01-27,431.428665631778
2026-01-28,431.1464500533234
2026-01-29,430.6392523177623
2026-01-30,429.17955357119143
2026-02-02,431.3206631952008
2026-02-03,427.3048209421377
2026-02-04,425.3685742239395
2026-02-05,419.540800352134
2026-02-06,427.8693856048068
2026-02-09,430.3369971574323
2026-02-10,428.99485518277965
2026-02-11,428.1911539896722
2026-02-12,421.430977498411
2026-02-13,421.75656522768526
2026-02-17,422.1698636498498
2026-02-18,424.6931812240324
2026-02-19,423.4246460752938
2026-02-20,426.2670539535738
2026-02-23,421.05914671094564
2026-02-24,424.49729236658294
2026-02-25,428.4829578102755
2026-02-26,426.82768164358436
2026-02-27,424.95274108618855
2026-03-02,425.1786482932899
2026-03-03,421.91685081997167
2026-03-04,425.4527877035502
2026-03-05,423.7695815470837
2026-03-06,418.421184916654
2026-03-09,421.6956976450051
2026-03-10,420.5425651406116
2026-03-11,420.15977179131914
2026-03-12,413.6449913302836
2026-03-13,411.0862065819092
2026-03-16,415.2655833066584
2026-03-17,416.30888931911096
2026-03-18,410.40006472071263
2026-03-19,409.16106504786393
2026-03-20,403.2105053653518
2026-03-23,408.0718436979212
2026-03-24,405.63740662078277
2026-03-25,407.8758475758782
2026-03-26,400.9893558852755
2026-03-27,393.6074693786673
2026-03-30,392.7637572724838
2026-03-31,404.6418023038695
2026-04-01,407.6492341527456
2026-04-02,407.9769021136153
2026-04-06,409.7735045669206
2026-04-07,409.919044174797
2026-04-08,420.014906171438
2026-04-09,422.41775927108705
2026-04-10,421.6718471309867
2026-04-13,426.09237326113976
2026-04-14,431.0168198459528
2026-04-15,434.6809522800623
2026-04-16,435.8759716672776
2026-04-17,440.9833867374918
2026-04-20,440.0183805745328
2026-04-21,437.1565417602103
2026-04-22,441.27968573499504
2026-04-23,439.52456585484464
2026-04-24,442.2366353531162
2026-04-27,442.54922003355114
2026-04-28,440.9944127705371
2026-04-29,440.57457738368225
2026-04-30,445.39501228653336
2026-05-01,446.7874705207917
2026-05-04,445.0929267047092
2026-05-05,448.58596569003697
2026-05-06,455.0287757840129
2026-05-07,453.5120066434623
2026-05-08,456.98402240830643
2026-05-11,457.2830200277537
2026-05-12,457.0181622036793
2026-05-13,459.54715449264046
2026-05-14,463.01907401515103
2026-05-15,457.7801530371839
2026-05-18,457.83509497689397
2026-05-19,454.6774048018506
2026-05-20,459.5019156619465
2026-05-21,460.09235929488796
2026-05-22,461.8183410741832
2026-05-26,464.1269632663175
2026-05-27,464.3275725137252
2026-05-28,466.9247592845474
2026-05-29,467.48713558860476
2026-06-01,467.9562105521895
2026-06-02,468.0093394711792
2026-06-03,464.78472520030857
2026-06-04,467.8966233396294
2026-06-05,457.1497178193723
2026-06-08,458.10192352420427
2026-06-09,457.2994929283646
