date,b1_equalweight
2016-01-04,100.0
2016-01-05,100.18227097825381
2016-01-06,98.354876366686
2016-01-07,96.15465968105133
2016-01-08,95.04032685701489
2016-01-11,94.66155402776862
2016-01-12,95.1145334375137
2016-01-13,92.65999856906858
2016-01-14,94.0232278482703
2016-01-15,92.16802597856221
2016-01-19,91.80852859190391
2016-01-20,90.93608792692415
2016-01-21,91.76958967924247
2016-01-22,93.60812227227653
2016-01-25,91.75304390038823
2016-01-26,93.49234513727282
2016-01-27,92.79725273193438
2016-01-28,92.90585356990675
2016-01-29,95.51755045839607
2016-02-01,95.5836916755166
2016-02-02,93.4556855873146
2016-02-03,94.40322627131837
2016-02-04,94.97889034211325
2016-02-05,93.27432716075434
2016-02-08,91.19359035522166
2016-02-09,90.92304199648437
2016-02-10,91.03607493212742
2016-02-11,89.73963185830118
2016-02-12,91.78445809050649
2016-02-16,93.73186017156874
2016-02-17,95.61776256790493
2016-02-18,95.29524980608828
2016-02-19,95.0962405831954
2016-02-22,96.87633565736212
2016-02-23,95.65715910980522
2016-02-24,96.26072063402297
2016-02-25,97.3251396875456
2016-02-26,97.60184998786333
2016-02-29,96.92266151518037
2016-03-01,99.14116648302932
2016-03-02,99.9478225719023
2016-03-03,100.94719114317617
2016-03-04,101.5008916011422
2016-03-07,102.00852092717439
2016-03-08,100.23167128062441
2016-03-09,100.80284515486568
2016-03-10,100.90342222324624
2016-03-11,102.99760236316078
2016-03-14,102.79952627794262
2016-03-15,102.17015529325775
2016-03-16,103.1404895239719
2016-03-17,104.08083456432364
2016-03-18,104.65776445320296
2016-03-21,104.6301422264304
2016-03-22,104.54943355295337
2016-03-23,103.47381239551072
2016-03-24,103.3819453251621
2016-03-28,103.55263528140603
2016-03-29,104.54415310361455
2016-03-30,104.8885732487896
2016-03-31,104.9202751283453
2016-04-01,105.30855569643687
2016-04-04,104.69898187969501
2016-04-05,103.51206380761685
2016-04-06,104.6045903204544
2016-04-07,103.29847469658048
2016-04-08,103.75198970730908
2016-04-11,103.60827767113557
2016-04-12,104.7236626628238
2016-04-13,106.07853344544029
2016-04-14,105.87694668458751
2016-04-15,105.8902772249812
2016-04-18,106.61244567665538
2016-04-19,107.11222056234814
2016-04-20,107.2589928246481
2016-04-21,106.60340389499281
2016-04-22,107.24758001723059
2016-04-25,106.77952277209423
2016-04-26,107.49176039268042
2016-04-27,108.13534214404491
2016-04-28,106.93977930209687
2016-04-29,106.17494467139083
2016-05-02,106.88681186795625
2016-05-03,105.75322241921107
2016-05-04,105.04226685175433
2016-05-05,105.031213306563
2016-05-06,105.28386094062293
2016-05-09,105.242536516017
2016-05-10,106.57745857855058
2016-05-11,105.45644550711759
2016-05-12,105.26243792083207
2016-05-13,104.35249741834365
2016-05-16,105.37031750781436
2016-05-17,104.7094299593346
2016-05-18,104.48912298143789
2016-05-19,104.12502713961064
2016-05-20,104.97628849797995
2016-05-23,104.80726221023588
2016-05-24,106.24872268392464
2016-05-25,107.0718009041132
2016-05-26,106.98898480261424
2016-05-27,107.53942990115772
2016-05-31,107.6592209169491
2016-06-01,107.88049875375584
2016-06-02,108.36482908041707
2016-06-03,107.9922005850484
2016-06-06,108.72064013412488
2016-06-07,109.07768837932902
2016-06-08,109.44219899075611
2016-06-09,109.14800291808572
2016-06-10,107.68329376221686
2016-06-13,106.76988679320839
2016-06-14,106.40218511741436
2016-06-15,106.43868921684087
2016-06-16,106.55506119247771
2016-06-17,106.70544840362041
2016-06-20,107.5645218804723
2016-06-21,107.74825299792737
2016-06-22,107.5826657629012
2016-06-23,109.18735750892499
2016-06-24,104.70987011448682
2016-06-27,101.94067993067384
2016-06-28,104.0254512235143
2016-06-29,106.03900368446111
2016-06-30,107.66173735242721
2016-07-01,108.02032001404014
2016-07-05,106.67873779546497
2016-07-06,107.32407357244176
2016-07-07,107.3779644173245
2016-07-08,109.39402832738028
2016-07-11,109.84013677049361
2016-07-12,111.16832681298057
2016-07-13,111.11521956898633
2016-07-14,111.63030543402995
2016-07-15,111.52438253410372
2016-07-18,111.77508956154635
2016-07-19,111.43842109659747
2016-07-20,112.00142216068731
2016-07-21,111.62862231604245
2016-07-22,112.30466610719446
2016-07-25,112.07247774688494
2016-07-26,112.57786419536075
2016-07-27,111.95273743170152
2016-07-28,112.20615771002475
2016-07-29,112.35031245915346
2016-08-01,111.83754324134149
2016-08-02,110.78216809355318
2016-08-03,111.49581477177173
2016-08-04,111.44401374377657
2016-08-05,112.49335209042627
2016-08-08,112.48740113735244
2016-08-09,112.34562391802429
2016-08-10,112.03712030270277
2016-08-11,112.84882536045885
2016-08-12,112.74863407553076
2016-08-15,113.31780607417254
2016-08-16,112.62045613245425
2016-08-17,112.76881011621099
2016-08-18,113.35070006939334
2016-08-19,113.36377960803205
2016-08-22,113.27002855546613
2016-08-23,113.71756806529939
2016-08-24,112.95126173265272
2016-08-25,112.87035447395441
2016-08-26,112.5625941043327
2016-08-29,113.2197214057273
2016-08-30,113.00547444862576
2016-08-31,112.59047881802208
2016-09-01,112.47922194418321
2016-09-02,113.08141250613872
2016-09-06,113.27529168075692
2016-09-07,113.54391260740496
2016-09-08,113.37992490191365
2016-09-09,110.2645914810257
2016-09-12,111.97412556914476
2016-09-13,110.07609346842234
2016-09-14,109.8475710610628
2016-09-15,110.9655477932358
2016-09-16,110.49722457950361
2016-09-19,110.72449242278918
2016-09-20,110.48326587627955
2016-09-21,111.95486438970282
2016-09-22,112.83396194505055
2016-09-23,112.22779051630232
2016-09-26,111.39288453928376
2016-09-27,111.92590802220523
2016-09-28,112.77609956806059
2016-09-29,111.77866918651084
2016-09-30,112.71945501828058
2016-10-03,112.30019710470813
2016-10-04,111.583346479616
2016-10-05,112.22974516058632
2016-10-06,112.28265338573644
2016-10-07,111.67229454525874
2016-10-10,112.18823916795922
2016-10-11,110.52658271027332
2016-10-12,110.69258481386849
2016-10-13,110.2992811523418
2016-10-14,110.21999578527418
2016-10-17,109.82467685077555
2016-10-18,110.60835139235023
2016-10-19,111.13479849969684
2016-10-20,111.00382108273939
2016-10-21,110.89143910472517
2016-10-24,111.24569188243625
2016-10-25,110.51329010578446
2016-10-26,110.46202381262162
2016-10-27,109.81756607430812
2016-10-28,109.81304588929048
2016-10-31,109.99610144566844
2016-11-01,109.08153362862559
2016-11-02,108.24995240099125
2016-11-03,107.91898133941473
2016-11-04,107.93089980357139
2016-11-07,110.29995689737453
2016-11-08,110.67084909015334
2016-11-09,112.0482757966745
2016-11-10,112.78990499906136
2016-11-11,112.75456680421897
2016-11-14,113.6571157781867
2016-11-15,114.53031530392569
2016-11-16,114.09953309025616
2016-11-17,114.6750508313147
2016-11-18,114.34923951353544
2016-11-21,115.2778152803351
2016-11-22,115.61079516577705
2016-11-23,115.91722117324278
2016-11-25,116.31836016450508
2016-11-28,115.62688063755022
2016-11-29,115.66094859446558
2016-11-30,115.62032589966583
2016-12-01,115.16809914890237
2016-12-02,115.27017997967211
2016-12-05,116.17763749225583
2016-12-06,116.69236541100744
2016-12-07,118.37035389626575
2016-12-08,118.90559941123915
2016-12-09,119.21554067042703
2016-12-12,118.67234923735901
2016-12-13,119.20096119267284
2016-12-14,117.90424130601404
2016-12-15,118.26285563412748
2016-12-16,118.02222180901728
2016-12-19,118.19270378072528
2016-12-20,118.61126090249465
2016-12-21,118.3518904025015
2016-12-22,117.86705177918174
2016-12-23,118.1119031762452
2016-12-27,118.4901468798657
2016-12-28,117.28310755327624
2016-12-29,117.33884975276756
2016-12-30,116.89556713529984
2017-01-03,117.89645141359982
2017-01-04,119.12002538874641
2017-01-05,118.75400588524089
2017-01-06,119.07819581736173
2017-01-09,118.3823108011082
2017-01-10,118.55190163981901
2017-01-11,118.91416379172755
2017-01-12,118.69489462842797
2017-01-13,118.92069690768972
2017-01-17,118.66029127826452
2017-01-18,118.98984519953899
2017-01-19,118.39615729301791
2017-01-20,118.84635291544507
2017-01-23,118.49294922863002
2017-01-24,119.65310611807693
2017-01-25,120.54745717938131
2017-01-26,120.22089402947182
2017-01-27,119.89359037556918
2017-01-30,119.20457420595672
2017-01-31,119.3013529492118
2017-02-01,119.0152448897549
2017-02-02,119.24975399308046
2017-02-03,120.13699095752264
2017-02-06,119.7765446000129
2017-02-07,119.59954130656085
2017-02-08,119.87909850059977
2017-02-09,120.73757300532536
2017-02-10,121.37131718428441
2017-02-13,121.86725353302499
2017-02-14,122.27321299916046
2017-02-15,122.85943548922819
2017-02-16,122.54071843055398
2017-02-17,122.8138529214348
2017-02-21,123.66613248138762
2017-02-22,123.32027855422734
2017-02-23,123.1064940146483
2017-02-24,123.44172350761784
2017-02-27,123.6808311123656
2017-02-28,123.0624549213494
2017-03-01,124.58104056842168
2017-03-02,123.75637459915924
2017-03-03,123.70435263438124
2017-03-06,123.12574508824113
2017-03-07,122.52113644008138
2017-03-08,122.20551802309946
2017-03-09,122.10864012248311
2017-03-10,122.58933202816081
2017-03-13,122.78902103915505
2017-03-14,122.22645112761087
2017-03-15,123.60539518542038
2017-03-16,123.33381204777507
2017-03-17,123.29879773250693
2017-03-20,122.89002996213749
2017-03-21,121.23144707074934
2017-03-22,121.45975291447336
2017-03-23,121.4782367604068
2017-03-24,121.45531912284392
2017-03-27,121.34161607103033
2017-03-28,122.3540336552274
2017-03-29,122.77548263436896
2017-03-30,123.05900179248917
2017-03-31,122.93180942372119
2017-04-03,122.43184707315245
2017-04-04,122.3285241844775
2017-04-05,121.95378138284214
2017-04-06,122.60064337789481
2017-04-07,122.45786627966407
2017-04-10,122.76114601773288
2017-04-11,122.75250794599552
2017-04-12,121.98911353357387
2017-04-13,121.13333063458046
2017-04-17,122.1749264583725
2017-04-18,121.80542996270061
2017-04-19,121.83045212146008
2017-04-20,122.85837481232745
2017-04-21,122.42158926997058
2017-04-24,123.67997282980558
2017-04-25,124.34563307060513
2017-04-26,124.3726125518249
2017-04-27,124.34140765159529
2017-04-28,123.73561512895928
2017-05-01,123.66360320518028
2017-05-02,123.81723936420691
2017-05-03,123.39585911754614
2017-05-04,123.45563947958145
2017-05-05,124.27867714804466
2017-05-08,124.032690639077
2017-05-09,123.97029263186413
2017-05-10,124.39740690270135
2017-05-11,123.88336585138985
2017-05-12,123.31585572180792
2017-05-15,124.05694815224514
2017-05-16,123.69181353482256
2017-05-17,121.72517871634679
2017-05-18,122.04302564435267
2017-05-19,123.03472502987007
2017-05-22,123.69651086276326
2017-05-23,123.68969822632691
2017-05-24,123.91312977003628
2017-05-25,124.3678776585616
2017-05-26,124.3706648856595
2017-05-30,124.09992798097466
2017-05-31,124.16941188714975
2017-06-01,125.5388294340222
2017-06-02,125.65195488470204
2017-06-05,125.32715657744619
2017-06-06,124.86848929815518
2017-06-07,124.9452581279148
2017-06-08,125.06873943276149
2017-06-09,125.6504164092355
2017-06-12,125.87830272184777
2017-06-13,126.59439424503657
2017-06-14,126.29420779217904
2017-06-15,126.03179516500765
2017-06-16,126.04934886261054
2017-06-19,126.87325005565734
2017-06-20,125.7754998867953
2017-06-21,125.4173058358312
2017-06-22,125.47405077537638
2017-06-23,125.81180961381905
2017-06-26,126.19735158442855
2017-06-27,125.35434281726016
2017-06-28,126.38870441011822
2017-06-29,125.50893624679568
2017-06-30,125.87424085108285
2017-07-03,126.4617446112979
2017-07-05,126.21390940397576
2017-07-06,124.8145377299936
2017-07-07,125.6157824062307
2017-07-10,125.62972674307782
2017-07-11,125.5103266703462
2017-07-12,126.42628778709766
2017-07-13,126.77369390377658
2017-07-14,127.38554711753267
2017-07-17,127.54401044767263
2017-07-18,127.2625087026303
2017-07-19,128.1716554152113
2017-07-20,128.06591504584455
2017-07-21,128.15700492840003
2017-07-24,127.92071839281422
2017-07-25,128.49096890942954
2017-07-26,128.24997523437963
2017-07-27,128.18265785252933
2017-07-28,128.04691878527353
2017-07-31,127.95293829059209
2017-08-01,128.0814115165592
2017-08-02,127.69732917095764
2017-08-03,127.37885136757453
2017-08-04,127.58009584000801
2017-08-07,127.71402728483973
2017-08-08,127.36788178500808
2017-08-09,127.1765119871476
2017-08-10,125.3085402491398
2017-08-11,125.40183448100159
2017-08-14,126.56333542955542
2017-08-15,126.2575743509923
2017-08-16,126.59585939966543
2017-08-17,124.67093975134824
2017-08-18,124.39524975749525
2017-08-21,124.47251077074249
2017-08-22,125.64396103449877
2017-08-23,125.280227814817
2017-08-24,125.11335796822031
2017-08-25,125.54971651583486
2017-08-28,125.4113027375532
2017-08-29,125.29360915245681
2017-08-30,125.88458326314132
2017-08-31,126.61131261286717
2017-09-01,127.12073649329173
2017-09-05,126.21536093172772
2017-09-06,126.67216091332682
2017-09-07,126.57448987847643
2017-09-08,126.675272926458
2017-09-11,128.00892941499723
2017-09-12,128.52114531836318
2017-09-13,128.58409599411698
2017-09-14,128.53857730283505
2017-09-15,128.8120753136505
2017-09-18,128.9435927105755
2017-09-19,128.7855657690998
2017-09-20,128.98624084652212
2017-09-21,128.7181925967666
2017-09-22,128.99788136769027
2017-09-25,129.16377278269442
2017-09-26,129.25915401816414
2017-09-27,129.74347099153033
2017-09-28,129.8500022954719
2017-09-29,130.3123969795307
2017-10-02,130.8438284500514
2017-10-03,131.0565971851593
2017-10-04,131.4028249275927
2017-10-05,131.86025353160042
2017-10-06,131.60584309359007
2017-10-09,131.1333589492929
2017-10-10,131.44990686343144
2017-10-11,131.4753770375633
2017-10-12,131.485676955368
2017-10-13,131.62874340732662
2017-10-16,131.6628260001959
2017-10-17,131.6543051569401
2017-10-18,131.7741448630156
2017-10-19,131.9993848092008
2017-10-20,132.8862631588334
2017-10-23,132.37021926741022
2017-10-24,132.48686618527347
2017-10-25,131.6203336024544
2017-10-26,131.8817757661657
2017-10-27,132.00920197390136
2017-10-30,131.44113564785283
2017-10-31,131.60084906945775
2017-11-01,131.60279261966127
2017-11-02,131.48762491600766
2017-11-03,131.6597447842653
2017-11-06,132.20408963596782
2017-11-07,132.01477584278243
2017-11-08,132.21371378010735
2017-11-09,131.9435828352071
2017-11-10,132.00527601396567
2017-11-13,132.24774556295782
2017-11-14,132.16452599411517
2017-11-15,131.4935545716151
2017-11-16,132.63721525138845
2017-11-17,132.91460094322935
2017-11-20,133.07151826958733
2017-11-21,133.5443203986495
2017-11-22,133.5294146229803
2017-11-24,133.62051204046614
2017-11-27,133.4894260949562
2017-11-28,135.02133730359634
2017-11-29,135.7578471701814
2017-11-30,136.78265585461003
2017-12-01,136.52011605175332
2017-12-04,136.84472988029154
2017-12-05,135.94835321737358
2017-12-06,135.67697226270295
2017-12-07,136.28565377243132
2017-12-08,137.17580727587358
2017-12-11,137.34981547692595
2017-12-12,137.31915359146026
2017-12-13,137.19060891051666
2017-12-14,136.44036333673623
2017-12-15,137.73369930857214
2017-12-18,138.72801301769914
2017-12-19,138.3089505283846
2017-12-20,138.29092113472055
2017-12-21,138.61942515584587
2017-12-22,138.7272546981936
2017-12-26,138.9025659037414
2017-12-27,138.9245073528469
2017-12-28,139.28778033108208
2017-12-29,138.58444888435324
2018-01-02,139.6951679005736
2018-01-03,140.47736841743696
2018-01-04,140.90411418819747
2018-01-05,141.65918513892484
2018-01-08,142.09555155487405
2018-01-09,142.06046009324584
2018-01-10,141.6945883715168
2018-01-11,142.9913747136601
2018-01-12,143.862643207887
2018-01-16,142.9341187334939
2018-01-17,144.10498045707388
2018-01-18,143.734778566221
2018-01-19,144.65412583740147
2018-01-22,145.66930090287718
2018-01-23,146.156334303721
2018-01-24,146.17492671430622
2018-01-25,146.07968458449102
2018-01-26,147.47078161874614
2018-01-29,146.3791843304329
2018-01-30,144.7638998114724
2018-01-31,144.78212597117613
2018-02-01,144.44074642623912
2018-02-02,141.5378375080587
2018-02-05,136.31467678737178
2018-02-06,138.14469922604317
2018-02-07,137.75583094684927
2018-02-08,133.0174025335578
2018-02-09,134.76988223609223
2018-02-12,136.51842136856465
2018-02-13,136.8494631493737
2018-02-14,138.8773821720088
2018-02-15,140.322942072019
2018-02-16,140.40180763154086
2018-02-20,139.51599767136477
2018-02-21,138.6419265745905
2018-02-22,138.74919628505862
2018-02-23,140.9141913974511
2018-02-26,141.96111383320644
2018-02-27,140.0655532019776
2018-02-28,138.6392159269777
2018-03-01,137.1195301047378
2018-03-02,137.98377130752286
2018-03-05,139.65543951049295
2018-03-06,140.26428483565834
2018-03-07,140.11542039900297
2018-03-08,140.57392802037893
2018-03-09,142.7855714831133
2018-03-12,142.56764892378965
2018-03-13,142.00363149696685
2018-03-14,141.13144547420853
2018-03-15,140.79242740058115
2018-03-16,141.4364683216616
2018-03-19,139.82185932581848
2018-03-20,139.89078430807214
2018-03-21,139.97861525546367
2018-03-22,136.8534262527785
2018-03-23,134.3279730136448
2018-03-26,137.38073919606168
2018-03-27,135.74275974690346
2018-03-28,135.61272057255238
2018-03-29,137.34460870783724
2018-04-02,134.3499166791307
2018-04-03,135.96482675736073
2018-04-04,137.54725658414642
2018-04-05,138.4831713253359
2018-04-06,135.55693992859779
2018-04-09,135.78645717023193
2018-04-10,137.76981902538216
2018-04-11,137.24554506933677
2018-04-12,137.99623254918703
2018-04-13,137.6608466861323
2018-04-16,139.01012135667
2018-04-17,140.1004372515735
2018-04-18,140.48703029565954
2018-04-19,139.48355967344503
2018-04-20,138.46422614256747
2018-04-23,138.74976104639154
2018-04-24,137.39864754637367
2018-04-25,137.78214749249923
2018-04-26,138.7893810443443
2018-04-27,139.16954175378703
2018-04-30,137.8922428604634
2018-05-01,138.00340121621355
2018-05-02,136.80965465606548
2018-05-03,136.32436057887452
2018-05-04,137.94097718707283
2018-05-07,138.1711742128906
2018-05-08,138.08581740815157
2018-05-09,139.19759007265287
2018-05-10,140.40883604364205
2018-05-11,140.56691219288777
2018-05-14,140.6117221516876
2018-05-15,139.96570380106994
2018-05-16,140.73291692258445
2018-05-17,140.87373918469086
2018-05-18,140.621231407457
2018-05-21,141.49484582164186
2018-05-22,140.98454299261735
2018-05-23,141.27038247856797
2018-05-24,141.22198467517526
2018-05-25,140.99836205958374
2018-05-29,139.42327815246284
2018-05-30,141.2449271496782
2018-05-31,139.94252483697358
2018-06-01,141.1900808185345
2018-06-04,141.65744777735082
2018-06-05,141.9287924534728
2018-06-06,143.06318585916276
2018-06-07,143.17205119394475
2018-06-08,143.84680905031772
2018-06-11,144.1563679090946
2018-06-12,144.5818530154369
2018-06-13,143.83553959590913
2018-06-14,144.24621899797364
2018-06-15,144.29167269324807
2018-06-18,144.0909397668262
2018-06-19,143.48691236886813
2018-06-20,143.8668062795399
2018-06-21,143.05442072251995
2018-06-22,143.4270522596285
2018-06-25,141.88455277821953
2018-06-26,142.01725873670304
2018-06-27,140.78642700389858
2018-06-28,141.3512760999678
2018-06-29,141.478159452898
2018-07-02,141.5450332376318
2018-07-03,141.36806907722848
2018-07-05,142.47819797095823
2018-07-06,143.56370880752067
2018-07-09,144.77849942200393
2018-07-10,145.16471565730507
2018-07-11,143.97741066491082
2018-07-12,144.78163742430223
2018-07-13,144.94228666902507
2018-07-16,144.50364688452737
2018-07-17,145.0036422542111
2018-07-18,145.38138448873568
2018-07-19,145.32956247353798
2018-07-20,144.82645736176053
2018-07-23,144.89763314172995
2018-07-24,144.82350571878743
2018-07-25,145.99222458715857
2018-07-26,146.56883521503204
2018-07-27,145.76510516866543
2018-07-30,145.1920606138785
2018-07-31,146.24406936730304
2018-08-01,145.26160821378465
2018-08-02,145.859052148047
2018-08-03,146.5913515933319
2018-08-06,146.9472433274865
2018-08-07,147.26774936039274
2018-08-08,147.00980461269623
2018-08-09,146.84788238926464
2018-08-10,145.7802968788208
2018-08-13,145.09183090377508
2018-08-14,146.2990392977395
2018-08-15,145.22717375888848
2018-08-16,146.42514719153732
2018-08-17,147.18880995452017
2018-08-20,147.89529222333164
2018-08-21,148.37121579619955
2018-08-22,148.04704509358817
2018-08-23,147.64162199207536
2018-08-24,148.43175473555135
2018-08-27,149.35028821925067
2018-08-28,149.4326512904243
2018-08-29,150.02540393740287
2018-08-30,149.03537058156485
2018-08-31,149.1266069526146
2018-09-04,148.84471030835553
2018-09-05,148.92414323140136
2018-09-06,148.52835423495682
2018-09-07,148.00357265079222
2018-09-10,148.56390091669667
2018-09-11,148.69430571777977
2018-09-12,148.94156216254754
2018-09-13,149.56979376071536
2018-09-14,149.79700164430923
2018-09-17,149.28485556810003
2018-09-18,149.96221552020967
2018-09-19,150.01465546827885
2018-09-20,151.009186202597
2018-09-21,151.18106882909248
2018-09-24,150.0935686545134
2018-09-25,149.6629793178122
2018-09-26,149.0850477482998
2018-09-27,149.11540741696368
2018-09-28,149.36994911029322
2018-10-01,149.42862831686088
2018-10-02,149.1558597788479
2018-10-03,149.21806767492586
2018-10-04,148.1697882243169
2018-10-05,147.43523586415233
2018-10-08,147.61000192032728
2018-10-09,146.89564351810913
2018-10-10,142.64419952841712
2018-10-11,139.6053374000897
2018-10-12,140.90777453693434
2018-10-15,140.82496806240002
2018-10-16,143.62819504607464
2018-10-17,143.28452469980255
2018-10-18,141.40965694562547
2018-10-19,141.02361292545726
2018-10-22,140.0996575912268
2018-10-23,139.24889078227238
2018-10-24,135.43064486509326
2018-10-25,137.29721347134438
2018-10-26,135.16610676652581
2018-10-29,135.06558771037373
2018-10-30,137.88723838671228
2018-10-31,138.80269602146367
2018-11-01,140.98081191553305
2018-11-02,140.45588837333435
2018-11-05,141.46142235222527
2018-11-06,142.4385442545619
2018-11-07,144.6946493163757
2018-11-08,144.43562549309286
2018-11-09,143.2093710932966
2018-11-12,140.90440793244048
2018-11-13,140.84320294404932
2018-11-14,139.93859738386146
2018-11-15,141.13899700511527
2018-11-16,141.62025565978993
2018-11-19,139.6591325812819
2018-11-20,137.31078850014347
2018-11-21,138.21503542043124
2018-11-23,137.74010868847753
2018-11-26,139.72858206673584
2018-11-27,139.7451453912194
2018-11-28,142.36726895996273
2018-11-29,141.9267878490987
2018-11-30,142.7324540010669
2018-12-03,144.3062271426152
2018-12-04,139.7168268460177
2018-12-06,139.32418676972011
2018-12-07,136.29357389306256
2018-12-10,135.98492288370667
2018-12-11,135.76604046195436
2018-12-12,136.52341288025698
2018-12-13,135.83096267711164
2018-12-14,133.83597734874587
2018-12-17,130.99620692499659
2018-12-18,130.80844636159355
2018-12-19,128.79497324578313
2018-12-20,126.68111910287661
2018-12-21,124.30313595117299
2018-12-24,121.01805991553633
2018-12-26,126.56584830752281
2018-12-27,127.6171963443354
2018-12-28,127.34732981564102
2018-12-31,128.37131677642074
2019-01-02,128.4684181898103
2019-01-03,126.05404920929858
2019-01-04,130.26825752873597
2019-01-07,131.61243685015657
2019-01-08,133.03465407657654
2019-01-09,133.9451697620792
2019-01-10,134.80465614556533
2019-01-11,134.96081369107605
2019-01-14,134.2749875018502
2019-01-15,135.18868932283692
2019-01-16,135.52527841312784
2019-01-17,136.73301209814562
2019-01-18,138.839726649333
2019-01-22,136.94092439952874
2019-01-23,136.93239279883622
2019-01-24,137.82012718650435
2019-01-25,139.24224345783003
2019-01-28,138.68399793819074
2019-01-29,138.9279851542798
2019-01-30,140.43822301548727
2019-01-31,141.4029545276399
2019-02-01,141.77920365889545
2019-02-04,142.52266020414328
2019-02-05,143.11835175599487
2019-02-06,142.93313786243428
2019-02-07,141.94706556179403
2019-02-08,142.22369911131494
2019-02-11,142.60129931030002
2019-02-12,144.3550423244064
2019-02-13,144.96572599301427
2019-02-14,144.66285725375474
2019-02-15,146.2457934745229
2019-02-19,146.5573541471133
2019-02-20,147.0119592970784
2019-02-21,146.44823791439794
2019-02-22,147.24873797315033
2019-02-25,147.22910325644727
2019-02-26,146.86344020544522
2019-02-27,146.87828042082182
2019-02-28,146.5823958641106
2019-03-01,147.57255784066186
2019-03-04,146.83910884162083
2019-03-05,146.42495341407732
2019-03-06,145.139596197444
2019-03-07,144.03276868052745
2019-03-08,143.59276131196359
2019-03-11,145.49547229954942
2019-03-12,145.930740082747
2019-03-13,146.84363537783605
2019-03-14,146.64806066074794
2019-03-15,147.14018585700995
2019-03-18,147.81304535005992
2019-03-19,147.535687875125
2019-03-20,146.5364268601152
2019-03-21,148.3728686705037
2019-03-22,145.36276070589287
2019-03-25,145.40711577600342
2019-03-26,146.65528753466486
2019-03-27,146.19993091509977
2019-03-28,146.99390382551567
2019-03-29,147.92864302128996
2019-04-01,149.79378401569286
2019-04-02,149.6717382402422
2019-04-03,150.09063717719917
2019-04-04,150.60000639516758
2019-04-05,151.62468949978756
2019-04-08,151.67743591487584
2019-04-09,150.4321137764915
2019-04-10,151.2660101686966
2019-04-11,151.4509315048731
2019-04-12,152.66547368792027
2019-04-15,152.28312602862584
2019-04-16,152.2265263810027
2019-04-17,151.33727158104355
2019-04-18,151.6679728235576
2019-04-22,151.26844257057638
2019-04-23,152.7131733632168
2019-04-24,152.70261749096326
2019-04-25,151.890986145892
2019-04-26,152.82966658968647
2019-04-29,152.83126908726408
2019-04-30,153.31827944162205
2019-05-01,151.7855135020912
2019-05-02,151.76435054117786
2019-05-03,153.1268425052717
2019-05-06,152.39638696322098
2019-05-07,149.97017798407492
2019-05-08,149.70376249422173
2019-05-09,149.55891293398017
2019-05-10,150.12822496072454
2019-05-13,146.4500914550173
2019-05-14,147.84737167565848
2019-05-15,148.2796728128594
2019-05-16,149.26050628326985
2019-05-17,148.30135197901603
2019-05-20,147.40126849349303
2019-05-21,149.0310360305572
2019-05-22,148.2714265212195
2019-05-23,146.40472035062024
2019-05-24,146.6449730310173
2019-05-28,145.1189828807329
2019-05-29,144.08468336350035
2019-05-30,144.21642353029128
2019-05-31,142.56809938002039
2019-06-03,143.43528769177098
2019-06-04,146.68984974859154
2019-06-05,147.74926850356022
2019-06-06,148.37782443252792
2019-06-07,149.38597808830198
2019-06-10,149.94116677942955
2019-06-11,149.83633068029113
2019-06-12,149.56405532026974
2019-06-13,150.5887073636259
2019-06-14,150.08924859701276
2019-06-17,149.98777978100966
2019-06-18,151.49119983631962
2019-06-19,152.05906944895335
2019-06-20,153.4518523935395
2019-06-21,153.10870031219847
2019-06-24,152.42950611340333
2019-06-25,151.44855780214348
2019-06-26,151.1539647386554
2019-06-27,152.16625621856045
2019-06-28,153.56799037198658
2019-07-01,154.5567867909657
2019-07-02,154.52931986439867
2019-07-03,155.90516993429983
2019-07-05,155.73282436195578
2019-07-08,154.89035497524546
2019-07-09,154.8686649200319
2019-07-10,155.0389177913291
2019-07-11,155.3324475546919
2019-07-12,156.4695789272965
2019-07-15,156.30775392492708
2019-07-16,156.08022107356527
2019-07-17,154.72662089159522
2019-07-18,155.33433881288084
2019-07-19,154.6361858264204
2019-07-22,154.62719194632746
2019-07-23,156.03541703895402
2019-07-24,157.09149112910345
2019-07-25,156.0468192985145
2019-07-26,156.88467734160636
2019-07-29,156.52184650958316
2019-07-30,156.55908862162835
2019-07-31,155.07619470543108
2019-08-01,153.06930194191713
2019-08-02,151.88519121584497
2019-08-05,147.5440975582006
2019-08-06,149.15342024532782
2019-08-07,149.36560868891445
2019-08-08,152.08643567000243
2019-08-09,150.7128970303704
2019-08-12,148.66634412917622
2019-08-13,150.55542251085407
2019-08-14,145.88836031744577
2019-08-15,145.884525917527
2019-08-16,148.2049256561863
2019-08-19,150.02710569596394
2019-08-20,148.71705498120718
2019-08-21,149.93660883891502
2019-08-22,150.04339656536055
2019-08-23,145.92051230805046
2019-08-26,147.19636227095967
2019-08-27,146.38225903253334
2019-08-28,147.67373955964177
2019-08-29,149.70279727181463
2019-08-30,149.96733148661934
2019-09-03,148.8824247895261
2019-09-04,150.62938126049346
2019-09-05,152.95258964419398
2019-09-06,153.3238238133103
2019-09-09,154.34968776760056
2019-09-10,155.3114207724428
2019-09-11,156.5115401433221
2019-09-12,156.59267672682796
2019-09-13,156.7388974768703
2019-09-16,156.8888155395746
2019-09-17,156.83006305981712
2019-09-18,156.61603747009693
2019-09-19,156.20604432173138
2019-09-20,155.60258350937357
2019-09-23,155.703988996397
2019-09-24,154.4417517921611
2019-09-25,155.3215539838579
2019-09-26,154.92856518862177
2019-09-27,154.38989179407744
2019-09-30,155.1371165851133
2019-10-01,152.7161015591357
2019-10-02,149.83243944835482
2019-10-03,150.90356982845006
2019-10-04,152.63016197694864
2019-10-07,151.86405176079276
2019-10-08,149.15058709504498
2019-10-09,150.44329140460567
2019-10-10,151.55717198897784
2019-10-11,153.8088783163973
2019-10-14,153.43158074993147
2019-10-15,154.8022633229608
2019-10-16,154.5228134722345
2019-10-17,155.0681550105391
2019-10-18,154.88039423849756
2019-10-21,156.06285330027924
2019-10-22,156.16146298069842
2019-10-23,156.6343650609419
2019-10-24,156.6890360882159
2019-10-25,157.2051978548795
2019-10-28,157.70663617080285
2019-10-29,158.06309700238484
2019-10-30,158.04484625112693
2019-10-31,157.19847364800725
2019-11-01,159.1960044017584
2019-11-04,160.08707791694906
2019-11-05,160.06915283557547
2019-11-06,159.97148824408384
2019-11-07,160.35730202674108
2019-11-08,160.686089764813
2019-11-11,160.30550110545752
2019-11-12,160.3704517304092
2019-11-13,160.20552612910555
2019-11-14,160.568912990607
2019-11-15,161.76898856228385
2019-11-18,161.60434263918842
2019-11-19,161.4594898524245
2019-11-20,160.85695447468436
2019-11-21,160.46773432560812
2019-11-22,161.0653164448652
2019-11-25,162.45397962690367
2019-11-26,162.758843954913
2019-11-27,163.4524940646371
2019-11-29,162.65824214244108
2019-12-02,161.3137495451259
2019-12-03,159.98215149048914
2019-12-04,161.23610562420646
2019-12-05,161.50457391751362
2019-12-06,162.99187811422914
2019-12-09,162.55465630139554
2019-12-10,162.39181845411576
2019-12-11,162.81884580303765
2019-12-12,164.5539541996603
2019-12-13,164.1093859020875
2019-12-16,165.16660391051934
2019-12-17,165.23790594541356
2019-12-18,165.48160824005288
2019-12-19,166.05318437469526
2019-12-20,166.99805271855737
2019-12-23,167.05939206387768
2019-12-24,167.10304839001503
2019-12-26,167.48652522936533
2019-12-27,167.34404021741847
2019-12-30,166.67536758292837
2019-12-31,167.3471665251344
2020-01-02,167.80538019897065
2020-01-03,166.87658012070392
2020-01-06,167.0912528077558
2020-01-07,166.9191873003857
2020-01-08,167.38898426306187
2020-01-09,168.15331903296715
2020-01-10,167.66777166685634
2020-01-13,168.7417054853609
2020-01-14,169.0467627540095
2020-01-15,169.32206348313022
2020-01-16,170.92692077605236
2020-01-17,171.29736526793775
2020-01-21,170.47814654986567
2020-01-22,170.27891561044834
2020-01-23,170.67037334978633
2020-01-24,168.84295306396305
2020-01-27,166.14066495509192
2020-01-28,167.60439021894936
2020-01-29,167.01620964385964
2020-01-30,167.37601000941257
2020-01-31,164.16163803935999
2020-02-03,165.18919628526402
2020-02-04,167.61259024727374
2020-02-05,170.1950280954817
2020-02-06,170.0362882589699
2020-02-07,168.6542580835385
2020-02-10,169.37497399286886
2020-02-11,170.4192335887571
2020-02-12,171.63748914393787
2020-02-13,171.3429444115194
2020-02-14,171.44774142195587
2020-02-18,170.82502885045278
2020-02-19,171.44446019558728
2020-02-20,171.45902365772938
2020-02-21,169.91615304009866
2020-02-24,164.61394778905154
2020-02-25,158.986967299598
2020-02-26,157.26529088137482
2020-02-27,151.0328185914833
2020-02-28,149.30505197225565
2020-03-02,154.96123078860748
2020-03-03,150.99260668217113
2020-03-04,156.64659124661873
2020-03-05,150.75282938150485
2020-03-06,147.4882526880058
2020-03-09,134.14493995549842
2020-03-10,140.77966478388936
2020-03-11,132.74828809577465
2020-03-12,118.86642951885554
2020-03-13,128.90009626976473
2020-03-16,112.52682974309924
2020-03-17,118.11074354043066
2020-03-18,108.99500310760807
2020-03-19,111.32926830219102
2020-03-20,106.72217848265208
2020-03-23,102.90873837032565
2020-03-24,114.99970414112694
2020-03-25,118.62768007403695
2020-03-26,125.78650534470367
2020-03-27,121.16171036634512
2020-03-30,123.71150442059918
2020-03-31,121.60385698420195
2020-04-01,115.05202921461293
2020-04-02,116.5524426486293
2020-04-03,114.74382237260221
2020-04-06,124.30810164217564
2020-04-07,125.93925267354703
2020-04-08,131.78614817835404
2020-04-09,135.20908444061698
2020-04-13,131.985736914231
2020-04-14,135.14797361946455
2020-04-15,130.3306675403748
2020-04-16,129.49128873658356
2020-04-17,135.2894347461514
2020-04-20,132.20519560381476
2020-04-21,128.44855941146926
2020-04-22,130.79568072191557
2020-04-23,131.33544322318204
2020-04-24,133.16065296866228
2020-04-27,136.97416299810052
2020-04-28,138.87874701525462
2020-04-29,143.52494899466117
2020-04-30,139.9835135291028
2020-05-01,135.07396874737194
2020-05-04,135.21014002531587
2020-05-05,135.80130797519473
2020-05-06,133.86184714428902
2020-05-07,136.18336839638494
2020-05-08,139.98241317897407
2020-05-11,138.3648754830826
2020-05-12,134.73471031849047
2020-05-13,130.80260597616518
2020-05-14,132.80336215933772
2020-05-15,132.99101623383478
2020-05-18,140.37204408223013
2020-05-19,138.36434190149788
2020-05-20,140.9822594906023
2020-05-21,140.40660863415047
2020-05-22,140.54153711768248
2020-05-26,145.21329066817725
2020-05-27,148.8973988338506
2020-05-28,147.59456782737152
2020-05-29,147.26586904693062
2020-06-01,149.00493831070722
2020-06-02,150.86330407361297
2020-06-03,155.03093712118863
2020-06-04,155.8273679755543
2020-06-05,161.25755659535864
2020-06-08,165.01241873868727
2020-06-09,161.04303176129207
2020-06-10,157.43190799302357
2020-06-11,146.68705416304005
2020-06-12,149.7284955305462
2020-06-15,151.26060681638234
2020-06-16,154.3433424791124
2020-06-17,152.73589306907257
2020-06-18,152.62348407650555
2020-06-19,151.0570483754403
2020-06-22,151.2771192733236
2020-06-23,151.53561260570868
2020-06-24,146.35985256174664
2020-06-25,147.91173554352434
2020-06-26,144.73065702284
2020-06-29,147.85511822129578
2020-06-30,149.86749073310193
2020-07-01,149.49151404222704
2020-07-02,150.4337563271642
2020-07-06,152.17170308308576
2020-07-07,149.56890351860991
2020-07-08,150.0225064993178
2020-07-09,147.47207027358505
2020-07-10,150.06866624401007
2020-07-13,149.52272427119078
2020-07-14,151.92147498410287
2020-07-15,155.6444132350242
2020-07-16,155.36453785361007
2020-07-17,155.77334767920988
2020-07-20,154.88621896446404
2020-07-21,156.63132274431445
2020-07-22,157.73327258872692
2020-07-23,157.48420270543983
2020-07-24,156.33543274112927
2020-07-27,156.97726863106755
2020-07-28,156.01550175468984
2020-07-29,158.65056464019594
2020-07-30,157.34351077443964
2020-07-31,157.05672214350594
2020-08-03,157.5480406698566
2020-08-04,158.37235290370063
2020-08-05,159.65029254887398
2020-08-06,159.6061733125679
2020-08-07,161.2090893144459
2020-08-10,163.1514613788177
2020-08-11,162.9705329346748
2020-08-12,163.9841934015209
2020-08-13,163.18778122808033
2020-08-14,163.58772551945336
2020-08-17,163.48697787769942
2020-08-18,162.69344492413177
2020-08-19,161.99475157697515
2020-08-20,161.0637909241883
2020-08-21,160.8226693488941
2020-08-24,163.5428643998569
2020-08-25,163.54855529907496
2020-08-26,163.24510596523442
2020-08-27,164.21778502746503
2020-08-28,165.65006978255022
2020-08-31,164.27875620002862
2020-09-01,164.81229612451563
2020-09-02,167.8569973062702
2020-09-03,164.10609752446317
2020-09-04,163.78599761336613
2020-09-08,160.30621494143915
2020-09-09,162.31781419087093
2020-09-10,159.8914927407883
2020-09-11,160.58621318418918
2020-09-14,163.3485468782269
2020-09-15,163.5066089619529
2020-09-16,164.70944654897113
2020-09-17,163.93276192031627
2020-09-18,162.03348338834166
2020-09-21,157.90481663245572
2020-09-22,158.70558481044043
2020-09-23,155.25221047141383
2020-09-24,155.51526387561674
2020-09-25,157.55808462224493
2020-09-28,160.53261123917088
2020-09-29,159.22928636680643
2020-09-30,160.23431694287694
2020-10-01,160.66189880795187
2020-10-02,161.40279591864822
2020-10-05,164.34920984032888
2020-10-06,162.66962478211167
2020-10-07,165.56644098222648
2020-10-08,167.94587378079953
2020-10-09,168.26045047159832
2020-10-12,169.4785323508392
2020-10-13,167.74959522747807
2020-10-14,167.33697261626997
2020-10-15,167.9998608705757
2020-10-16,167.83982751566
2020-10-19,165.57823387159948
2020-10-20,166.6102551964378
2020-10-21,166.0333241660724
2020-10-22,168.16896422131356
2020-10-23,169.00740720525647
2020-10-26,165.12582526992728
2020-10-27,163.1294786267812
2020-10-28,157.94471409299302
2020-10-29,159.6839489330892
2020-10-30,159.32577172393323
2020-11-02,162.9366392169744
2020-11-03,166.14003043181373
2020-11-04,166.3250481395817
2020-11-05,169.57468433075618
2020-11-06,168.8419396063369
2020-11-09,176.64434559603762
2020-11-10,177.88464735249397
2020-11-11,177.63891506150307
2020-11-12,174.83904258962724
2020-11-13,178.83804109693241
2020-11-16,182.47023886368382
2020-11-17,181.95573973686683
2020-11-18,179.9288557706433
2020-11-19,180.7545050662712
2020-11-20,179.79196460869184
2020-11-23,182.41333251038895
2020-11-24,186.12491559876705
2020-11-25,184.94968531197006
2020-11-27,184.92488984080455
2020-11-30,183.02559499954359
2020-12-01,184.8326178349784
2020-12-02,185.26060755102537
2020-12-03,186.16770985208203
2020-12-04,189.02129011705892
2020-12-07,188.06784506436853
2020-12-08,188.6151616524333
2020-12-09,188.0771876852858
2020-12-10,187.9917178545449
2020-12-11,187.0890272602689
2020-12-14,185.81935111660354
2020-12-15,188.71187212788803
2020-12-16,188.2981092059537
2020-12-17,189.60644953251278
2020-12-18,188.99900863792243
2020-12-21,187.6766883899489
2020-12-22,186.91456865959407
2020-12-23,188.0981605317325
2020-12-24,188.53366739435222
2020-12-28,189.0894113531492
2020-12-29,188.137709060742
2020-12-30,189.39469204956276
2020-12-31,190.82553467603884
2021-01-04,187.90146752007516
2021-01-05,189.76599948656883
2021-01-06,194.14692040959392
2021-01-07,196.02546370004555
2021-01-08,196.3626406158148
2021-01-11,196.15298306813406
2021-01-12,197.6267171368002
2021-01-13,197.0558934908955
2021-01-14,197.74378897976945
2021-01-15,196.34176867903224
2021-01-19,197.2811975217159
2021-01-20,198.61878533128842
2021-01-21,197.5671996719477
2021-01-22,196.75900699383087
2021-01-25,196.60459898525056
2021-01-26,195.7564268847612
2021-01-27,191.22172345294192
2021-01-28,193.3414019719656
2021-01-29,189.89952236307323
2021-02-01,192.37231548320392
2021-02-02,194.84589789451857
2021-02-03,195.43373201855388
2021-02-04,197.8699421233256
2021-02-05,198.98528341556653
2021-02-08,201.20569388959711
2021-02-09,201.16713045242446
2021-02-10,201.83669627785113
2021-02-11,201.92169034482356
2021-02-12,203.05446260864022
2021-02-16,203.15673007740511
2021-02-17,203.11837152538257
2021-02-18,202.07082720477473
2021-02-19,203.55019071323258
2021-02-22,203.8596541659355
2021-02-23,204.4639694376349
2021-02-24,207.3898397652656
2021-02-25,202.8200697832049
2021-02-26,201.48075161374618
2021-03-01,205.93361516238383
2021-03-02,205.11267881885348
2021-03-03,203.98555888791688
2021-03-04,201.1784032952968
2021-03-05,205.90534644156375
2021-03-08,207.17910569639787
2021-03-09,207.67787290288013
2021-03-10,209.8068415471311
2021-03-11,211.18342491860628
2021-03-12,212.6532700400006
2021-03-15,214.62560688349944
2021-03-16,212.7788637870778
2021-03-17,213.74020353330155
2021-03-18,211.76519186581436
2021-03-19,211.54500083494332
2021-03-22,211.77781692418068
2021-03-23,208.67498490033194
2021-03-24,208.3578354923461
2021-03-25,210.8323299147421
2021-03-26,214.49084960909695
2021-03-29,213.427982319942
2021-03-30,213.76571904199164
2021-03-31,213.48223250574634
2021-04-01,215.81572150405609
2021-04-05,217.8663508830135
2021-04-06,218.09657240667613
2021-04-07,217.34369126155173
2021-04-08,217.67059302248703
2021-04-09,218.95640348432963
2021-04-12,219.29405168283682
2021-04-13,218.8939605999623
2021-04-14,219.25015384160858
2021-04-15,220.933756521347
2021-04-16,221.86119517830218
2021-04-19,220.78028440769896
2021-04-20,219.08790970829997
2021-04-21,222.080043750293
2021-04-22,220.6415101235569
2021-04-23,223.0840751103943
2021-04-26,223.49949100319793
2021-04-27,223.84784761177852
2021-04-28,223.86499758691022
2021-04-29,225.50558192207907
2021-04-30,223.7171200504678
2021-05-03,225.0748783243711
2021-05-04,224.68592665806352
2021-05-05,225.31455890734725
2021-05-06,226.45471949558683
2021-05-07,228.85823676697296
2021-05-10,227.91083641765744
2021-05-11,225.3555335049665
2021-05-12,220.26908028201325
2021-05-13,223.32530580874393
2021-05-14,226.81293304494892
2021-05-17,226.68782768340495
2021-05-18,224.75088324646225
2021-05-19,223.54128561049833
2021-05-20,225.1737526104318
2021-05-21,225.44566678329568
2021-05-24,226.84386355076344
2021-05-25,225.78070540765393
2021-05-26,226.7755170649237
2021-05-27,227.97173723095545
2021-05-28,228.1595047081182
2021-06-01,229.05662838704333
2021-06-02,229.32472854691864
2021-06-03,228.92059458896045
2021-06-04,230.0823502311297
2021-06-07,229.64782148106542
2021-06-08,230.0556978386748
2021-06-09,228.99722958678237
2021-06-10,229.2335961023925
2021-06-11,230.05780087194796
2021-06-14,229.153932323192
2021-06-15,229.27288986817777
2021-06-16,227.7329880261446
2021-06-17,225.39193810910422
2021-06-18,221.63236956014808
2021-06-21,225.97944825046122
2021-06-22,226.30156384043477
2021-06-23,225.97450287632924
2021-06-24,227.45577586129275
2021-06-25,229.13136987209384
2021-06-28,228.11027473965328
2021-06-29,227.88456785132655
2021-06-30,228.46651285587492
2021-07-01,230.08029909579298
2021-07-02,230.6320451054704
2021-07-06,228.6343806018157
2021-07-07,229.09984327916163
2021-07-08,226.68035297134543
2021-07-09,230.3835153772214
2021-07-12,230.99888989446325
2021-07-13,228.82356730903822
2021-07-14,228.4852973716731
2021-07-15,227.8528273707385
2021-07-16,225.92709825141355
2021-07-19,221.6984768192474
2021-07-20,226.10456330983598
2021-07-21,228.52990445708303
2021-07-22,227.77585944885715
2021-07-23,229.57976041015124
2021-07-26,230.42839116855728
2021-07-27,229.95772258974213
2021-07-28,230.0014197017939
2021-07-29,231.69201062950296
2021-07-30,231.02316605637014
2021-08-02,230.6068876046193
2021-08-03,232.399693104021
2021-08-04,230.14959559794752
2021-08-05,232.01137291300486
2021-08-06,233.15251258618204
2021-08-09,232.51466040596102
2021-08-10,233.69013777151446
2021-08-11,235.3685478465703
2021-08-12,235.22310800603225
2021-08-13,235.08112728844586
2021-08-16,235.103007575632
2021-08-17,233.16651406940264
2021-08-18,230.74916885424923
2021-08-19,230.12325550139994
2021-08-20,231.7859739259235
2021-08-23,233.60988434922024
2021-08-24,234.76423807279568
2021-08-25,236.05723603157094
2021-08-26,234.2565217007548
2021-08-27,236.89527260322848
2021-08-30,236.37310773804526
2021-08-31,236.5118820084722
2021-09-01,236.5246169946884
2021-09-02,238.134584059932
2021-09-03,237.25349810186626
2021-09-07,235.21634694271958
2021-09-08,235.05203375487721
2021-09-09,234.44760575818947
2021-09-10,232.77265864279838
2021-09-13,233.818063474813
2021-09-14,231.93930741167463
2021-09-15,234.11491986485893
2021-09-16,233.62392545176658
2021-09-17,231.74313687248318
2021-09-20,228.17123482892657
2021-09-21,227.35193049140145
2021-09-22,229.97119180685797
2021-09-23,233.31050460019284
2021-09-24,233.60785496894133
2021-09-27,234.2525296158356
2021-09-28,230.79607832945513
2021-09-29,231.24500114561562
2021-09-30,227.58111385351637
2021-10-01,230.48344224642963
2021-10-04,228.93939860743217
2021-10-05,230.74942839417997
2021-10-06,230.9691650731216
2021-10-07,232.969658172526
2021-10-08,232.3548303561719
2021-10-11,230.9912270050828
2021-10-12,231.07704634507184
2021-10-13,231.49430764718997
2021-10-14,235.5006307235235
2021-10-15,236.2723422813667
2021-10-18,236.43272082255032
2021-10-19,237.79859009797906
2021-10-20,239.63757306375052
2021-10-21,239.98433512906217
2021-10-22,240.6578197413296
2021-10-25,241.11583929034188
2021-10-26,240.65744507675316
2021-10-27,237.53666693068095
2021-10-28,240.03779788265638
2021-10-29,239.53323862371855
2021-11-01,241.48488575883349
2021-11-02,242.21788888964215
2021-11-03,243.71191719626424
2021-11-04,243.138706288587
2021-11-05,244.98235036768804
2021-11-08,245.32532134471018
2021-11-09,245.30102546961302
2021-11-10,243.82120683911106
2021-11-11,244.38622138018079
2021-11-12,245.59424571815427
2021-11-15,246.01680030297825
2021-11-16,246.33573244217249
2021-11-17,244.98777061500957
2021-11-18,244.02906478090367
2021-11-19,242.50252189000818
2021-11-22,242.92644885238605
2021-11-23,243.8068634789523
2021-11-24,243.86580497192136
2021-11-26,237.76702667903916
2021-11-29,239.6110157103577
2021-11-30,233.43312765623097
2021-12-01,230.27598512370005
2021-12-02,235.91481873488038
2021-12-03,234.84171218370554
2021-12-06,238.3864198702667
2021-12-07,242.28273742936565
2021-12-08,243.1338456200287
2021-12-09,241.33289301043501
2021-12-10,242.71728538050778
2021-12-13,240.93674971791725
2021-12-14,239.59336402491795
2021-12-15,242.29257774415174
2021-12-16,241.98725436755373
2021-12-17,239.7334109127184
2021-12-20,236.43707071434196
2021-12-21,241.26172596038623
2021-12-22,242.9981579842072
2021-12-23,244.64580308762297
2021-12-27,247.7343271894782
2021-12-28,248.11204440560545
2021-12-29,248.8363598113585
2021-12-30,248.46571443418864
2021-12-31,248.54119739423626
2022-01-03,248.82236554411702
2022-01-04,250.87311935592848
2022-01-05,246.8253284241303
2022-01-06,247.4730141520191
2022-01-07,246.96947822413705
2022-01-10,245.74072712689943
2022-01-11,248.05708682364437
2022-01-12,248.30704839131454
2022-01-13,246.97259329701058
2022-01-14,246.53580887104818
2022-01-18,242.4258210689786
2022-01-19,239.99289784505575
2022-01-20,236.985328671052
2022-01-21,233.47320300902874
2022-01-24,235.22069805157585
2022-01-25,232.7095941063226
2022-01-26,231.02739663326423
2022-01-27,229.4789773557603
2022-01-28,233.5510132847254
2022-01-31,237.6609806623495
2022-02-01,239.4736863274585
2022-02-02,241.17668582829276
2022-02-03,237.68524787356392
2022-02-04,237.49580231753984
2022-02-07,237.68537331800746
2022-02-08,239.95617750399754
2022-02-09,244.2285946793337
2022-02-10,240.22827529241863
2022-02-11,236.76026199922435
2022-02-14,234.83612698358527
2022-02-15,238.5400836145249
2022-02-16,239.1756406486437
2022-02-17,234.87472978854856
2022-02-18,233.8268219654699
2022-02-22,231.57196224645998
2022-02-23,227.77149908151148
2022-02-24,230.36552737036217
2022-02-25,236.6499586300348
2022-02-28,235.23319666424237
2022-03-01,230.88493389921993
2022-03-02,236.07061569469462
2022-03-03,235.39764571571968
2022-03-04,233.48237612965778
2022-03-07,226.26672484533998
2022-03-08,225.15475631509074
2022-03-09,230.45987746593622
2022-03-10,229.74135820743567
2022-03-11,227.1358352129646
2022-03-14,226.3822810825765
2022-03-15,230.36455466607345
2022-03-16,235.39741126949107
2022-03-17,238.28869628104155
2022-03-18,240.29252044646344
2022-03-21,239.69907829043103
2022-03-22,241.58188075061955
2022-03-23,238.26846463508565
2022-03-24,241.09991629010503
2022-03-25,242.79447035094245
2022-03-28,243.36427678687718
2022-03-29,247.32378559464925
2022-03-30,245.47651815920372
2022-03-31,241.98678736459283
2022-04-01,242.88751792839926
2022-04-04,243.4131543449539
2022-04-05,240.8289317933334
2022-04-06,239.6035255188571
2022-04-07,240.2738222127807
2022-04-08,240.78171204037423
2022-04-11,238.5196067227438
2022-04-12,237.81016135968733
2022-04-13,240.5231282782822
2022-04-14,238.83437368143393
2022-04-18,238.27906523019305
2022-04-19,242.61818622946794
2022-04-20,244.126288802839
2022-04-21,240.51454434363026
2022-04-22,233.98345394776698
2022-04-25,234.75188574001882
2022-04-26,229.07996206473572
2022-04-27,229.43405912972176
2022-04-28,233.64640641300963
2022-04-29,226.55053782575933
2022-05-02,227.2501431572813
2022-05-03,229.1641164034139
2022-05-04,235.58562695486864
2022-05-05,228.30199312819286
2022-05-06,225.94821214284653
2022-05-09,219.2586158076176
2022-05-10,218.7389220053319
2022-05-11,215.8244997016352
2022-05-12,216.8857722569338
2022-05-13,222.12473542069816
2022-05-16,221.1243079728972
2022-05-17,225.98672849686068
2022-05-18,217.32763960541058
2022-05-19,216.902856084449
2022-05-20,217.0555889582639
2022-05-23,220.04042956654806
2022-05-24,218.35960017524303
2022-05-25,221.06241514920595
2022-05-26,225.9818623547427
2022-05-27,231.2661552522376
2022-05-31,229.18574726013844
2022-06-01,226.72128385863908
2022-06-02,230.96521043572292
2022-06-03,228.15711699194688
2022-06-06,228.91079562737286
2022-06-07,231.0691849362889
2022-06-08,227.76173797315386
2022-06-09,222.58761655174447
2022-06-10,216.50509095492578
2022-06-13,207.5727582913903
2022-06-14,206.45457491348844
2022-06-15,208.8045862397794
2022-06-16,201.1853857756087
2022-06-17,201.96652738579516
2022-06-21,205.51808779047937
2022-06-22,205.34370449900737
2022-06-23,207.00198903408378
2022-06-24,213.74720017728893
2022-06-27,213.64926877949938
2022-06-28,210.45417716503323
2022-06-29,209.1910912463155
2022-06-30,207.72336594654584
2022-07-01,210.32378316347305
2022-07-05,209.75169627682874
2022-07-06,209.7687745339667
2022-07-07,212.95525393899246
2022-07-08,212.1515539009735
2022-07-11,210.12672452515048
2022-07-12,209.17596456352035
2022-07-13,208.04837100837386
2022-07-14,206.3057102063354
2022-07-15,210.40321630748494
2022-07-18,209.53959902475285
2022-07-19,215.82844451724125
2022-07-20,217.18290021357365
2022-07-21,218.693355402469
2022-07-22,217.38005339152733
2022-07-25,218.18085920814534
2022-07-26,216.40823855156796
2022-07-27,220.73422833416805
2022-07-28,224.11668198423956
2022-07-29,226.13439214053463
2022-08-01,225.6322234493536
2022-08-02,224.10587286224342
2022-08-03,226.3105865927656
2022-08-04,225.72139089490088
2022-08-05,226.0661618488615
2022-08-08,226.80594247995455
2022-08-09,225.56770291626933
2022-08-10,230.492991473867
2022-08-11,231.5989649116278
2022-08-12,235.32108669501005
2022-08-15,235.7174835073183
2022-08-16,236.5227769591735
2022-08-17,234.23976448977345
2022-08-18,235.08114616831492
2022-08-19,232.0613020218883
2022-08-22,227.03683836255746
2022-08-23,226.78305668808076
2022-08-24,227.8997766922646
2022-08-25,231.34594317239313
2022-08-26,223.85105868494887
2022-08-29,222.61397919796624
2022-08-30,220.2773411016943
2022-08-31,218.6284776530039
2022-09-01,218.8832514121074
2022-09-02,217.22773296909762
2022-09-06,216.52975904324876
2022-09-07,221.354833346469
2022-09-08,223.29500628363823
2022-09-09,226.53510223033953
2022-09-12,228.5787588037493
2022-09-13,219.54820876469572
2022-09-14,219.49868308349818
2022-09-15,217.80041890750152
2022-09-16,215.50542713382066
2022-09-19,217.18208083459365
2022-09-20,213.60486993373092
2022-09-21,210.1046205955757
2022-09-22,206.9865499650633
2022-09-23,203.47220686628904
2022-09-26,200.40439817577973
2022-09-27,199.82458064668072
2022-09-28,204.60703696609775
2022-09-29,200.59902590743442
2022-09-30,198.30094376802063
2022-10-03,204.1373586819244
2022-10-04,211.22838323543735
2022-10-05,210.3138902681872
2022-10-06,207.85122762108008
2022-10-07,202.81152186679452
2022-10-10,201.47419026770436
2022-10-11,200.5563107940711
2022-10-12,199.50592777260275
2022-10-13,204.29579129395947
2022-10-14,199.59559003651714
2022-10-17,204.28315213677612
2022-10-18,207.235961129731
2022-10-19,204.7519144980595
2022-10-20,202.50476319169258
2022-10-21,207.04284417310936
2022-10-24,209.23461051064666
2022-10-25,213.51132537885152
2022-10-26,213.8190209406696
2022-10-27,213.86668857079377
2022-10-28,218.44546181728876
2022-10-31,217.38404782141527
2022-11-01,217.87314191438244
2022-11-02,212.48543689688736
2022-11-03,211.15099980792883
2022-11-04,214.5060447998842
2022-11-07,216.19650059858745
2022-11-08,217.6185675143546
2022-11-09,213.64491912223417
2022-11-10,225.7619035853292
2022-11-11,228.1311393055035
2022-11-14,225.46055686249505
2022-11-15,227.72172200195496
2022-11-16,225.19022583808322
2022-11-17,223.89407748397116
2022-11-18,225.60719438325566
2022-11-21,225.5062180996525
2022-11-22,228.5187582815196
2022-11-23,229.5715368644341
2022-11-25,230.15379553852813
2022-11-28,226.30564290789943
2022-11-29,227.11373649728625
2022-11-30,232.79284281251412
2022-12-01,233.01329698139918
2022-12-02,232.86280274276885
2022-12-05,228.24239128190518
2022-12-06,225.593787400651
2022-12-07,225.21031800821203
2022-12-08,226.6372066571939
2022-12-09,225.0498537276497
2022-12-12,228.39979257094825
2022-12-13,230.11120360522145
2022-12-14,228.58799123537935
2022-12-15,223.52396297101808
2022-12-16,220.93470901840823
2022-12-19,218.9152134603077
2022-12-20,219.1284339859844
2022-12-21,222.44944516361053
2022-12-22,220.01770616803663
2022-12-23,221.54742774643532
2022-12-27,221.57301268047794
2022-12-28,218.52721709568175
2022-12-29,222.49867170960817
2022-12-30,221.56871992706573
2023-01-03,221.32152899497075
2023-01-04,224.85606095082017
2023-01-05,222.48225291573345
2023-01-06,227.81969744031667
2023-01-09,227.89052516549052
2023-01-10,229.539915661784
2023-01-11,232.33138819721194
2023-01-12,233.1569184288306
2023-01-13,233.7101284381304
2023-01-17,233.22981195535965
2023-01-18,229.63835968051905
2023-01-19,227.25242181927098
2023-01-20,231.32745454357922
2023-01-23,234.16100771486512
2023-01-24,233.71998234185781
2023-01-25,234.19223109244166
2023-01-26,236.0525529371712
2023-01-27,236.41538869010895
2023-01-30,233.99632593962733
2023-01-31,237.9611977128529
2023-02-01,240.36218213303974
2023-02-02,242.8367230764609
2023-02-03,240.04773080642224
2023-02-06,238.34116394885197
2023-02-07,240.55735954297776
2023-02-08,238.1857936024207
2023-02-09,236.05188093615558
2023-02-10,236.91019602428932
2023-02-13,239.48253110775073
2023-02-14,239.01135890711362
2023-02-15,240.13301413565708
2023-02-16,237.4501516000556
2023-02-17,237.06550251344626
2023-02-21,232.02420787020688
2023-02-22,231.71879425326105
2023-02-23,232.60168205965195
2023-02-24,230.58653408312034
2023-02-27,230.84756479121833
2023-02-28,230.1852831580885
2023-03-01,229.58207584449605
2023-03-02,231.42249171720303
2023-03-03,234.55264584799087
2023-03-06,233.4784364541937
2023-03-07,229.68154149075758
2023-03-08,230.1623373729725
2023-03-09,225.1599489935184
2023-03-10,220.42934471656397
2023-03-13,218.1288498927188
2023-03-14,221.13298288750997
2023-03-15,217.80386309194597
2023-03-16,220.6973979248047
2023-03-17,216.8122073346221
2023-03-20,219.45636927945648
2023-03-21,222.56207788695215
2023-03-22,217.58057772993627
2023-03-23,216.82110138113111
2023-03-24,218.52983888816513
2023-03-27,220.12953421154836
2023-03-28,219.75341285446197
2023-03-29,223.1047584596319
2023-03-30,224.1431317129738
2023-03-31,227.52367387466157
2023-04-03,227.75407770280233
2023-04-04,225.39327744666545
2023-04-05,224.85573846628566
2023-04-06,225.05101533259167
2023-04-10,226.5371792468307
2023-04-11,227.99597047063872
2023-04-12,226.79407465295293
2023-04-13,228.63809534407005
2023-04-14,227.5533484536886
2023-04-17,229.1523080674097
2023-04-18,229.19701818110164
2023-04-19,229.30032963089087
2023-04-20,228.04768664268718
2023-04-21,228.0090074721762
2023-04-24,228.4952802780189
2023-04-25,224.29694003157877
2023-04-26,221.90562616591725
2023-04-27,225.59328734978573
2023-04-28,227.98816723408814
2023-05-01,227.84222549808388
2023-05-02,224.31695893616072
2023-05-03,222.49756249592392
2023-05-04,220.28548591330716
2023-05-05,224.22537868228474
2023-05-08,223.79980171916503
2023-05-09,222.83090658632676
2023-05-10,222.75081820322103
2023-05-11,221.59516846209277
2023-05-12,221.6498670421456
2023-05-15,223.08510316666244
2023-05-16,219.83340001176904
2023-05-17,222.88598407939895
2023-05-18,224.62940647452237
2023-05-19,224.0234568606373
2023-05-22,224.56487359920325
2023-05-23,222.25808172494493
2023-05-24,219.6983856266123
2023-05-25,219.5508921160228
2023-05-26,221.3521062955334
2023-05-30,220.91491843521484
2023-05-31,218.92707520825587
2023-06-01,220.62370795143627
2023-06-02,225.63058122899855
2023-06-05,224.8052898289638
2023-06-06,226.45971594677889
2023-06-07,228.32637973486635
2023-06-08,228.3671051834915
2023-06-09,227.92520073486745
2023-06-12,229.4046644833814
2023-06-13,231.69231899063672
2023-06-14,231.1339537932514
2023-06-15,233.87961442571353
2023-06-16,233.64903972989381
2023-06-20,231.55646681737227
2023-06-21,231.27102215357465
2023-06-22,230.27163911338076
2023-06-23,228.30063653222865
2023-06-26,229.6823322761704
2023-06-27,232.49062121818662
2023-06-28,232.03416543682383
2023-06-29,233.8849448566274
2023-06-30,236.05942230115397
2023-07-03,236.81726710583695
2023-07-05,235.66339567824323
2023-07-06,233.73609294008799
2023-07-07,234.3276361461534
2023-07-10,236.33687393053438
2023-07-11,238.9908525202336
2023-07-12,240.10354810427023
2023-07-13,241.33380759702348
2023-07-14,239.87223480331429
2023-07-17,240.37184641903798
2023-07-18,241.8305027243879
2023-07-19,243.05392062939472
2023-07-20,242.8900763068531
2023-07-21,243.31724902713654
2023-07-24,243.89994630378754
2023-07-25,244.13517059709653
2023-07-26,244.60674780235107
2023-07-27,242.50525842022154
2023-07-28,243.7450399105992
2023-07-31,244.46716488747498
2023-08-01,243.56509977210794
2023-08-02,241.2583351236652
2023-08-03,240.1356846368823
2023-08-04,239.01010806975611
2023-08-07,241.02308633138014
2023-08-08,239.8138478408991
2023-08-09,239.23731534806404
2023-08-10,238.93718185793963
2023-08-11,238.97390820377845
2023-08-14,238.9659306794282
2023-08-15,235.7315423822326
2023-08-16,234.07475118976598
2023-08-17,232.31095478533518
2023-08-18,232.605256057155
2023-08-21,232.62098831303354
2023-08-22,231.7910968990065
2023-08-23,233.74921355193845
2023-08-24,231.48224304268797
2023-08-25,232.64761616763724
2023-08-28,234.34036832543217
2023-08-29,237.0398380823722
2023-08-30,237.7266355728612
2023-08-31,236.9088651666932
2023-09-01,237.67892753122354
2023-09-05,234.87051995300564
2023-09-06,234.07781426596816
2023-09-07,233.0317747176167
2023-09-08,233.14742093961425
2023-09-11,233.53142854287472
2023-09-12,233.22442946002622
2023-09-13,232.360306879656
2023-09-14,235.09403619845466
2023-09-15,233.14309278545096
2023-09-18,232.63956952662136
2023-09-19,232.21850986945742
2023-09-20,231.2236852264436
2023-09-21,227.30428101542802
2023-09-22,226.3733604334036
2023-09-25,226.94409216120354
2023-09-26,223.76080928068345
2023-09-27,223.89968844014916
2023-09-28,225.45629237462705
2023-09-29,224.92743506517604
2023-10-02,222.41471724953746
2023-10-03,219.73035629360538
2023-10-04,221.063095209689
2023-10-05,220.32076622422866
2023-10-06,222.20040716814844
2023-10-09,223.87596951674928
2023-10-10,225.67139418043516
2023-10-11,226.13563497108458
2023-10-12,223.13713471328583
2023-10-13,222.7239649334815
2023-10-16,225.55468312291447
2023-10-17,226.73720805211025
2023-10-18,223.11683353576512
2023-10-19,220.46524556711051
2023-10-20,217.65656380692775
2023-10-23,216.26973590163348
2023-10-24,217.72980348887754
2023-10-25,215.20578474761004
2023-10-26,214.90159157349603
2023-10-27,212.2895327075793
2023-10-30,213.90057913091206
2023-10-31,215.77454425472723
2023-11-01,216.40127913236782
2023-11-02,221.28185629217072
2023-11-03,225.04650078856952
2023-11-06,223.78560784747847
2023-11-07,223.3939816541947
2023-11-08,223.02359647305303
2023-11-09,221.02564998704835
2023-11-10,223.65275810999816
2023-11-13,223.22875816356023
2023-11-14,229.8795159336092
2023-11-15,231.08601578149742
2023-11-16,230.26282108845223
2023-11-17,231.38171573552296
2023-11-20,232.3819526260344
2023-11-21,231.94341655269454
2023-11-22,233.03343827908148
2023-11-24,233.79939886219958
2023-11-27,233.12987451710495
2023-11-28,233.0098112341253
2023-11-29,233.92644918063112
2023-11-30,235.84073637704822
2023-12-01,239.5393249268945
2023-12-04,239.60033252319644
2023-12-05,237.39598046364887
2023-12-06,237.58996462960755
2023-12-07,238.82617848593236
2023-12-08,239.5545823737859
2023-12-11,241.6713691572959
2023-12-12,242.04079792804538
2023-12-13,247.30562815957214
2023-12-14,250.71984006837755
2023-12-15,249.0812597518269
2023-12-18,249.34484585129252
2023-12-19,251.50191360996112
2023-12-20,247.23779147963796
2023-12-21,250.2738537151116
2023-12-22,251.10780693547085
2023-12-26,252.59973672689017
2023-12-27,252.90432417384147
2023-12-28,253.30348997710445
2023-12-29,252.39414245503204
2024-01-02,252.387691601308
2024-01-03,248.79313458460985
2024-01-04,248.46878244091377
2024-01-05,249.15260125978642
2024-01-08,251.80277324504965
2024-01-09,250.58633172429228
2024-01-10,250.98575187412942
2024-01-11,250.21351601604005
2024-01-12,249.74828616548115
2024-01-16,248.04382443114736
2024-01-17,246.0343445961707
2024-01-18,247.3300681983675
2024-01-19,249.26657561167605
2024-01-22,250.52962758980894
2024-01-23,250.79812731880983
2024-01-24,249.42076067849882
2024-01-25,251.89074361227142
2024-01-26,251.97835130953325
2024-01-29,253.55085647102618
2024-01-30,253.62759897749348
2024-01-31,250.3144533109763
2024-02-01,253.2774879114936
2024-02-02,252.99332914495923
2024-02-05,250.7146957273157
2024-02-06,252.2433735882093
2024-02-07,253.17209062616533
2024-02-08,253.79156948305115
2024-02-09,254.20110201206703
2024-02-12,255.90964461909243
2024-02-13,251.563229248192
2024-02-14,253.98009851205768
2024-02-15,257.0411561456879
2024-02-16,255.90808250806683
2024-02-20,255.18306773507624
2024-02-21,255.96995107719835
2024-02-22,258.4843582764985
2024-02-23,259.094274987919
2024-02-26,257.8610954093626
2024-02-27,259.030041776238
2024-02-28,259.09211269257014
2024-02-29,260.54315290132814
2024-03-01,261.9445035424448
2024-03-04,262.5194584521183
2024-03-05,261.1765801658845
2024-03-06,262.7780721801837
2024-03-07,264.8505015904104
2024-03-08,264.62400247631535
2024-03-11,265.25331609554615
2024-03-12,265.83100674260453
2024-03-13,265.9441006420169
2024-03-14,263.4808714205634
2024-03-15,263.0695986153386
2024-03-18,263.8741098883614
2024-03-19,265.44678932030484
2024-03-20,267.76698046131753
2024-03-21,269.6461660883997
2024-03-22,267.93894806084035
2024-03-25,267.33460570529894
2024-03-26,266.9437779861956
2024-03-27,271.3309952060823
2024-03-28,272.54539997971307
2024-04-01,270.85050939676273
2024-04-02,268.3594198049001
2024-04-03,268.6519668642449
2024-04-04,265.8814795379171
2024-04-05,267.59837929163575
2024-04-08,268.3274678217985
2024-04-09,269.5612302069898
2024-04-10,265.0277599529069
2024-04-11,264.72766205625106
2024-04-12,260.58794967898183
2024-04-15,258.26790334674
2024-04-16,256.8694791315591
2024-04-17,256.314935080283
2024-04-18,256.20513003001395
2024-04-19,257.1172947810994
2024-04-22,259.1542038384283
2024-04-23,261.4077771072934
2024-04-24,261.838215339955
2024-04-25,260.9983566287005
2024-04-26,261.32674268738253
2024-04-29,263.16256575476734
2024-04-30,259.2499206162348
2024-05-01,258.41292516875086
2024-05-02,260.03752637456364
2024-05-03,261.86750957479484
2024-05-06,263.9314472195284
2024-05-07,264.72784813184177
2024-05-08,264.5151444469494
2024-05-09,266.72372942342616
2024-05-10,267.19180596040036
2024-05-13,267.1402804171622
2024-05-14,268.30236271239914
2024-05-15,270.41117196206545
2024-05-16,270.01486682207945
2024-05-17,270.365971198561
2024-05-20,270.1302008901908
2024-05-21,269.8433075953679
2024-05-22,268.9603839915436
2024-05-23,265.0797472310583
2024-05-24,266.7773486568707
2024-05-28,264.73250107370393
2024-05-29,261.67092514161425
2024-05-30,262.81705870869604
2024-05-31,266.44659911992755
2024-06-03,265.15831262123106
2024-06-04,264.44527581426195
2024-06-05,266.05094797249313
2024-06-06,265.5673752870629
2024-06-07,264.7210407425417
2024-06-10,265.326964044959
2024-06-11,264.3374424708138
2024-06-12,265.7267872529229
2024-06-13,264.98560875191214
2024-06-14,263.30231135607187
2024-06-17,265.07936278141136
2024-06-18,265.6985450117279
2024-06-20,266.0521089229505
2024-06-21,266.53630415264587
2024-06-24,267.91339482183906
2024-06-25,266.0125841083185
2024-06-26,265.0577795514237
2024-06-27,265.31093867967786
2024-06-28,265.57842609843334
2024-07-01,263.49000084049493
2024-07-02,264.593985284133
2024-07-03,264.798599796331
2024-07-05,264.6127178193771
2024-07-08,265.11092643491963
2024-07-09,264.6443770796129
2024-07-10,267.0824410458406
2024-07-11,270.3398872665077
2024-07-12,272.46686032612416
2024-07-15,272.72234843186567
2024-07-16,277.53986505700794
2024-07-17,276.5739528977113
2024-07-18,274.1558238403237
2024-07-19,272.2717014279588
2024-07-22,274.65108306953704
2024-07-23,273.67114917919156
2024-07-24,270.44188381232937
2024-07-25,270.6370726341452
2024-07-26,274.5516855534153
2024-07-29,275.03771435432725
2024-07-30,276.2517325913726
2024-07-31,277.9051597511191
2024-08-01,274.84550302758703
2024-08-02,269.85962335943316
2024-08-05,263.4463687966566
2024-08-06,266.3258741436379
2024-08-07,264.2325365715944
2024-08-08,269.4317236196672
2024-08-09,269.9575522204999
2024-08-12,268.6657966477603
2024-08-13,271.9045150240552
2024-08-14,272.4792273223704
2024-08-15,276.37685642106703
2024-08-16,277.061407034799
2024-08-19,279.24805753649315
2024-08-20,278.0329503639517
2024-08-21,280.1107329448219
2024-08-22,279.1737825510362
2024-08-23,282.8087675142867
2024-08-26,282.6194816685807
2024-08-27,282.6259951705884
2024-08-28,281.7156226191182
2024-08-29,282.7550586873669
2024-08-30,285.03942096063514
2024-09-03,281.0667693668716
2024-09-04,280.7316724404993
2024-09-05,279.0419991950518
2024-09-06,275.74448365110067
2024-09-09,278.543923912026
2024-09-10,278.5702430894267
2024-09-11,279.131837588455
2024-09-12,280.6849130966829
2024-09-13,283.49716417093873
2024-09-16,285.3950744961837
2024-09-17,285.9981964141812
2024-09-18,285.4682313570376
2024-09-19,288.74797433414886
2024-09-20,287.64599341642685
2024-09-23,289.07636834445395
2024-09-24,289.5832299477883
2024-09-25,287.63828190083524
2024-09-26,290.17739589146277
2024-09-27,291.3137020990742
2024-09-30,291.76389456647337
2024-10-01,290.12775713981944
2024-10-02,289.7819801497624
2024-10-03,288.4508624655027
2024-10-04,290.5743789264634
2024-10-07,288.20681380374975
2024-10-08,289.02579659517426
2024-10-09,291.0683438719644
2024-10-10,289.95436301137306
2024-10-11,292.81045894537135
2024-10-14,294.8204913772314
2024-10-15,293.7276561816738
2024-10-16,295.5988309923022
2024-10-17,295.0927453761758
2024-10-18,295.99962587880754
2024-10-21,293.47775989428976
2024-10-22,292.21771873585755
2024-10-23,291.2411634511932
2024-10-24,291.3472356229243
2024-10-25,290.04580932812894
2024-10-28,291.5881205078607
2024-10-29,290.63330786447324
2024-10-30,290.20502294193045
2024-10-31,287.0621537709617
2024-11-01,287.2633445081375
2024-11-04,287.64694098338884
2024-11-05,290.98064419530255
2024-11-06,297.3094966763146
2024-11-07,297.74842948503516
2024-11-08,299.1468981571225
2024-11-11,300.43180675348697
2024-11-12,298.1268384376665
2024-11-13,298.21038619528167
2024-11-14,295.9861293661349
2024-11-15,293.65754952490624
2024-11-18,295.02264887238937
2024-11-19,294.26554581752214
2024-11-20,295.1625080811758
2024-11-21,298.99719552178857
2024-11-22,301.3961965872809
2024-11-25,304.4026979565482
2024-11-26,304.23065265477885
2024-11-27,304.0774681664492
2024-11-29,304.9437688705667
2024-12-02,304.4008700497001
2024-12-03,303.0253077492735
2024-12-04,302.8810470571935
2024-12-05,301.31854343432263
2024-12-06,301.0137655515608
2024-12-09,300.1702816507089
2024-12-10,298.353807891191
2024-12-11,298.4421706221523
2024-12-12,297.38982708525657
2024-12-13,296.2727354594341
2024-12-16,295.04360664099653
2024-12-17,292.9680720667998
2024-12-18,284.594465898623
2024-12-19,283.3552953413898
2024-12-20,287.2440726493524
2024-12-23,287.8246364260386
2024-12-24,290.03133219510664
2024-12-26,290.3580298903805
2024-12-27,288.33875540401186
2024-12-30,285.58333029445845
2024-12-31,286.04920856235606
2025-01-02,285.2599342897354
2025-01-03,287.93148480170294
2025-01-06,287.8217162444383
2025-01-07,286.8721554008156
2025-01-08,287.2988145438476
2025-01-10,282.95759026475827
2025-01-13,285.35138517256667
2025-01-14,287.5861467980126
2025-01-15,290.35756080049765
2025-01-16,292.63951833983185
2025-01-17,294.07485785229363
2025-01-21,297.51986121496583
2025-01-22,296.3957088259085
2025-01-23,297.8227341767741
2025-01-24,297.6186953732837
2025-01-27,298.123672694793
2025-01-28,296.7148972742849
2025-01-29,295.7159135667781
2025-01-30,298.7762111777811
2025-01-31,296.59380950748937
2025-02-03,294.72124828548215
2025-02-04,295.1580873229061
2025-02-05,296.52105922143284
2025-02-06,296.15771923010874
2025-02-07,294.6759459115609
2025-02-10,295.6434786015296
2025-02-11,295.6093638304401
2025-02-12,293.94061027119346
2025-02-13,296.427427184096
2025-02-14,296.2163427696084
2025-02-18,298.48381320674264
2025-02-19,299.15402984593464
2025-02-20,298.3723992658461
2025-02-21,294.27585747260144
2025-02-24,294.58992014220524
2025-02-25,295.00565240749035
2025-02-26,294.4442302463507
2025-02-27,291.7522604791041
2025-02-28,295.0017646852447
2025-03-03,291.6431359194557
2025-03-04,287.0516631879056
2025-03-05,290.0311027885139
2025-03-06,286.84874687655366
2025-03-07,289.54631978726684
2025-03-10,285.26169844481393
2025-03-11,281.612431956389
2025-03-12,280.5222027904809
2025-03-13,277.54630889965927
2025-03-14,283.1266749028192
2025-03-17,286.9182546459098
2025-03-18,285.3109073263762
2025-03-19,287.50233461085514
2025-03-20,286.3941716313148
2025-03-21,285.103718815802
2025-03-24,289.5467791314702
2025-03-25,288.77672410120465
2025-03-26,288.33408644656015
2025-03-27,287.541350850788
2025-03-28,283.21962656104637
2025-03-31,285.4386260939551
2025-04-01,285.77048286006004
2025-04-02,288.35310076874725
2025-04-03,274.39590065956554
2025-04-04,258.90938985221237
2025-04-07,257.0687516574031
2025-04-08,252.0161856450444
2025-04-09,272.8284344955768
2025-04-10,263.60584997665336
2025-04-11,267.662461502924
2025-04-14,271.03179486473715
2025-04-15,270.18680269983975
2025-04-16,266.4594899187228
2025-04-17,268.55742992143047
2025-04-21,263.10482011678056
2025-04-22,269.77489668012936
2025-04-23,272.531862425384
2025-04-24,277.3097233396452
2025-04-25,276.91896236640144
2025-04-28,277.77706576215604
2025-04-29,279.28156173470495
2025-04-30,279.73287452982294
2025-05-01,279.3435164910488
2025-05-02,284.26137791215024
2025-05-05,283.08808688354054
2025-05-06,281.05936885158826
2025-05-07,282.7989805334782
2025-05-08,285.34005221474325
2025-05-09,285.3400197902104
2025-05-12,293.5106301541803
2025-05-13,293.99002572055787
2025-05-14,292.1050328344892
2025-05-15,294.8140536136672
2025-05-16,297.7797635863979
2025-05-19,297.8110373355528
2025-05-20,296.9044441815115
2025-05-21,290.46423602892
2025-05-22,289.5026865356046
2025-05-23,288.3966937412309
2025-05-27,293.6531286581966
2025-05-28,291.0561171596423
2025-05-29,292.0741103485447
2025-05-30,292.0162975700824
2025-06-02,292.0302651017495
2025-06-03,294.4053763886578
2025-06-04,293.7388359847338
2025-06-05,293.0328641054933
2025-06-06,295.6273499006986
2025-06-09,295.7829872084984
2025-06-10,297.53918429843816
2025-06-11,296.5561960743221
2025-06-12,297.2992513533518
2025-06-13,293.60081662394526
2025-06-16,296.3073952315834
2025-06-17,293.25578694419113
2025-06-18,293.25437938500045
2025-06-20,293.7832644831662
2025-06-23,296.2914767678312
2025-06-24,299.08018926954634
2025-06-25,296.83353281731075
2025-06-26,299.09681459243
2025-06-27,300.32132174111763
2025-06-30,301.8272968207794
2025-07-01,305.325727313553
2025-07-02,306.0359608735138
2025-07-03,307.60035794242475
2025-07-07,304.9560259262001
2025-07-08,305.8260951952788
2025-07-09,306.7788952893486
2025-07-10,308.5428193478813
2025-07-11,306.204182312126
2025-07-14,306.47195974157086
2025-07-15,302.24068321377064
2025-07-16,303.4698806276944
2025-07-17,305.6714477386192
2025-07-18,305.6760509404943
2025-07-21,304.62947411809034
2025-07-22,308.6455358449265
2025-07-23,310.9934938356049
2025-07-24,309.890027851422
2025-07-25,311.4135966094243
2025-07-28,309.58905619727227
2025-07-29,309.35541064210935
2025-07-30,307.3097878209852
2025-07-31,304.40134765721456
2025-08-01,301.21677576203587
2025-08-04,304.83341863523935
2025-08-05,303.91715021317054
2025-08-06,303.2666897260614
2025-08-07,303.09568666223663
2025-08-08,303.58514805499567
2025-08-11,302.6082339570244
2025-08-12,306.7396103733042
2025-08-13,311.2218472840463
2025-08-14,309.31677550978134
2025-08-15,308.70797914606476
2025-08-18,308.6720730198291
2025-08-19,310.2719481566025
2025-08-20,310.1513615908239
2025-08-21,309.1184931951051
2025-08-22,315.11850229882094
2025-08-25,312.6125549606033
2025-08-26,312.77594077802735
2025-08-27,313.9099685582954
2025-08-28,313.69471990996107
2025-08-29,313.5009726369211
2025-09-02,311.2082192969423
2025-09-03,310.66350081794354
2025-09-04,312.82234480615733
2025-09-05,313.24261136660607
2025-09-08,313.087261370032
2025-09-09,312.13670929658247
2025-09-10,311.4559398490864
2025-09-11,316.3000808752908
2025-09-12,313.8470661970264
2025-09-15,313.0892086680727
2025-09-16,312.42443597276343
2025-09-17,312.85053646586493
2025-09-18,314.7417354349193
2025-09-19,313.9959751698941
2025-09-22,314.17813524126126
2025-09-23,314.49423089960055
2025-09-24,313.8820781765641
2025-09-25,311.148758273802
2025-09-26,314.3317499001226
2025-09-29,315.21716215021814
2025-09-30,316.062844270707
2025-10-01,316.5645800719735
2025-10-02,317.30285397658656
2025-10-03,318.46885489546816
2025-10-06,318.2765194668657
2025-10-07,316.8930591787549
2025-10-08,317.83462896637093
2025-10-09,315.22616861846234
2025-10-10,308.2823609867899
2025-10-13,311.39358496834086
2025-10-14,314.15368604221146
2025-10-15,314.5676913489086
2025-10-16,311.6843412761531
2025-10-17,313.26781678654567
2025-10-20,316.35818928022013
2025-10-21,317.94327265843197
2025-10-22,316.4294462596513
2025-10-23,317.8857220801158
2025-10-24,318.6039958988521
2025-10-27,320.1064194130267
2025-10-28,317.133735441641
2025-10-29,313.27236551709643
2025-10-30,312.13851671335345
2025-10-31,312.8273227959596
2025-11-03,311.7837870514865
2025-11-04,310.0634339004519
2025-11-05,311.77798843075163
2025-11-06,309.4523806643457
2025-11-07,312.4454494799137
2025-11-10,313.85803250438954
2025-11-11,315.81746567082274
2025-11-12,316.60127502665586
2025-11-13,313.09250890633444
2025-11-14,312.0901220063485
2025-11-17,307.8678199024687
2025-11-18,307.89911448631074
2025-11-19,306.97948076675624
2025-11-20,303.6232528470012
2025-11-21,309.70923516946243
2025-11-24,310.80421659363907
2025-11-25,315.3387518883698
2025-11-26,317.3395918884159
2025-11-28,318.9890746986283
2025-12-01,316.9961819728751
2025-12-02,316.77213625135056
2025-12-03,319.2483185040112
2025-12-04,319.3781735223651
2025-12-05,319.93664209046267
2025-12-08,317.9555988123146
2025-12-09,317.27800895596454
2025-12-10,321.4927304444526
2025-12-11,324.26153522242976
2025-12-12,322.60591372333676
2025-12-15,322.91782914221073
2025-12-16,320.6805364592188
2025-12-17,319.9806594235247
2025-12-18,320.4880920231731
2025-12-19,321.42483371352085
2025-12-22,323.83576324771315
2025-12-23,323.02303358483243
2025-12-24,324.24949531168073
2025-12-26,324.3019096337805
2025-12-29,323.74362098728443
2025-12-30,323.28171864545163
2025-12-31,320.5534995691025
2026-01-02,322.8785793844714
2026-01-05,325.826063366398
2026-01-06,329.73198551018623
2026-01-07,325.9634623090168
2026-01-08,328.923088117339
2026-01-09,330.7946177427693
2026-01-12,331.0322318331754
2026-01-13,331.07583035433095
2026-01-14,332.3663644092072
2026-01-15,333.91323319677286
2026-01-16,332.9088298934757
2026-01-20,327.8826930985151
2026-01-21,333.1565859431935
2026-01-22,333.8410774634119
2026-01-23,332.4542299876692
2026-01-26,333.3078712546464
2026-01-27,332.7038062063034
2026-01-28,331.53309347062697
2026-01-29,331.8286462044716
2026-01-30,331.0386224041129
2026-02-02,332.4923873381229
2026-02-03,331.114139216075
2026-02-04,334.27397286642497
2026-02-05,330.9598820172304
2026-02-06,337.18611699597767
2026-02-09,337.5298519633865
2026-02-10,338.6642591839077
2026-02-11,338.7674847688167
2026-02-12,333.7504720251709
2026-02-13,337.4832676539032
2026-02-17,336.7732149607242
2026-02-18,338.96222536897875
2026-02-19,337.93456773038463
2026-02-20,339.44033530381245
2026-02-23,335.01387136620843
2026-02-24,337.866776993149
2026-02-25,338.3465658633314
2026-02-26,341.0536032552738
2026-02-27,341.3180348813406
2026-03-02,340.706502819603
2026-03-03,337.1831526502706
2026-03-04,338.6196458660306
2026-03-05,335.7168961001952
2026-03-06,331.54899381401873
2026-03-09,332.2998666188904
2026-03-10,329.27586052847175
2026-03-11,327.9516319780506
2026-03-12,322.61831674932165
2026-03-13,322.5996789754852
2026-03-16,324.8551698734033
2026-03-17,326.6142758469213
2026-03-18,322.15196441366334
2026-03-19,321.840204455165
2026-03-20,317.3901709144342
2026-03-23,320.8632747851348
2026-03-24,320.95732140368614
2026-03-25,322.4255377898506
2026-03-26,319.8156529781145
2026-03-27,315.4229174501184
2026-03-30,315.00421651842873
2026-03-31,321.54020338433213
2026-04-01,322.63768449646767
2026-04-02,323.5978810375095
2026-04-06,325.0375982069522
2026-04-07,324.144623778071
2026-04-08,331.82618224161627
2026-04-09,331.87859569069514
2026-04-10,329.3123587422631
2026-04-13,333.28086548096053
2026-04-14,334.6525652920355
2026-04-15,334.90602443099147
2026-04-16,336.50438835538813
2026-04-17,340.60316939479657
2026-04-20,341.53290305402726
2026-04-21,339.37685503116336
2026-04-22,339.3073318064284
2026-04-23,339.00621732513775
2026-04-24,338.28165158619737
2026-04-27,337.64701105682326
2026-04-28,336.3588654826553
2026-04-29,335.4135696210047
2026-04-30,340.2129934318438
2026-05-01,339.1996804190133
2026-05-04,337.04746019241446
2026-05-05,339.36843289551354
2026-05-06,341.9560734492307
2026-05-07,340.21547462943596
2026-05-08,340.4166216273188
2026-05-11,339.5809688213567
2026-05-12,339.63342402590587
2026-05-13,337.71011980081835
2026-05-14,339.08473153373836
2026-05-15,335.79283287637327
2026-05-18,338.50206933511583
2026-05-19,336.63932500963716
2026-05-20,340.4118415009517
2026-05-21,341.5899013896138
2026-05-22,344.46835527797674
2026-05-26,345.41989694401934
2026-05-27,345.4559401935827
2026-05-28,346.71677497589735
2026-05-29,346.9486313988891
2026-06-01,347.26460064899885
2026-06-02,347.9121688848704
2026-06-03,346.28753814596837
2026-06-04,349.6204405711888
2026-06-05,346.4650877901314
2026-06-08,345.54281043328166
2026-06-09,348.8554318885591
